order_id,order_line,order_datetime,customer_id,customer_city,country_code,channel,product_id,product_name,category,quantity,unit_price,discount_pct,line_amount,status
O510821,1,2026-10-02 10:30:50,C100413,Trèves,DE,Magasin,P1020,Baskets running,Mode,2,119.00,0,238.00,Payée
O510822,1,2026-10-02 19:10:36,C100114,Bruxelles,BE,Mobile,P1007,Casque à réduction de bruit,Audio,1,279.00,20,223.20,Créée
O510822,2,2026-10-02 19:10:36,C100114,Bruxelles,BE,Mobile,P1003,Clavier mécanique,Informatique,1,89.00,10,80.10,Créée
O510823,1,2026-10-02 19:13:45,,Trèves,DE,Web,P1023,Bureau assis-debout,Bureau,2,449.00,0,898.00,Expédiée
O510823,2,2026-10-02 19:13:45,C100820,Trèves,DE,Web,P1008,Écouteurs sans fil,Audio,2,129.00,0,258.00,Expédiée
O510823,3,2026-10-02 19:13:45,C100820,Trèves,DE,Web,P1009,Enceinte Bluetooth,Audio,1,79.00,5,75.05,Expédiée
O510824,1,2026-10-02 17:45:08,C100535,Luxembourg,LU,Magasin,P1009,Enceinte Bluetooth,Audio,1,79.00,10,71.10,Payée
O510825,1,2026-10-02 08:44:47,C101248,Lyon,FR,Web,P1004,Souris sans fil,Informatique,1,29.00,0,29.00,Créée
O510825,2,2026-10-02 08:44:47,C101248,Lyon,FR,Web,P1020,Baskets running,Mode,1,119.00,0,119.00,Créée
O510826,1,2026-10-02 15:25:49,C101073,Genève,CH,Web,P1016,Tapis de yoga,Sport,3,25.00,0,75.00,Créée
O510826,2,2026-10-02 15:25:49,C101073,Genève,CH,Web,P1011,Machine à café à grains,Maison,1,499.00,0,499.00,Créée
O510827,1,2026-10-02 08:32:25,C100803,Strasbourg,FR,Web,P1004,Souris sans fil,Informatique,1,29.00,0,29.00,Payée
O510827,2,2026-10-02 08:32:25,C100803,Strasbourg,FR,Web,P1021,Veste imperméable,Mode,2,139.00,5,264.10,Payée
O510828,1,2026-10-02 18:55:11,C100722,Nancy,FR,Web,P1001,Ordinateur portable 14 pouces,Informatique,1,749.00,0,749.00,Payée
O510828,2,2026-10-02 18:55:11,C100722,Nancy,FR,Web,P1011,Machine à café à grains,Maison,1,499.00,0,499.00,Payée
O510828,3,2026-10-02 18:55:11,C100722,Nancy,FR,Web,P1021,Veste imperméable,Mode,1,139.00,0,139.00,Payée
O510829,1,2026-10-02 18:03:50,C101226,Trèves,DE,Magasin,P1017,Vélo d'appartement,Sport,1,399.00,10,359.10,Créée
O510829,2,2026-10-02 18:03:50,C101226,Trèves,DE,Magasin,P1022,Chaise ergonomique,Bureau,1,299.00,10,269.10,Créée
O510830,1,2026-10-02 21:49:12,C101269,Lyon,FR,Marketplace,P1011,Machine à café à grains,Maison,2,499.00,5,948.10,Payée
O510831,1,2026-10-02 17:28:11,C100065,Strasbourg,FR,Web,P1001,Ordinateur portable 14 pouces,Informatique,1,749.00,0,749.00,Payée
O510831,2,2026-10-02 17:28:11,C100065,Strasbourg,FR,Web,P1015,Montre connectée,Sport,3,229.00,0,687.00,Payée
O510832,1,2026-10-02 16:45:09,C100853,Dakar,SN,Magasin,P1003,Clavier mécanique,Informatique,1,89.00,0,89.00,Payée
O510832,2,2026-10-02 16:45:09,C100853,Dakar,SN,Magasin,P1015,Montre connectée,Sport,2,229.00,0,458.00,Payée
O510833,1,2026-10-02 21:11:08,C100038,Labé,GN,Web,P1015,Montre connectée,Sport,1,229.00,0,229.00,Payée
O510833,2,2026-10-02 21:11:08,C100038,Labé,GN,Web,P1023,Bureau assis-debout,Bureau,1,449.00,0,449.00,Payée
O510834,1,2026-10-02 08:08:15,C101266,Lyon,FR,Web,P1017,Vélo d'appartement,Sport,1,399.00,0,399.00,Payée
O510835,1,2026-10-02 17:22:21,C100363,Lyon,FR,Web,P1013,Friteuse sans huile,Maison,1,129.00,0,129.00,Expédiée
O510836,1,2026-10-02 13:19:01,C101138,Labé,GN,Marketplace,P1014,Lampe de bureau LED,Maison,1,45.00,5,42.75,Payée
O510837,1,2026-10-02 21:40:29,C101103,Esch-sur-Alzette,LU,Mobile,P1013,Friteuse sans huile,Maison,1,129.00,0,129.00,Payée
O510837,2,2026-10-02 21:40:29,C101103,Esch-sur-Alzette,LU,Mobile,P1015,Montre connectée,Sport,1,229.00,5,217.55,Payée
O510838,1,2026-10-02 13:49:06,C100996,Genève,CH,Web,P1010,Aspirateur robot,Maison,1,349.00,0,349.00,Payée
O510839,1,2026-10-02 16:08:00,C101188,Paris,FR,Marketplace,P1009,Enceinte Bluetooth,Audio,1,79.00,0,79.00,Payée
O510839,2,2026-10-02 16:08:00,C101188,Paris,FR,Marketplace,P1016,Tapis de yoga,Sport,1,25.00,0,25.00,Payée
O510839,3,2026-10-02 16:08:00,C101188,Paris,FR,Marketplace,P1008,Écouteurs sans fil,Audio,1,129.00,0,129.00,Payée
O510840,1,2026-10-02 06:50:18,C100190,Luxembourg,LU,Mobile,P1023,Bureau assis-debout,Bureau,3,449.00,0,1347.00,Payée
O510841,1,2026-10-02 13:48:34,C100004,Metz,FR,Web,P1003,Clavier mécanique,Informatique,1,89.00,0,89.00,Expédiée
O510841,2,2026-10-02 13:48:34,C100004,Metz,FR,Web,P1014,Lampe de bureau LED,Maison,1,45.00,0,45.00,Expédiée
O510841,3,2026-10-02 13:48:34,C100004,Metz,FR,Web,P1010,Aspirateur robot,Maison,1,349.00,0,349.00,Expédiée
O510842,1,2026-10-02 08:14:55,C101297,Metz,FR,Web,P1014,Lampe de bureau LED,Maison,1,45.00,10,40.50,Payée
O510842,2,2026-10-02 08:14:55,C101297,Metz,FR,Web,P1015,Montre connectée,Sport,1,229.00,0,229.00,Payée
O510842,3,2026-10-02 08:14:55,C101297,Metz,FR,Web,P1005,Station d'accueil USB-C,Informatique,1,149.00,10,134.10,Payée
O510842,4,2026-10-02 08:14:55,C101297,Metz,FR,Web,P1018,Gourde isotherme,Sport,1,22.00,5,20.90,Payée
O510843,1,2026-10-02 23:05:22,C100727,Luxembourg,LU,Mobile,P1009,Enceinte Bluetooth,Audio,1,79.00,0,79.00,Payée
O510843,2,2026-10-02 23:05:22,C100727,Luxembourg,LU,Mobile,P1001,Ordinateur portable 14 pouces,Informatique,1,749.00,10,674.10,Payée
O510844,1,2026-10-02 21:57:05,C101026,Sarrebruck,DE,Web,P1004,Souris sans fil,Informatique,1,29.00,5,27.55,Créée
O510845,1,2026-10-02 13:36:15,C100496,Paris,FR,Magasin,P1016,Tapis de yoga,Sport,2,25.00,10,45.00,Payée
O510845,2,2026-10-02 13:36:15,C100496,Paris,FR,Magasin,P1006,Disque SSD externe 1 To,Informatique,1,109.00,5,103.55,Payée
O510845,3,2026-10-02 13:36:15,C100496,Paris,FR,Magasin,P1014,Lampe de bureau LED,Maison,1,45.00,10,40.50,Payée
O510846,1,2026-10-02 13:04:27,C100903,Sarrebruck,DE,Web,P1023,Bureau assis-debout,Bureau,1,449.00,10,404.10,Payée
O510846,2,2026-10-02 13:04:27,C100903,Sarrebruck,DE,Web,P1014,Lampe de bureau LED,Maison,2,45.00,15,76.50,Payée
O510846,3,2026-10-02 13:04:27,C100903,Sarrebruck,DE,Web,P1024,Stylo plume,Bureau,1,35.00,0,35.00,Payée
O510847,1,2026-10-02 16:50:43,C100068,Nancy,FR,Marketplace,P1008,Écouteurs sans fil,Audio,1,129.00,10,116.10,Créée
O510847,2,2026-10-02 16:50:43,C100068,Nancy,FR,Marketplace,P1019,Sac à dos urbain,Mode,1,65.00,0,65.00,Créée
O510847,3,2026-10-02 16:50:43,C100068,Nancy,FR,Marketplace,P1012,Bouilloire inox,Maison,2,39.00,0,78.00,Créée
O510847,4,2026-10-02 16:50:43,C100068,Nancy,FR,Marketplace,P1021,Veste imperméable,Mode,2,139.00,0,278.00,Créée
O510848,1,2026-10-02 14:32:05,C100287,Metz,FR,Marketplace,P1008,Écouteurs sans fil,Audio,2,129.00,0,258.00,Payée
O510849,1,2026-10-02 19:08:02,C101259,Trèves,DE,Mobile,P1001,Ordinateur portable 14 pouces,Informatique,1,749.00,0,749.00,Payée
O510850,1,2026-10-02 21:44:40,C101049,Thionville,FR,Web,P1007,Casque à réduction de bruit,Audio,2,279.00,10,502.20,Payée
O510851,1,2026-10-02 06:43:25,C100056,Strasbourg,FR,Mobile,P1017,Vélo d'appartement,Sport,1,399.00,0,399.00,Créée
O510852,1,2026-10-02 23:02:52,C100743,Liège,BE,Web,P1002,Écran 27 pouces 4K,Informatique,2,389.00,0,778.00,Payée
O510852,2,2026-10-02 23:02:52,C100743,Liège,BE,Web,P1024,Stylo plume,Bureau,1,35.00,0,35.00,Payée
O510852,3,2026-10-02 23:02:52,C100743,Liège,BE,Web,P1007,Casque à réduction de bruit,Audio,3,279.00,0,837.00,Payée
O510852,4,2026-10-02 23:02:52,C100743,Liège,BE,Web,P1010,Aspirateur robot,Maison,1,349.00,0,349.00,Payée
O510853,1,2026-10-02 13:07:24,C101244,Strasbourg,FR,Mobile,P1007,Casque à réduction de bruit,Audio,2,279.00,0,558.00,Payée
O510854,1,2026-10-02 12:47:54,C100505,Bruxelles,BE,Web,P1016,Tapis de yoga,Sport,2,25.00,0,50.00,Payée
O510854,2,2026-10-02 12:47:54,C100505,Bruxelles,BE,Web,P1017,Vélo d'appartement,Sport,1,399.00,0,399.00,Payée
O510855,1,2026-10-02 08:59:51,C100803,Lyon,FR,Magasin,P1016,Tapis de yoga,Sport,1,25.00,10,22.50,Payée
O510855,2,2026-10-02 08:59:51,C100803,Lyon,FR,Magasin,P1014,Lampe de bureau LED,Maison,1,45.00,0,45.00,Payée
O510856,1,2026-10-02 20:03:18,C100663,Dakar,SN,Mobile,P1024,Stylo plume,Bureau,1,35.00,0,35.00,Expédiée
O510856,2,2026-10-02 20:03:18,C100663,Dakar,SN,Mobile,P1005,Station d'accueil USB-C,Informatique,1,149.00,0,149.00,Expédiée
O510857,1,2026-10-02 06:08:51,C100781,Esch-sur-Alzette,LU,Mobile,P1009,Enceinte Bluetooth,Audio,1,79.00,0,79.00,Payée
O510858,1,2026-10-02 10:03:31,C101277,Bruxelles,BE,Mobile,P1002,Écran 27 pouces 4K,Informatique,2,389.00,0,778.00,Créée
O510859,1,2026-10-02 20:25:29,C100434,Esch-sur-Alzette,LU,Web,P1024,Stylo plume,Bureau,1,35.00,0,35.00,Payée
O510860,1,2026-10-02 23:48:01,C101073,Strasbourg,FR,Mobile,P1004,Souris sans fil,Informatique,2,29.00,0,58.00,Payée
O510861,1,2026-10-02 22:23:21,C100855,Lille,FR,Magasin,P1003,Clavier mécanique,Informatique,3,89.00,0,267.00,Créée
O510862,1,2026-10-02 09:03:16,C100911,Metz,FR,Mobile,P1013,Friteuse sans huile,Maison,2,129.00,0,258.00,Payée
O510862,2,2026-10-02 09:03:16,C100911,Metz,FR,Mobile,P1005,Station d'accueil USB-C,Informatique,1,149.00,0,149.00,Payée
O510863,1,2026-10-02 15:07:51,C100088,Lyon,FR,Magasin,P1003,Clavier mécanique,Informatique,1,89.00,0,89.00,Payée
O510864,1,2026-10-02 09:46:09,C100304,Esch-sur-Alzette,LU,Web,P1012,Bouilloire inox,Maison,1,39.00,0,39.00,Payée
O510865,1,2026-10-02 07:16:10,C100692,Trèves,DE,Web,P1001,Ordinateur portable 14 pouces,Informatique,1,749.00,0,749.00,Payée
O510866,1,2026-10-02 14:36:07,C100625,Paris,FR,Web,P1022,Chaise ergonomique,Bureau,3,299.00,0,897.00,Créée
O510866,2,2026-10-02 14:36:07,C100625,Paris,FR,Web,P1003,Clavier mécanique,Informatique,3,89.00,0,267.00,Créée
O510866,3,2026-10-02 14:36:07,C100625,Paris,FR,Web,P1018,Gourde isotherme,Sport,1,0.00,15,0.00,Créée
O510866,4,2026-10-02 14:36:07,C100625,Paris,FR,Web,P1014,Lampe de bureau LED,Maison,1,45.00,0,45.00,Créée
O510867,1,2026-10-02 06:31:09,C100300,Luxembourg,LU,Marketplace,P1020,Baskets running,Mode,1,119.00,0,119.00,Payée
O510867,2,2026-10-02 06:31:09,C100300,Luxembourg,LU,Marketplace,P1018,Gourde isotherme,Sport,2,22.00,0,44.00,Payée
O510867,3,2026-10-02 06:31:09,C100300,Luxembourg,LU,Marketplace,P1011,Machine à café à grains,Maison,2,0.00,0,0.00,Payée
O510868,1,2026-10-02 11:57:25,C100135,Lyon,FR,Mobile,P1002,Écran 27 pouces 4K,Informatique,1,389.00,0,389.00,Payée
O510868,2,2026-10-02 11:57:25,C100135,Lyon,FR,Mobile,P1018,Gourde isotherme,Sport,2,22.00,0,44.00,Payée
O510869,1,2026-10-02 09:23:28,C100726,Nancy,FR,Web,P1015,Montre connectée,Sport,1,229.00,0,229.00,Expédiée
O510870,1,2026-10-02 19:20:53,C100281,Strasbourg,FR,Web,P1015,Montre connectée,Sport,1,229.00,0,229.00,Créée
O510871,1,2026-10-02 16:31:51,C100643,Metz,FR,Marketplace,P1008,Écouteurs sans fil,Audio,3,129.00,0,387.00,Créée
O510872,1,2026-10-02 14:36:28,C100739,Lyon,FR,Marketplace,P1012,Bouilloire inox,Maison,1,39.00,0,39.00,Expédiée
O510873,1,2026-10-02 15:53:48,C100599,Paris,FR,Marketplace,P1020,Baskets running,Mode,1,119.00,0,119.00,Expédiée
O510873,2,2026-10-02 15:53:48,C100599,Paris,FR,Marketplace,P1018,Gourde isotherme,Sport,1,22.00,0,22.00,Expédiée
O510874,1,2026-10-02 11:33:04,C100517,Genève,CH,Web,P1018,Gourde isotherme,Sport,1,22.00,0,22.00,Expédiée
O510874,2,2026-10-02 11:33:04,C100517,Genève,CH,Web,P1003,Clavier mécanique,Informatique,1,89.00,0,89.00,Expédiée
O510875,1,2026-10-02 14:33:54,C100409,Lille,FR,Mobile,P1004,Souris sans fil,Informatique,2,29.00,0,58.00,Créée
O510876,1,2026-10-02 09:22:14,C100361,Bruxelles,BE,Web,P1012,Bouilloire inox,Maison,1,39.00,0,39.00,Payée
O510877,1,2026-10-02 12:17:53,C100826,Luxembourg,LU,Web,P1018,Gourde isotherme,Sport,1,22.00,0,22.00,Payée
O510877,2,2026-10-02 12:17:53,C100826,Luxembourg,LU,Web,P1003,Clavier mécanique,Informatique,2,89.00,0,178.00,Payée
O510878,1,2026-10-02 10:29:59,C100722,Trèves,DE,Web,P1016,Tapis de yoga,Sport,1,25.00,0,25.00,Expédiée
O510878,2,2026-10-02 10:29:59,C100722,Trèves,DE,Web,P1014,Lampe de bureau LED,Maison,1,45.00,0,45.00,Expédiée
O510879,1,2026-10-02 15:14:49,C100292,Genève,CH,Marketplace,P1016,Tapis de yoga,Sport,2,25.00,0,50.00,Créée
O510880,1,2026-10-02 12:13:04,C100744,Luxembourg,LU,Web,P1006,Disque SSD externe 1 To,Informatique,2,109.00,0,218.00,Expédiée
O510880,2,2026-10-02 12:13:04,C100744,Luxembourg,LU,Web,P1021,Veste imperméable,Mode,3,139.00,0,417.00,Expédiée
O510880,3,2026-10-02 12:13:04,C100744,Luxembourg,LU,Web,P1023,Bureau assis-debout,Bureau,1,449.00,10,404.10,Expédiée
O510881,1,2026-10-02 07:12:36,C101027,Lyon,FR,Mobile,P1018,Gourde isotherme,Sport,1,22.00,0,22.00,Payée
O510882,1,2026-10-02 16:58:36,C100451,Liège,BE,Web,P1023,Bureau assis-debout,Bureau,2,449.00,0,898.00,Payée
O510883,1,2026-10-02 11:20:13,C100590,Esch-sur-Alzette,LU,Marketplace,P1003,Clavier mécanique,Informatique,1,89.00,0,89.00,Payée
O510884,1,2026-10-02 10:14:18,C100310,Esch-sur-Alzette,LU,Web,P1010,Aspirateur robot,Maison,1,349.00,0,349.00,Payée
O510885,1,2026-10-02 10:31:23,C100961,Sarrebruck,DE,Mobile,P1022,Chaise ergonomique,Bureau,2,299.00,0,598.00,Payée
O510885,2,2026-10-02 10:31:23,C100961,Sarrebruck,DE,Mobile,P1017,Vélo d'appartement,Sport,2,399.00,0,798.00,Payée
O510885,3,2026-10-02 10:31:23,C100961,Sarrebruck,DE,Mobile,P1016,Tapis de yoga,Sport,1,25.00,5,23.75,Payée
O510886,1,2026-10-02 08:52:52,C100927,Nancy,FR,Web,P1011,Machine à café à grains,Maison,2,499.00,10,898.20,Expédiée
O510886,2,2026-10-02 08:52:52,C100927,Nancy,FR,Web,P1008,Écouteurs sans fil,Audio,1,129.00,5,122.55,Expédiée
O510887,1,2026-10-02 10:04:45,C100451,Metz,FR,Web,P1010,Aspirateur robot,Maison,1,349.00,0,349.00,Payée
O510887,2,2026-10-02 10:04:45,C100451,Metz,FR,Web,P1007,Casque à réduction de bruit,Audio,1,279.00,10,251.10,Payée
O510888,1,2026-10-02 18:28:09,C101050,Strasbourg,FR,Web,P1001,Ordinateur portable 14 pouces,Informatique,1,749.00,10,674.10,Payée
O510889,1,2026-10-02 07:43:32,C100283,Thionville,FR,Mobile,P1005,Station d'accueil USB-C,Informatique,1,149.00,0,149.00,Payée
O510890,1,2026-10-02 12:57:06,C100099,Luxembourg,LU,Mobile,P1009,Enceinte Bluetooth,Audio,1,79.00,0,79.00,Expédiée
O510891,1,2026-10-02 21:24:36,C100633,Labé,GN,Web,P1005,Station d'accueil USB-C,Informatique,1,149.00,10,134.10,Payée
O510892,1,2026-10-02 20:35:27,C100709,Conakry,GN,Mobile,P1011,Machine à café à grains,Maison,3,499.00,0,1497.00,Payée
O510893,1,2026-10-02 19:52:11,C101029,Trèves,DE,Mobile,P1007,Casque à réduction de bruit,Audio,1,279.00,5,265.05,Payée
O510893,2,2026-10-02 19:52:11,C101029,Trèves,DE,Mobile,P1005,Station d'accueil USB-C,Informatique,1,149.00,0,149.00,Payée
O510893,3,2026-10-02 19:52:11,C101029,Trèves,DE,Mobile,P1009,Enceinte Bluetooth,Audio,1,79.00,0,79.00,Payée
O510894,1,2026-10-02 10:49:31,C100441,Luxembourg,LU,Marketplace,P1009,Enceinte Bluetooth,Audio,1,79.00,0,79.00,Payée
O510895,1,2026-10-02 22:56:48,C100898,Sarrebruck,DE,Marketplace,P1008,Écouteurs sans fil,Audio,1,129.00,0,129.00,Créée
O510896,1,2026-10-02 06:00:43,C100847,Labé,GN,Web,P1014,Lampe de bureau LED,Maison,1,45.00,0,45.00,Payée
O510896,2,2026-10-02 06:00:43,C100847,Labé,GN,Web,P1016,Tapis de yoga,Sport,1,25.00,0,25.00,Payée
O510897,1,2026-10-02 15:23:14,C101166,Lille,FR,Magasin,P1005,Station d'accueil USB-C,Informatique,1,149.00,0,149.00,Expédiée
O510897,2,2026-10-02 15:23:14,,Lille,FR,Magasin,P1001,Ordinateur portable 14 pouces,Informatique,1,749.00,0,749.00,Expédiée
O510898,1,2026-10-02 08:18:56,C100016,Lille,FR,Mobile,P1013,Friteuse sans huile,Maison,1,129.00,15,109.65,Payée
O510898,2,2026-10-02 08:18:56,C100016,Lille,FR,Mobile,P1002,Écran 27 pouces 4K,Informatique,2,389.00,0,778.00,Payée
O510898,3,2026-10-02 08:18:56,C100016,Lille,FR,Mobile,P1023,Bureau assis-debout,Bureau,1,449.00,0,449.00,Payée
O510899,1,2026-10-02 23:25:35,C100630,Liège,BE,Marketplace,P1006,Disque SSD externe 1 To,Informatique,1,109.00,0,109.00,Payée
O510900,1,2026-10-02 09:18:55,C100473,Luxembourg,LU,Magasin,P1008,Écouteurs sans fil,Audio,1,129.00,0,129.00,Payée
O510900,2,2026-10-02 09:18:55,C100473,Luxembourg,LU,Magasin,P1018,Gourde isotherme,Sport,3,22.00,10,59.40,Payée
O510901,1,2026-10-02 18:11:55,C101026,Dakar,SN,Magasin,P1018,Gourde isotherme,Sport,2,22.00,0,44.00,Payée
O510902,1,2026-10-02 19:34:13,C100839,Strasbourg,FR,Web,P1001,Ordinateur portable 14 pouces,Informatique,1,749.00,5,711.55,Payée
O510902,2,2026-10-02 19:34:13,C100839,Strasbourg,FR,Web,P1021,Veste imperméable,Mode,1,139.00,10,125.10,Payée
O510903,1,2026-10-02 18:14:09,C100299,Esch-sur-Alzette,LU,Mobile,P1021,Veste imperméable,Mode,2,139.00,0,278.00,Créée
O510904,1,2026-10-02 21:26:30,C100402,Bruxelles,BE,Web,P1008,Écouteurs sans fil,Audio,2,129.00,0,258.00,Payée
O510905,1,2026-10-02 11:35:19,C101240,Sarrebruck,DE,Mobile,P1017,Vélo d'appartement,Sport,1,399.00,0,399.00,Payée
O510906,1,2026-10-02 16:29:10,C100450,Strasbourg,FR,Magasin,P1017,Vélo d'appartement,Sport,1,399.00,0,399.00,Payée
O510907,1,2026-10-02 18:35:49,C100695,Thionville,FR,Web,P1021,Veste imperméable,Mode,1,139.00,5,132.05,Payée
O510908,1,2026-10-02 09:44:25,C100152,Bruxelles,BE,Mobile,P1024,Stylo plume,Bureau,1,35.00,0,35.00,Créée
O510909,1,2026-10-02 07:11:37,C100030,Bruxelles,BE,Web,P1007,Casque à réduction de bruit,Audio,1,279.00,0,279.00,Payée
O510910,1,2026-10-02 09:18:24,C100906,Esch-sur-Alzette,LU,Web,P1021,Veste imperméable,Mode,1,139.00,0,139.00,Payée
O510911,1,2026-10-02 07:23:12,C101215,Sarrebruck,DE,Magasin,P1021,Veste imperméable,Mode,3,139.00,0,417.00,Payée
O510911,2,2026-10-02 07:23:12,C101215,Sarrebruck,DE,Magasin,P1023,Bureau assis-debout,Bureau,1,449.00,10,404.10,Payée
O510912,1,2026-10-02 17:13:33,C100361,Genève,CH,Marketplace,P1014,Lampe de bureau LED,Maison,1,45.00,10,40.50,Payée
O510912,2,2026-10-02 17:13:33,C100361,Genève,CH,Marketplace,P1010,Aspirateur robot,Maison,1,349.00,0,349.00,Payée
O510913,1,2026-10-02 12:23:36,C100985,Conakry,GN,Mobile,P1008,Écouteurs sans fil,Audio,1,129.00,0,129.00,Expédiée
O510914,1,2026-10-02 13:04:07,C101071,Lyon,FR,Marketplace,P1020,Baskets running,Mode,2,119.00,0,238.00,Payée
O510914,2,2026-10-02 13:04:07,C101071,Lyon,FR,Marketplace,P1005,Station d'accueil USB-C,Informatique,1,149.00,0,149.00,Payée
O510915,1,2026-10-02 19:31:09,C100415,Thionville,FR,Web,P1004,Souris sans fil,Informatique,4,29.00,0,116.00,Créée
O510916,1,2026-10-02 22:03:50,C100647,Conakry,GN,Web,P1021,Veste imperméable,Mode,1,139.00,0,139.00,Payée
O510917,1,2026-10-02 11:18:29,C100920,Trèves,DE,Web,P1009,Enceinte Bluetooth,Audio,1,79.00,5,75.05,Expédiée
O510917,2,2026-10-02 11:18:29,C100920,Trèves,DE,Web,P1016,Tapis de yoga,Sport,1,25.00,0,25.00,Expédiée
O510918,1,2026-10-02 20:12:25,C100677,Genève,CH,Web,P1022,Chaise ergonomique,Bureau,1,299.00,0,299.00,Payée
O510919,1,2026-10-02 15:15:19,C100787,Metz,FR,Magasin,P1006,Disque SSD externe 1 To,Informatique,3,0.00,0,0.00,Expédiée
O510920,1,2026-10-02 13:07:33,C100008,Labé,GN,Mobile,P1014,Lampe de bureau LED,Maison,1,45.00,5,42.75,Payée
O510920,2,2026-10-02 13:07:33,C100008,Labé,GN,Mobile,P1004,Souris sans fil,Informatique,1,29.00,0,29.00,Payée
O510921,1,2026-10-02 08:36:04,C100255,Trèves,DE,Magasin,P1009,Enceinte Bluetooth,Audio,1,79.00,0,79.00,Expédiée
O510921,2,2026-10-02 08:36:04,C100255,Trèves,DE,Magasin,P1005,Station d'accueil USB-C,Informatique,1,149.00,0,149.00,Expédiée
O510922,1,2026-10-02 12:53:11,C100833,Metz,FR,Web,P1001,Ordinateur portable 14 pouces,Informatique,1,749.00,0,749.00,Payée
O510923,1,2026-10-02 20:05:52,C101289,Paris,FR,Marketplace,P1009,Enceinte Bluetooth,Audio,3,79.00,0,237.00,Payée
O510924,1,2026-10-02 14:07:09,C100448,Esch-sur-Alzette,LU,Web,P1003,Clavier mécanique,Informatique,1,89.00,20,71.20,Créée
O510925,1,2026-10-02 14:27:40,C100922,Nancy,FR,Web,P1023,Bureau assis-debout,Bureau,1,449.00,0,449.00,Créée
O510926,1,2026-10-02 08:46:36,C100568,Lyon,FR,Web,P1016,Tapis de yoga,Sport,2,25.00,0,50.00,Payée
O510926,2,2026-10-02 08:46:36,C100568,Lyon,FR,Web,P1015,Montre connectée,Sport,2,229.00,0,458.00,Payée
O510926,3,2026-10-02 08:46:36,C100568,Lyon,FR,Web,P1010,Aspirateur robot,Maison,1,349.00,0,349.00,Payée
O510927,1,2026-10-02 12:06:28,C101131,Thionville,FR,Mobile,P1004,Souris sans fil,Informatique,2,29.00,0,58.00,Créée
O510927,2,2026-10-02 12:06:28,C101131,Thionville,FR,Mobile,P1017,Vélo d'appartement,Sport,1,399.00,0,399.00,Créée
O510927,3,2026-10-02 12:06:28,C101131,Thionville,FR,Mobile,P1010,Aspirateur robot,Maison,1,349.00,0,349.00,Créée
O510928,1,2026-10-02 09:35:11,C100702,Lyon,FR,Magasin,P1003,Clavier mécanique,Informatique,1,89.00,0,89.00,Créée
O510929,1,2026-10-02 18:31:20,C101185,Trèves,DE,Web,P1010,Aspirateur robot,Maison,1,349.00,10,314.10,Expédiée
O510930,1,2026-10-02 12:35:16,C100209,Labé,GN,Mobile,P1011,Machine à café à grains,Maison,1,499.00,0,499.00,Expédiée
O510931,1,2026-10-02 09:00:40,C100282,Strasbourg,FR,Mobile,P1002,Écran 27 pouces 4K,Informatique,1,389.00,0,389.00,Expédiée
O510931,2,2026-10-02 09:00:40,C100282,Strasbourg,FR,Mobile,P1008,Écouteurs sans fil,Audio,4,129.00,10,464.40,Expédiée
O510931,3,2026-10-02 09:00:40,C100282,Strasbourg,FR,Mobile,P1006,Disque SSD externe 1 To,Informatique,1,0.00,15,0.00,Expédiée
O510932,1,2026-10-02 22:01:41,C101177,Lyon,FR,Web,P1019,Sac à dos urbain,Mode,1,65.00,0,65.00,Expédiée
O510933,1,2026-10-02 12:04:55,C100033,Genève,CH,Web,P1008,Écouteurs sans fil,Audio,1,129.00,5,122.55,Payée
O510933,2,2026-10-02 12:04:55,C100033,Genève,CH,Web,P1004,Souris sans fil,Informatique,1,29.00,0,29.00,Payée
O510933,3,2026-10-02 12:04:55,C100033,Genève,CH,Web,P1010,Aspirateur robot,Maison,3,349.00,15,889.95,Payée
O510933,4,2026-10-02 12:04:55,C100033,Genève,CH,Web,P1007,Casque à réduction de bruit,Audio,1,279.00,5,265.05,Payée
O510934,1,2026-10-02 20:17:38,,Thionville,FR,Web,P1004,Souris sans fil,Informatique,3,29.00,10,78.30,Payée
O510934,2,2026-10-02 20:17:38,C100600,Thionville,FR,Web,P1010,Aspirateur robot,Maison,1,349.00,10,314.10,Payée
O510934,3,2026-10-02 20:17:38,C100600,Thionville,FR,Web,P1012,Bouilloire inox,Maison,1,39.00,0,39.00,Payée
O510934,4,2026-10-02 20:17:38,C100600,Thionville,FR,Web,P1018,Gourde isotherme,Sport,1,22.00,0,22.00,Payée
O510935,1,2026-10-02 06:38:21,C101300,Luxembourg,LU,Web,P1003,Clavier mécanique,Informatique,1,89.00,10,80.10,Payée
O510935,2,2026-10-02 06:38:21,C101300,Luxembourg,LU,Web,P1024,Stylo plume,Bureau,1,35.00,0,35.00,Payée
O510936,1,2026-10-02 06:50:42,C100660,Lille,FR,Marketplace,P1001,Ordinateur portable 14 pouces,Informatique,1,749.00,0,749.00,Payée
O510936,2,2026-10-02 06:50:42,C100660,Lille,FR,Marketplace,P1024,Stylo plume,Bureau,1,35.00,20,28.00,Payée
O510937,1,2026-10-02 10:50:27,C100094,Metz,FR,Web,P1005,Station d'accueil USB-C,Informatique,1,149.00,10,134.10,Payée
O510938,1,2026-10-02 16:16:17,C100286,Sarrebruck,DE,Web,P1019,Sac à dos urbain,Mode,1,65.00,0,65.00,Payée
O510938,2,2026-10-02 16:16:17,C100286,Sarrebruck,DE,Web,P1007,Casque à réduction de bruit,Audio,1,279.00,0,279.00,Payée
O510938,3,2026-10-02 16:16:17,C100286,Sarrebruck,DE,Web,P1022,Chaise ergonomique,Bureau,1,299.00,10,269.10,Payée
O510939,1,2026-10-02 15:24:18,C100790,Conakry,GN,Marketplace,P1004,Souris sans fil,Informatique,1,29.00,0,29.00,Payée
O510939,2,2026-10-02 15:24:18,C100790,Conakry,GN,Marketplace,P1013,Friteuse sans huile,Maison,1,129.00,0,129.00,Payée
O510940,1,2026-10-02 07:38:48,C101194,Strasbourg,FR,Web,P1013,Friteuse sans huile,Maison,1,129.00,0,129.00,Payée
O510941,1,2026-10-02 10:15:13,C101108,Dakar,SN,Magasin,P1016,Tapis de yoga,Sport,1,25.00,20,20.00,Payée
O510941,2,2026-10-02 10:15:13,C101108,Dakar,SN,Magasin,P1022,Chaise ergonomique,Bureau,1,299.00,0,299.00,Payée
O510942,1,2026-10-02 21:38:41,C100330,Strasbourg,FR,Web,P1007,Casque à réduction de bruit,Audio,1,279.00,0,279.00,Payée
O510943,1,2026-10-02 11:15:13,C100632,Bruxelles,BE,Mobile,P1012,Bouilloire inox,Maison,2,39.00,0,78.00,Payée
O510944,1,2026-10-02 16:47:02,C100706,Sarrebruck,DE,Web,P1018,Gourde isotherme,Sport,2,22.00,0,44.00,Payée
O510945,1,2026-10-02 12:03:55,C101214,Strasbourg,FR,Web,P1016,Tapis de yoga,Sport,1,25.00,10,22.50,Créée
O510945,2,2026-10-02 12:03:55,C101214,Strasbourg,FR,Web,P1005,Station d'accueil USB-C,Informatique,2,149.00,0,298.00,Créée
O510945,3,2026-10-02 12:03:55,C101214,Strasbourg,FR,Web,P1014,Lampe de bureau LED,Maison,1,45.00,0,45.00,Créée
O510946,1,2026-10-02 17:52:09,C100014,Liège,BE,Marketplace,P1005,Station d'accueil USB-C,Informatique,1,149.00,10,134.10,Payée
O510946,2,2026-10-02 17:52:09,C100014,Liège,BE,Marketplace,P1013,Friteuse sans huile,Maison,1,129.00,0,129.00,Payée
O510946,3,2026-10-02 17:52:09,C100014,Liège,BE,Marketplace,P1022,Chaise ergonomique,Bureau,1,299.00,5,284.05,Payée
O510947,1,2026-10-02 12:30:23,C100857,Paris,FR,Mobile,P1004,Souris sans fil,Informatique,2,29.00,0,58.00,Payée
O510948,1,2026-10-02 16:02:53,C100289,Lille,FR,Web,P1007,Casque à réduction de bruit,Audio,1,279.00,0,279.00,Expédiée
O510948,2,2026-10-02 16:02:53,C100289,Lille,FR,Web,P1008,Écouteurs sans fil,Audio,1,129.00,0,129.00,Expédiée
O510949,1,2026-10-02 15:39:53,C100070,Strasbourg,FR,Web,P1008,Écouteurs sans fil,Audio,1,129.00,0,129.00,Créée
O510950,1,2026-10-02 13:45:04,C101205,Thionville,FR,Marketplace,P1023,Bureau assis-debout,Bureau,1,449.00,0,449.00,Payée
O510951,1,2026-10-02 17:16:32,C100908,Bruxelles,BE,Web,P1014,Lampe de bureau LED,Maison,1,45.00,5,42.75,Créée
O510951,2,2026-10-02 17:16:32,C100908,Bruxelles,BE,Web,P1022,Chaise ergonomique,Bureau,1,299.00,0,299.00,Créée
O510951,3,2026-10-02 17:16:32,C100908,Bruxelles,BE,Web,P1010,Aspirateur robot,Maison,1,349.00,10,314.10,Créée
O510951,4,2026-10-02 17:16:32,C100908,Bruxelles,BE,Web,P1013,Friteuse sans huile,Maison,1,129.00,0,129.00,Créée
O510952,1,2026-10-02 13:06:33,C100515,Esch-sur-Alzette,LU,Web,P1023,Bureau assis-debout,Bureau,1,449.00,15,381.65,Créée
O510953,1,2026-10-02 14:33:52,C100882,Luxembourg,LU,Web,P1015,Montre connectée,Sport,2,229.00,0,458.00,Payée
O510953,2,2026-10-02 14:33:52,C100882,Luxembourg,LU,Web,P1019,Sac à dos urbain,Mode,1,65.00,20,52.00,Payée
O510954,1,2026-10-02 10:09:15,C101099,Sarrebruck,DE,Mobile,P1013,Friteuse sans huile,Maison,1,129.00,10,116.10,Payée
O510954,2,2026-10-02 10:09:15,C101099,Sarrebruck,DE,Mobile,P1002,Écran 27 pouces 4K,Informatique,1,389.00,0,389.00,Payée
O510954,3,2026-10-02 10:09:15,C101099,Sarrebruck,DE,Mobile,P1010,Aspirateur robot,Maison,1,349.00,0,349.00,Payée
O510955,1,2026-10-02 17:05:59,C100024,Genève,CH,Web,P1002,Écran 27 pouces 4K,Informatique,1,389.00,0,389.00,Payée
O510955,2,2026-10-02 17:05:59,C100024,Genève,CH,Web,P1015,Montre connectée,Sport,1,229.00,0,229.00,Payée
O510956,1,2026-10-02 16:03:53,C100411,Sarrebruck,DE,Mobile,P1022,Chaise ergonomique,Bureau,1,299.00,10,269.10,Payée
O510956,2,2026-10-02 16:03:53,C100411,Sarrebruck,DE,Mobile,P1015,Montre connectée,Sport,2,229.00,10,412.20,Payée
O510956,3,2026-10-02 16:03:53,C100411,Sarrebruck,DE,Mobile,P1002,Écran 27 pouces 4K,Informatique,1,389.00,10,350.10,Payée
O510957,1,2026-10-02 07:10:46,C100907,Labé,GN,Mobile,P1005,Station d'accueil USB-C,Informatique,1,149.00,0,149.00,Payée
O510957,2,2026-10-02 07:10:46,C100907,Labé,GN,Mobile,P1006,Disque SSD externe 1 To,Informatique,2,109.00,0,218.00,Payée
O510957,3,2026-10-02 07:10:46,C100907,Labé,GN,Mobile,P1013,Friteuse sans huile,Maison,1,129.00,0,129.00,Payée
O510958,1,2026-10-02 15:01:48,C100680,Bruxelles,BE,Magasin,P1014,Lampe de bureau LED,Maison,1,45.00,5,42.75,Payée
O510959,1,2026-10-02 06:15:50,C100905,Dakar,SN,Mobile,P1017,Vélo d'appartement,Sport,1,399.00,0,399.00,Expédiée
O510960,1,2026-10-02 10:51:14,C100848,Nancy,FR,Mobile,P1012,Bouilloire inox,Maison,3,39.00,20,93.60,Payée
O510960,2,2026-10-02 10:51:14,C100848,Nancy,FR,Mobile,P1010,Aspirateur robot,Maison,1,349.00,0,349.00,Payée
O510961,1,2026-10-02 11:29:43,C100543,Lyon,FR,Marketplace,P1019,Sac à dos urbain,Mode,1,65.00,0,65.00,Payée
O510961,2,2026-10-02 11:29:43,C100543,Lyon,FR,Marketplace,P1003,Clavier mécanique,Informatique,1,89.00,0,89.00,Payée
O510961,3,2026-10-02 11:29:43,C100543,Lyon,FR,Marketplace,P1004,Souris sans fil,Informatique,1,29.00,0,29.00,Payée
O510962,1,2026-10-02 15:13:56,C100616,Trèves,DE,Mobile,P1015,Montre connectée,Sport,1,229.00,0,229.00,Payée
O510962,2,2026-10-02 15:13:56,C100616,Trèves,DE,Mobile,P1023,Bureau assis-debout,Bureau,2,449.00,0,898.00,Payée
O510963,1,2026-10-02 06:37:10,C101253,Paris,FR,Web,P1019,Sac à dos urbain,Mode,1,65.00,20,52.00,Payée
O510964,1,2026-10-02 12:43:09,C100063,Trèves,DE,Mobile,P1014,Lampe de bureau LED,Maison,2,45.00,0,90.00,Payée
O510964,2,2026-10-02 12:43:09,C100063,Trèves,DE,Mobile,P1006,Disque SSD externe 1 To,Informatique,2,109.00,5,207.10,Payée
O510965,1,2026-10-02 06:24:49,C100835,Metz,FR,Marketplace,P1018,Gourde isotherme,Sport,1,22.00,5,20.90,Expédiée
O510966,1,2026-10-02 16:45:17,C101233,Nancy,FR,Marketplace,P1016,Tapis de yoga,Sport,1,25.00,0,25.00,Créée
O510966,2,2026-10-02 16:45:17,C101233,Nancy,FR,Marketplace,P1019,Sac à dos urbain,Mode,1,65.00,0,65.00,Créée
O510967,1,2026-10-02 08:11:30,C100890,Strasbourg,FR,Marketplace,P1006,Disque SSD externe 1 To,Informatique,1,109.00,0,109.00,Payée
O510967,2,2026-10-02 08:11:30,C100890,Strasbourg,FR,Marketplace,P1013,Friteuse sans huile,Maison,2,129.00,0,258.00,Payée
O510968,1,2026-10-02 22:07:32,C100162,Lille,FR,Web,P1016,Tapis de yoga,Sport,1,25.00,0,25.00,Créée
O510969,1,2026-10-02 22:49:16,C100568,Trèves,DE,Mobile,P1015,Montre connectée,Sport,1,229.00,0,229.00,Expédiée
O510970,1,2026-10-02 10:21:47,C100827,Paris,FR,Mobile,P1017,Vélo d'appartement,Sport,2,399.00,0,798.00,Créée
O510971,1,2026-10-02 15:03:55,C101058,Metz,FR,Mobile,P1002,Écran 27 pouces 4K,Informatique,1,389.00,0,389.00,Payée
O510971,2,2026-10-02 15:03:55,C101058,Metz,FR,Mobile,P1022,Chaise ergonomique,Bureau,1,299.00,0,299.00,Payée
O510972,1,2026-10-02 13:16:12,C100755,Genève,CH,Web,P1011,Machine à café à grains,Maison,1,499.00,0,499.00,Payée
O510973,1,2026-10-02 11:27:56,C100972,Lille,FR,Magasin,P1004,Souris sans fil,Informatique,1,29.00,0,29.00,Expédiée
O510973,2,2026-10-02 11:27:56,C100972,Lille,FR,Magasin,P1022,Chaise ergonomique,Bureau,1,299.00,0,299.00,Expédiée
O510974,1,2026-10-02 20:03:53,C101081,Luxembourg,LU,Mobile,P1014,Lampe de bureau LED,Maison,1,45.00,10,40.50,Payée
O510975,1,2026-10-02 21:31:04,C100451,Lyon,FR,Marketplace,P1003,Clavier mécanique,Informatique,2,89.00,0,178.00,Expédiée
O510975,2,2026-10-02 21:31:04,C100451,Lyon,FR,Marketplace,P1007,Casque à réduction de bruit,Audio,1,279.00,0,279.00,Expédiée
O510976,1,2026-10-02 17:31:36,C100096,Liège,BE,Magasin,P1004,Souris sans fil,Informatique,1,29.00,0,29.00,Créée
O510976,2,2026-10-02 17:31:36,C100096,Liège,BE,Magasin,P1006,Disque SSD externe 1 To,Informatique,2,109.00,0,218.00,Créée
O510977,1,2026-10-02 17:59:27,C101205,Paris,FR,Web,P1022,Chaise ergonomique,Bureau,1,299.00,0,299.00,Payée
O510977,2,2026-10-02 17:59:27,C101205,Paris,FR,Web,P1004,Souris sans fil,Informatique,1,29.00,0,29.00,Payée
O510977,3,2026-10-02 17:59:27,C101205,Paris,FR,Web,P1006,Disque SSD externe 1 To,Informatique,1,109.00,0,109.00,Payée
O510977,4,2026-10-02 17:59:27,C101205,Paris,FR,Web,P1008,Écouteurs sans fil,Audio,2,129.00,0,258.00,Payée
O510978,1,2026-10-02 16:14:14,C100476,Labé,GN,Mobile,P1019,Sac à dos urbain,Mode,1,65.00,0,65.00,Payée
O510978,2,2026-10-02 16:14:14,C100476,Labé,GN,Mobile,P1001,Ordinateur portable 14 pouces,Informatique,2,749.00,0,1498.00,Payée
O510978,3,2026-10-02 16:14:14,C100476,Labé,GN,Mobile,P1017,Vélo d'appartement,Sport,2,399.00,10,718.20,Payée
O510978,4,2026-10-02 16:14:14,C100476,Labé,GN,Mobile,P1022,Chaise ergonomique,Bureau,1,299.00,5,284.05,Payée
O510979,1,2026-10-02 10:31:54,C100029,Lille,FR,Web,P1004,Souris sans fil,Informatique,1,29.00,15,24.65,Payée
O510979,2,2026-10-02 10:31:54,C100029,Lille,FR,Web,P1013,Friteuse sans huile,Maison,2,129.00,0,258.00,Payée
O510980,1,2026-10-02 19:51:36,C101167,Sarrebruck,DE,Mobile,P1018,Gourde isotherme,Sport,1,22.00,0,22.00,Expédiée
O510981,1,2026-10-02 11:17:50,C100666,Thionville,FR,Mobile,P1014,Lampe de bureau LED,Maison,1,45.00,5,42.75,Expédiée
O510981,2,2026-10-02 11:17:50,C100666,Thionville,FR,Mobile,P1009,Enceinte Bluetooth,Audio,1,79.00,0,79.00,Expédiée
O510982,1,2026-10-02 22:35:45,C100831,Luxembourg,LU,Mobile,P1022,Chaise ergonomique,Bureau,1,299.00,15,254.15,Payée
O510982,2,2026-10-02 22:35:45,C100831,Luxembourg,LU,Mobile,P1018,Gourde isotherme,Sport,1,22.00,0,22.00,Payée
O510983,1,2026-10-02 09:20:12,C100747,Dakar,SN,Web,P1002,Écran 27 pouces 4K,Informatique,2,389.00,0,778.00,Payée
O510983,2,2026-10-02 09:20:12,C100747,Dakar,SN,Web,P1004,Souris sans fil,Informatique,1,29.00,0,29.00,Payée
O510983,3,2026-10-02 09:20:12,C100747,Dakar,SN,Web,P1003,Clavier mécanique,Informatique,2,89.00,5,169.10,Payée
O510984,1,2026-10-02 10:25:16,C100419,Lille,FR,Mobile,P1007,Casque à réduction de bruit,Audio,1,279.00,0,279.00,Payée
O510985,1,2026-10-02 08:07:45,C100161,Labé,GN,Web,P1004,Souris sans fil,Informatique,1,29.00,0,29.00,Payée
O510986,1,2026-10-02 07:29:18,C100918,Sarrebruck,DE,Mobile,P1016,Tapis de yoga,Sport,1,25.00,0,25.00,Expédiée
O510986,2,2026-10-02 07:29:18,C100918,Sarrebruck,DE,Mobile,P1019,Sac à dos urbain,Mode,1,65.00,5,61.75,Expédiée
O510986,3,2026-10-02 07:29:18,C100918,Sarrebruck,DE,Mobile,P1023,Bureau assis-debout,Bureau,1,449.00,0,449.00,Expédiée
O510987,1,2026-10-02 09:09:08,C101259,Lyon,FR,Web,P1013,Friteuse sans huile,Maison,1,129.00,0,129.00,Payée
O510988,1,2026-10-02 06:39:03,C100554,Labé,GN,Mobile,P1005,Station d'accueil USB-C,Informatique,4,149.00,0,596.00,Créée
O510988,2,2026-10-02 06:39:03,C100554,Labé,GN,Mobile,P1023,Bureau assis-debout,Bureau,4,449.00,10,1616.40,Créée
O510989,1,2026-10-02 21:31:06,C100256,Dakar,SN,Web,P1004,Souris sans fil,Informatique,1,29.00,0,29.00,Créée
O510990,1,2026-10-02 16:10:01,C101087,Luxembourg,LU,Mobile,P1023,Bureau assis-debout,Bureau,1,449.00,0,449.00,Créée
O510991,1,2026-10-02 18:52:46,C101123,Esch-sur-Alzette,LU,Mobile,P1023,Bureau assis-debout,Bureau,1,449.00,0,449.00,Payée
O510992,1,2026-10-02 17:26:09,C100182,Labé,GN,Mobile,P1010,Aspirateur robot,Maison,1,349.00,0,349.00,Payée
O510993,1,2026-10-02 23:39:51,C100638,Nancy,FR,Mobile,P1009,Enceinte Bluetooth,Audio,1,79.00,0,79.00,Expédiée
O510994,1,2026-10-02 09:41:07,C101165,Strasbourg,FR,Marketplace,P1020,Baskets running,Mode,2,119.00,0,238.00,Payée
O510994,2,2026-10-02 09:41:07,C101165,Strasbourg,FR,Marketplace,P1019,Sac à dos urbain,Mode,1,65.00,0,65.00,Payée
O510995,1,2026-10-02 13:22:41,C100281,Paris,FR,Web,P1021,Veste imperméable,Mode,2,139.00,0,278.00,Payée
O510995,2,2026-10-02 13:22:41,C100281,Paris,FR,Web,P1020,Baskets running,Mode,2,119.00,0,238.00,Payée
O510996,1,2026-10-02 20:48:31,C100306,Nancy,FR,Web,P1008,Écouteurs sans fil,Audio,1,129.00,15,109.65,Payée
O510996,2,2026-10-02 20:48:31,C100306,Nancy,FR,Web,P1021,Veste imperméable,Mode,1,139.00,10,125.10,Payée
O510997,1,2026-10-02 10:53:42,C100606,Liège,BE,Web,P1002,Écran 27 pouces 4K,Informatique,4,389.00,0,1556.00,Payée
O510997,2,2026-10-02 10:53:42,C100606,Liège,BE,Web,P1007,Casque à réduction de bruit,Audio,1,279.00,0,279.00,Payée
O510998,1,2026-10-02 08:30:53,C100495,Liège,BE,Web,P1010,Aspirateur robot,Maison,1,349.00,0,349.00,Créée
O510999,1,2026-10-02 20:26:44,C100467,Thionville,FR,Web,P1017,Vélo d'appartement,Sport,2,399.00,0,798.00,Payée
O510999,2,2026-10-02 20:26:44,C100467,Thionville,FR,Web,P1015,Montre connectée,Sport,3,229.00,0,687.00,Payée
O511000,1,2026-10-02 13:41:01,C100636,Nancy,FR,Marketplace,P1023,Bureau assis-debout,Bureau,1,449.00,0,449.00,Payée
O511001,1,2026-10-02 08:05:38,C100767,Lille,FR,Marketplace,P1008,Écouteurs sans fil,Audio,3,129.00,10,348.30,Payée
O511001,2,2026-10-02 08:05:38,C100767,Lille,FR,Marketplace,P1019,Sac à dos urbain,Mode,2,65.00,0,130.00,Payée
O511002,1,2026-10-02 09:21:34,C100425,Esch-sur-Alzette,LU,Mobile,P1003,Clavier mécanique,Informatique,1,89.00,0,89.00,Payée
O511002,2,2026-10-02 09:21:34,C100425,Esch-sur-Alzette,LU,Mobile,P1021,Veste imperméable,Mode,2,139.00,0,278.00,Payée
O511003,1,2026-10-02 16:42:20,C100010,Liège,BE,Web,P1011,Machine à café à grains,Maison,1,499.00,0,499.00,Payée
O511004,1,2026-10-02 11:36:05,C100486,Genève,CH,Marketplace,P1005,Station d'accueil USB-C,Informatique,1,149.00,10,134.10,Payée
O511005,1,2026-10-02 14:52:46,C100823,Labé,GN,Mobile,P1002,Écran 27 pouces 4K,Informatique,1,389.00,0,389.00,Payée
O511006,1,2026-10-02 17:38:45,C100698,Nancy,FR,Web,P1002,Écran 27 pouces 4K,Informatique,1,389.00,0,389.00,Payée
O511006,2,2026-10-02 17:38:45,C100698,Nancy,FR,Web,P1022,Chaise ergonomique,Bureau,1,299.00,5,284.05,Payée
O511006,3,2026-10-02 17:38:45,C100698,Nancy,FR,Web,P1017,Vélo d'appartement,Sport,1,399.00,0,399.00,Payée
O511007,1,2026-10-02 21:44:47,C100249,Luxembourg,LU,Web,P1008,Écouteurs sans fil,Audio,1,129.00,20,103.20,Payée
O511008,1,2026-10-02 22:09:31,C100711,Genève,CH,Mobile,P1006,Disque SSD externe 1 To,Informatique,1,109.00,0,109.00,Créée
O511008,2,2026-10-02 22:09:31,C100711,Genève,CH,Mobile,P1001,Ordinateur portable 14 pouces,Informatique,2,749.00,0,1498.00,Créée
O511009,1,2026-10-02 21:04:08,C100607,Strasbourg,FR,Web,P1003,Clavier mécanique,Informatique,1,89.00,0,89.00,Payée
O511009,2,2026-10-02 21:04:08,C100607,Strasbourg,FR,Web,P1023,Bureau assis-debout,Bureau,1,449.00,0,449.00,Payée
O511010,1,2026-10-02 21:23:57,C100354,Conakry,GN,Web,P1006,Disque SSD externe 1 To,Informatique,4,109.00,0,436.00,Payée
O511011,1,2026-10-02 16:18:07,C100184,Thionville,FR,Magasin,P1023,Bureau assis-debout,Bureau,2,449.00,0,898.00,Payée
O511011,2,2026-10-02 16:18:07,C100184,Thionville,FR,Magasin,P1010,Aspirateur robot,Maison,3,349.00,0,1047.00,Payée
O511012,1,2026-10-02 06:02:41,C100674,Trèves,DE,Mobile,P1019,Sac à dos urbain,Mode,1,65.00,0,65.00,Expédiée
O511013,1,2026-10-02 14:14:41,C100369,Bruxelles,BE,Marketplace,P1002,Écran 27 pouces 4K,Informatique,1,389.00,0,389.00,Expédiée
O511014,1,2026-10-02 10:20:49,C100478,Thionville,FR,Mobile,P1021,Veste imperméable,Mode,1,139.00,5,132.05,Payée
O511014,2,2026-10-02 10:20:49,C100478,Thionville,FR,Mobile,P1003,Clavier mécanique,Informatique,1,89.00,5,84.55,Payée
O511015,1,2026-10-02 22:29:32,C100263,Genève,CH,Web,P1004,Souris sans fil,Informatique,1,29.00,5,27.55,Expédiée
O511016,1,2026-10-02 13:33:48,C101236,Paris,FR,Magasin,P1005,Station d'accueil USB-C,Informatique,2,149.00,0,298.00,Payée
O511017,1,2026-10-02 22:07:26,C100597,Lyon,FR,Marketplace,P1013,Friteuse sans huile,Maison,1,129.00,0,129.00,Payée
O511017,2,2026-10-02 22:07:26,C100597,Lyon,FR,Marketplace,P1015,Montre connectée,Sport,1,229.00,0,229.00,Payée
O511017,3,2026-10-02 22:07:26,C100597,Lyon,FR,Marketplace,P1001,Ordinateur portable 14 pouces,Informatique,3,749.00,20,1797.60,Payée
O511018,1,2026-10-02 09:37:25,C100074,Luxembourg,LU,Web,P1013,Friteuse sans huile,Maison,2,129.00,10,232.20,Payée
O511018,2,2026-10-02 09:37:25,C100074,Luxembourg,LU,Web,P1006,Disque SSD externe 1 To,Informatique,2,109.00,0,218.00,Payée
O511018,3,2026-10-02 09:37:25,C100074,Luxembourg,LU,Web,P1004,Souris sans fil,Informatique,3,29.00,0,87.00,Payée
O511019,1,2026-10-02 23:01:53,C100477,Thionville,FR,Mobile,P1022,Chaise ergonomique,Bureau,1,299.00,0,299.00,Payée
O511020,1,2026-10-02 08:02:33,C100675,Lille,FR,Marketplace,P1016,Tapis de yoga,Sport,1,25.00,10,22.50,Payée
O511021,1,2026-10-02 19:13:56,C100035,Conakry,GN,Web,P1018,Gourde isotherme,Sport,1,22.00,0,22.00,Créée
O511021,2,2026-10-02 19:13:56,C100035,Conakry,GN,Web,P1024,Stylo plume,Bureau,1,35.00,0,35.00,Créée
O511022,1,2026-10-02 13:24:41,C101246,Nancy,FR,Web,P1021,Veste imperméable,Mode,3,139.00,0,417.00,Expédiée
O511023,1,2026-10-02 06:49:55,C100620,Esch-sur-Alzette,LU,Web,P1021,Veste imperméable,Mode,1,139.00,0,139.00,Payée
O511023,2,2026-10-02 06:49:55,C100620,Esch-sur-Alzette,LU,Web,P1007,Casque à réduction de bruit,Audio,3,279.00,0,837.00,Payée
O511023,3,2026-10-02 06:49:55,C100620,Esch-sur-Alzette,LU,Web,P1005,Station d'accueil USB-C,Informatique,1,149.00,0,149.00,Payée
O511024,1,2026-10-02 08:35:55,C100966,Nancy,FR,Web,P1011,Machine à café à grains,Maison,1,499.00,0,499.00,Payée
O511024,2,2026-10-02 08:35:55,C100966,Nancy,FR,Web,P1018,Gourde isotherme,Sport,1,22.00,0,22.00,Payée
O511025,1,2026-10-02 07:02:28,C100565,Labé,GN,Mobile,P1022,Chaise ergonomique,Bureau,3,299.00,0,897.00,Expédiée
O511026,1,2026-10-02 09:41:43,C101256,Labé,GN,Mobile,P1005,Station d'accueil USB-C,Informatique,1,149.00,0,149.00,Créée
O511027,1,2026-10-02 12:48:50,C100323,Paris,FR,Mobile,P1018,Gourde isotherme,Sport,1,22.00,5,20.90,Payée
O511027,2,2026-10-02 12:48:50,C100323,Paris,FR,Mobile,P1011,Machine à café à grains,Maison,1,499.00,0,499.00,Payée
O511027,3,2026-10-02 12:48:50,C100323,Paris,FR,Mobile,P1003,Clavier mécanique,Informatique,1,89.00,0,89.00,Payée
O511028,1,2026-10-02 12:05:45,C100523,Nancy,FR,Web,P1016,Tapis de yoga,Sport,2,25.00,0,50.00,Payée
O511028,2,2026-10-02 12:05:45,C100523,Nancy,FR,Web,P1022,Chaise ergonomique,Bureau,1,299.00,5,284.05,Payée
O511029,1,2026-10-02 12:01:07,C100492,Strasbourg,FR,Marketplace,P1019,Sac à dos urbain,Mode,1,65.00,0,65.00,Payée
O511030,1,2026-10-02 13:32:18,C100237,Lyon,FR,Web,P1019,Sac à dos urbain,Mode,4,65.00,0,260.00,Payée
O511030,2,2026-10-02 13:32:18,C100237,Lyon,FR,Web,P1005,Station d'accueil USB-C,Informatique,3,149.00,10,402.30,Payée
O511031,1,2026-10-02 12:35:53,C100914,Paris,FR,Marketplace,P1010,Aspirateur robot,Maison,4,349.00,20,1116.80,Payée
O511032,1,2026-10-02 08:41:19,C100386,Labé,GN,Web,P1010,Aspirateur robot,Maison,2,349.00,5,663.10,Payée
O511032,2,2026-10-02 08:41:19,C100386,Labé,GN,Web,P1005,Station d'accueil USB-C,Informatique,1,149.00,0,149.00,Payée
O511032,3,2026-10-02 08:41:19,C100386,Labé,GN,Web,P1019,Sac à dos urbain,Mode,1,65.00,0,65.00,Payée
O511033,1,2026-10-02 22:32:52,C100607,Labé,GN,Marketplace,P1009,Enceinte Bluetooth,Audio,1,79.00,5,75.05,Créée
O511034,1,2026-10-02 10:53:21,C100822,Bruxelles,BE,Web,P1009,Enceinte Bluetooth,Audio,1,79.00,0,79.00,Payée
O511035,1,2026-10-02 17:49:59,C100977,Bruxelles,BE,Magasin,P1022,Chaise ergonomique,Bureau,1,299.00,0,299.00,Payée
O511035,2,2026-10-02 17:49:59,C100977,Bruxelles,BE,Magasin,P1007,Casque à réduction de bruit,Audio,1,279.00,0,279.00,Payée
O511036,1,2026-10-02 13:01:44,C100856,Liège,BE,Mobile,P1015,Montre connectée,Sport,1,229.00,5,217.55,Payée
O511037,1,2026-10-02 13:16:19,C100841,Strasbourg,FR,Marketplace,P1007,Casque à réduction de bruit,Audio,1,279.00,10,251.10,Payée
O511037,2,2026-10-02 13:16:19,C100841,Strasbourg,FR,Marketplace,P1013,Friteuse sans huile,Maison,1,129.00,0,129.00,Payée
O511037,3,2026-10-02 13:16:19,C100841,Strasbourg,FR,Marketplace,P1009,Enceinte Bluetooth,Audio,2,79.00,0,158.00,Payée
O511038,1,2026-10-02 09:50:58,C100555,Sarrebruck,DE,Marketplace,P1024,Stylo plume,Bureau,1,35.00,15,29.75,Payée
O511038,2,2026-10-02 09:50:58,C100555,Sarrebruck,DE,Marketplace,P1008,Écouteurs sans fil,Audio,2,129.00,0,258.00,Payée
O511038,3,2026-10-02 09:50:58,C100555,Sarrebruck,DE,Marketplace,P1023,Bureau assis-debout,Bureau,1,449.00,5,426.55,Payée
O511038,4,2026-10-02 09:50:58,C100555,Sarrebruck,DE,Marketplace,P1018,Gourde isotherme,Sport,1,22.00,0,22.00,Payée
O511039,1,2026-10-02 10:40:08,C100609,Genève,CH,Mobile,P1023,Bureau assis-debout,Bureau,2,449.00,0,898.00,Créée
O511039,2,2026-10-02 10:40:08,C100609,Genève,CH,Mobile,P1011,Machine à café à grains,Maison,1,499.00,0,499.00,Créée
O511039,3,2026-10-02 10:40:08,C100609,Genève,CH,Mobile,P1001,Ordinateur portable 14 pouces,Informatique,1,749.00,0,749.00,Créée
O511039,4,2026-10-02 10:40:08,C100609,Genève,CH,Mobile,P1019,Sac à dos urbain,Mode,1,65.00,0,65.00,Créée
O511040,1,2026-10-02 07:41:51,C100653,Lyon,FR,Web,P1024,Stylo plume,Bureau,1,35.00,0,35.00,Payée
O511040,2,2026-10-02 07:41:51,C100653,Lyon,FR,Web,P1022,Chaise ergonomique,Bureau,1,299.00,15,254.15,Payée
O511041,1,2026-10-02 23:23:01,C100807,Esch-sur-Alzette,LU,Mobile,P1005,Station d'accueil USB-C,Informatique,1,149.00,0,149.00,Expédiée
O511042,1,2026-10-02 14:10:25,C101023,Lille,FR,Magasin,P1006,Disque SSD externe 1 To,Informatique,2,109.00,0,218.00,Créée
O511043,1,2026-10-02 12:49:16,C100727,Liège,BE,Web,P1016,Tapis de yoga,Sport,3,25.00,15,63.75,Payée
O511043,2,2026-10-02 12:49:16,C100727,Liège,BE,Web,P1008,Écouteurs sans fil,Audio,2,129.00,10,232.20,Payée
O511043,3,2026-10-02 12:49:16,C100727,Liège,BE,Web,P1010,Aspirateur robot,Maison,1,349.00,5,331.55,Payée
O511043,4,2026-10-02 12:49:16,C100727,Liège,BE,Web,P1014,Lampe de bureau LED,Maison,1,45.00,10,40.50,Payée
O511044,1,2026-10-02 06:33:04,C100763,Conakry,GN,Web,P1002,Écran 27 pouces 4K,Informatique,1,389.00,0,389.00,Payée
O511045,1,2026-10-02 08:22:41,C100007,Paris,FR,Magasin,P1011,Machine à café à grains,Maison,1,499.00,20,399.20,Payée
O511046,1,2026-10-02 18:27:44,C100535,Conakry,GN,Magasin,P1007,Casque à réduction de bruit,Audio,3,279.00,0,837.00,Expédiée
O511047,1,2026-10-02 16:50:20,C100826,Thionville,FR,Mobile,P1013,Friteuse sans huile,Maison,1,129.00,5,122.55,Créée
O511048,1,2026-10-02 17:07:54,C101109,Labé,GN,Web,P1019,Sac à dos urbain,Mode,1,65.00,0,65.00,Payée
O511049,1,2026-10-02 06:18:13,C100767,Dakar,SN,Web,P1021,Veste imperméable,Mode,1,139.00,0,139.00,Payée
O511050,1,2026-10-02 06:20:38,C100928,Luxembourg,LU,Web,P1019,Sac à dos urbain,Mode,1,65.00,0,65.00,Payée
O511050,2,2026-10-02 06:20:38,C100928,Luxembourg,LU,Web,P1004,Souris sans fil,Informatique,1,29.00,20,23.20,Payée
O511051,1,2026-10-02 19:37:00,C100287,Thionville,FR,Mobile,P1022,Chaise ergonomique,Bureau,1,299.00,0,299.00,Payée
O511051,2,2026-10-02 19:37:00,C100287,Thionville,FR,Mobile,P1004,Souris sans fil,Informatique,2,29.00,0,58.00,Payée
O511051,3,2026-10-02 19:37:00,C100287,Thionville,FR,Mobile,P1016,Tapis de yoga,Sport,1,25.00,0,25.00,Payée
O511052,1,2026-10-02 14:05:07,C100768,Liège,BE,Magasin,P1008,Écouteurs sans fil,Audio,1,129.00,5,122.55,Payée
O511053,1,2026-10-02 21:06:43,C100646,Lyon,FR,Web,P1023,Bureau assis-debout,Bureau,4,449.00,5,1706.20,Créée
O511054,1,2026-10-02 17:45:36,C101240,Labé,GN,Web,P1002,Écran 27 pouces 4K,Informatique,1,389.00,0,389.00,Payée
O511055,1,2026-10-02 15:21:12,C101078,Genève,CH,Web,P1014,Lampe de bureau LED,Maison,1,45.00,5,42.75,Créée
O511056,1,2026-10-02 17:00:05,C100286,Nancy,FR,Magasin,P1005,Station d'accueil USB-C,Informatique,2,149.00,0,298.00,Payée
O511056,2,2026-10-02 17:00:05,C100286,Nancy,FR,Magasin,P1020,Baskets running,Mode,1,119.00,0,119.00,Payée
O511056,3,2026-10-02 17:00:05,C100286,Nancy,FR,Magasin,P1003,Clavier mécanique,Informatique,1,89.00,20,71.20,Payée
O511057,1,2026-10-02 22:26:39,C100476,Dakar,SN,Mobile,P1024,Stylo plume,Bureau,2,35.00,5,66.50,Payée
O511058,1,2026-10-02 16:46:54,C100626,Paris,FR,Web,P1009,Enceinte Bluetooth,Audio,4,79.00,0,316.00,Payée
O511059,1,2026-10-02 13:33:55,C101126,Liège,BE,Web,P1021,Veste imperméable,Mode,2,139.00,0,278.00,Payée
O511059,2,2026-10-02 13:33:55,C101126,Liège,BE,Web,P1004,Souris sans fil,Informatique,1,29.00,0,29.00,Payée
O511060,1,2026-10-02 09:46:01,C101189,Lyon,FR,Marketplace,P1001,Ordinateur portable 14 pouces,Informatique,1,749.00,10,674.10,Payée
O511061,1,2026-10-02 18:55:31,C100286,Bruxelles,BE,Web,P1016,Tapis de yoga,Sport,1,25.00,0,25.00,Payée
O511062,1,2026-10-02 09:40:14,C100675,Paris,FR,Mobile,P1023,Bureau assis-debout,Bureau,1,449.00,5,426.55,Payée
O511062,2,2026-10-02 09:40:14,C100675,Paris,FR,Mobile,P1017,Vélo d'appartement,Sport,1,399.00,0,399.00,Payée
O511062,3,2026-10-02 09:40:14,C100675,Paris,FR,Mobile,P1019,Sac à dos urbain,Mode,1,65.00,0,65.00,Payée
O511063,1,2026-10-02 23:04:15,C100274,Bruxelles,BE,Mobile,P1011,Machine à café à grains,Maison,1,499.00,0,499.00,Payée
O511063,2,2026-10-02 23:04:15,C100274,Bruxelles,BE,Mobile,P1016,Tapis de yoga,Sport,2,25.00,10,45.00,Payée
O511064,1,2026-10-02 19:32:24,C100646,Liège,BE,Marketplace,P1011,Machine à café à grains,Maison,1,499.00,0,499.00,Payée
O511065,1,2026-10-02 18:12:01,C100648,Luxembourg,LU,Mobile,P1007,Casque à réduction de bruit,Audio,1,279.00,0,279.00,Payée
O511065,2,2026-10-02 18:12:01,C100648,Luxembourg,LU,Mobile,P1021,Veste imperméable,Mode,1,139.00,0,139.00,Payée
O511066,1,2026-10-02 09:55:04,C100962,Nancy,FR,Web,P1018,Gourde isotherme,Sport,1,22.00,0,22.00,Payée
O511066,2,2026-10-02 09:55:04,C100962,Nancy,FR,Web,P1011,Machine à café à grains,Maison,1,499.00,0,499.00,Payée
O511066,3,2026-10-02 09:55:04,C100962,Nancy,FR,Web,P1023,Bureau assis-debout,Bureau,1,449.00,5,426.55,Payée
O511066,4,2026-10-02 09:55:04,C100962,Nancy,FR,Web,P1016,Tapis de yoga,Sport,1,25.00,0,25.00,Payée
O511067,1,2026-10-02 20:20:54,C100809,Trèves,DE,Web,P1014,Lampe de bureau LED,Maison,1,45.00,0,45.00,Payée
O511067,2,2026-10-02 20:20:54,C100809,Trèves,DE,Web,P1012,Bouilloire inox,Maison,1,39.00,0,39.00,Payée
O511067,3,2026-10-02 20:20:54,C100809,Trèves,DE,Web,P1005,Station d'accueil USB-C,Informatique,2,149.00,0,298.00,Payée
O511067,4,2026-10-02 20:20:54,C100809,Trèves,DE,Web,P1015,Montre connectée,Sport,1,229.00,10,206.10,Payée
O511068,1,2026-10-02 18:13:46,C100270,Bruxelles,BE,Mobile,P1007,Casque à réduction de bruit,Audio,1,279.00,10,251.10,Expédiée
O511069,1,2026-10-02 23:22:51,C100696,Labé,GN,Marketplace,P1011,Machine à café à grains,Maison,2,499.00,5,948.10,Expédiée
O511070,1,2026-10-02 13:51:21,C101293,Bruxelles,BE,Web,P1007,Casque à réduction de bruit,Audio,1,279.00,0,279.00,Expédiée
O511070,2,2026-10-02 13:51:21,C101293,Bruxelles,BE,Web,P1009,Enceinte Bluetooth,Audio,1,79.00,10,71.10,Expédiée
O511071,1,2026-10-02 13:32:10,C100761,Dakar,SN,Web,P1009,Enceinte Bluetooth,Audio,1,79.00,5,75.05,Payée
O511072,1,2026-10-02 19:49:26,C100791,Thionville,FR,Mobile,P1020,Baskets running,Mode,1,119.00,0,119.00,Expédiée
O511072,2,2026-10-02 19:49:26,C100791,Thionville,FR,Mobile,P1014,Lampe de bureau LED,Maison,1,45.00,20,36.00,Expédiée
O511073,1,2026-10-02 17:52:28,C100141,Liège,BE,Magasin,P1019,Sac à dos urbain,Mode,1,65.00,0,65.00,Payée
O511074,1,2026-10-02 09:40:26,C101048,Bruxelles,BE,Web,P1014,Lampe de bureau LED,Maison,1,45.00,0,45.00,Créée
O511074,2,2026-10-02 09:40:26,C101048,Bruxelles,BE,Web,P1004,Souris sans fil,Informatique,2,29.00,0,58.00,Créée
O511075,1,2026-10-02 09:03:02,C100529,Bruxelles,BE,Web,P1003,Clavier mécanique,Informatique,1,89.00,0,89.00,Payée
O511076,1,2026-10-02 23:42:24,C100546,Trèves,DE,Web,P1012,Bouilloire inox,Maison,1,39.00,0,39.00,Expédiée
O511076,2,2026-10-02 23:42:24,C100546,Trèves,DE,Web,P1004,Souris sans fil,Informatique,1,29.00,20,23.20,Expédiée
O511076,3,2026-10-02 23:42:24,C100546,Trèves,DE,Web,P1019,Sac à dos urbain,Mode,1,65.00,5,61.75,Expédiée
O511076,4,2026-10-02 23:42:24,C100546,Trèves,DE,Web,P1020,Baskets running,Mode,1,119.00,0,119.00,Expédiée
O511077,1,2026-10-02 23:30:48,C101140,Liège,BE,Magasin,P1009,Enceinte Bluetooth,Audio,1,79.00,0,79.00,Expédiée
O511077,2,2026-10-02 23:30:48,C101140,Liège,BE,Magasin,P1007,Casque à réduction de bruit,Audio,1,279.00,5,265.05,Expédiée
O511078,1,2026-10-02 22:12:49,C100799,Thionville,FR,Web,P1004,Souris sans fil,Informatique,2,29.00,20,46.40,Expédiée
O511079,1,2026-10-02 20:28:44,C101013,Strasbourg,FR,Magasin,P1013,Friteuse sans huile,Maison,1,129.00,0,129.00,Créée
O511080,1,2026-10-02 21:45:36,C101084,Lyon,FR,Web,P1021,Veste imperméable,Mode,2,139.00,0,278.00,Créée
O511081,1,2026-10-02 08:29:54,C101272,Conakry,GN,Mobile,P1017,Vélo d'appartement,Sport,1,399.00,5,379.05,Expédiée
O511082,1,2026-10-02 17:39:35,C100835,Nancy,FR,Web,P1004,Souris sans fil,Informatique,1,29.00,0,29.00,Payée
O511083,1,2026-10-02 07:45:51,C100270,Lille,FR,Web,P1015,Montre connectée,Sport,1,229.00,0,229.00,Payée
O511084,1,2026-10-02 09:29:55,C100959,Paris,FR,Web,P1023,Bureau assis-debout,Bureau,1,449.00,0,449.00,Créée
O511084,2,2026-10-02 09:29:55,C100959,Paris,FR,Web,P1004,Souris sans fil,Informatique,2,29.00,0,58.00,Créée
O511085,1,2026-10-02 15:41:13,C100399,Trèves,DE,Web,P1023,Bureau assis-debout,Bureau,1,449.00,0,449.00,Payée
O511086,1,2026-10-02 21:22:56,C100172,Esch-sur-Alzette,LU,Magasin,P1005,Station d'accueil USB-C,Informatique,1,149.00,0,149.00,Expédiée
O511087,1,2026-10-02 09:13:34,C101134,Esch-sur-Alzette,LU,Mobile,P1003,Clavier mécanique,Informatique,1,89.00,0,89.00,Payée
O511088,1,2026-10-02 15:43:22,C100345,Trèves,DE,Mobile,P1001,Ordinateur portable 14 pouces,Informatique,2,749.00,0,1498.00,Expédiée
O511088,2,2026-10-02 15:43:22,C100345,Trèves,DE,Mobile,P1003,Clavier mécanique,Informatique,1,89.00,0,89.00,Expédiée
O511088,3,2026-10-02 15:43:22,C100345,Trèves,DE,Mobile,P1005,Station d'accueil USB-C,Informatique,1,149.00,10,134.10,Expédiée
O511089,1,2026-10-02 09:30:04,C100450,Lille,FR,Web,P1015,Montre connectée,Sport,1,229.00,0,229.00,Payée
O511090,1,2026-10-02 23:23:33,C100701,Genève,CH,Web,P1011,Machine à café à grains,Maison,1,499.00,0,499.00,Payée
O511090,2,2026-10-02 23:23:33,C100701,Genève,CH,Web,P1023,Bureau assis-debout,Bureau,2,449.00,15,763.30,Payée
O511091,1,2026-10-02 10:00:58,C100984,Strasbourg,FR,Mobile,P1013,Friteuse sans huile,Maison,1,129.00,0,129.00,Payée
O511091,2,2026-10-02 10:00:58,C100984,Strasbourg,FR,Mobile,P1008,Écouteurs sans fil,Audio,2,129.00,0,258.00,Payée
O511092,1,2026-10-02 08:26:55,C100786,Lyon,FR,Web,P1013,Friteuse sans huile,Maison,2,129.00,0,258.00,Créée
O511093,1,2026-10-02 17:38:17,C101232,Trèves,DE,Marketplace,P1006,Disque SSD externe 1 To,Informatique,1,109.00,0,109.00,Créée
O511094,1,2026-10-02 12:53:31,C100299,Lille,FR,Web,P1010,Aspirateur robot,Maison,1,349.00,0,349.00,Payée
O511094,2,2026-10-02 12:53:31,C100299,Lille,FR,Web,P1011,Machine à café à grains,Maison,1,499.00,0,499.00,Payée
O511095,1,2026-10-02 11:50:25,C101114,Lyon,FR,Web,P1020,Baskets running,Mode,2,119.00,0,238.00,Payée
O511096,1,2026-10-02 21:53:31,C100575,Genève,CH,Web,P1002,Écran 27 pouces 4K,Informatique,1,389.00,0,389.00,Payée
O511096,2,2026-10-02 21:53:31,C100575,Genève,CH,Web,P1017,Vélo d'appartement,Sport,1,399.00,0,399.00,Payée
O511097,1,2026-10-02 23:32:09,C101289,Lille,FR,Magasin,P1007,Casque à réduction de bruit,Audio,1,279.00,0,279.00,Payée
O511098,1,2026-10-02 20:44:59,C100471,Lille,FR,Web,P1013,Friteuse sans huile,Maison,1,129.00,10,116.10,Expédiée
O511098,2,2026-10-02 20:44:59,C100471,Lille,FR,Web,P1003,Clavier mécanique,Informatique,2,89.00,5,169.10,Expédiée
O511099,1,2026-10-02 13:07:40,C100548,Thionville,FR,Web,P1002,Écran 27 pouces 4K,Informatique,1,389.00,0,389.00,Créée
O511099,2,2026-10-02 13:07:40,C100548,Thionville,FR,Web,P1022,Chaise ergonomique,Bureau,1,299.00,0,299.00,Créée
O511100,1,2026-10-02 21:22:30,C100900,Labé,GN,Magasin,P1014,Lampe de bureau LED,Maison,1,45.00,0,45.00,Payée
O511101,1,2026-10-02 07:44:25,C100001,Genève,CH,Magasin,P1003,Clavier mécanique,Informatique,3,89.00,0,267.00,Expédiée
O511102,1,2026-10-02 21:00:58,C100868,Bruxelles,BE,Magasin,P1019,Sac à dos urbain,Mode,1,65.00,0,65.00,Créée
O511102,2,2026-10-02 21:00:58,C100868,Bruxelles,BE,Magasin,P1022,Chaise ergonomique,Bureau,1,299.00,0,299.00,Créée
O511102,3,2026-10-02 21:00:58,C100868,Bruxelles,BE,Magasin,P1004,Souris sans fil,Informatique,1,29.00,5,27.55,Créée
O511103,1,2026-10-02 23:43:15,C101162,Labé,GN,Mobile,P1018,Gourde isotherme,Sport,1,22.00,0,22.00,Payée
O511104,1,2026-10-02 18:13:13,C100608,Conakry,GN,Magasin,P1011,Machine à café à grains,Maison,-1,499.00,5,-474.05,Créée
O511104,2,2026-10-02 18:13:13,C100608,Conakry,GN,Magasin,P1014,Lampe de bureau LED,Maison,3,45.00,0,135.00,Créée
O511105,1,2026-10-02 10:31:32,C100322,Luxembourg,LU,Web,P1003,Clavier mécanique,Informatique,1,89.00,10,80.10,Créée
O511105,2,2026-10-02 10:31:32,C100322,Luxembourg,LU,Web,P1020,Baskets running,Mode,1,119.00,0,119.00,Créée
O511105,3,2026-10-02 10:31:32,C100322,Luxembourg,LU,Web,P1015,Montre connectée,Sport,1,229.00,10,206.10,Créée
O511105,4,2026-10-02 10:31:32,C100322,Luxembourg,LU,Web,P1006,Disque SSD externe 1 To,Informatique,1,109.00,0,109.00,Créée
O511106,1,2026-10-02 13:55:57,C101129,Luxembourg,LU,Magasin,P1013,Friteuse sans huile,Maison,1,129.00,10,116.10,Payée
O511106,2,2026-10-02 13:55:57,C101129,Luxembourg,LU,Magasin,P1020,Baskets running,Mode,2,119.00,10,214.20,Payée
O511106,3,2026-10-02 13:55:57,C101129,Luxembourg,LU,Magasin,P1011,Machine à café à grains,Maison,1,499.00,5,474.05,Payée
O511107,1,2026-10-02 08:41:22,C101191,Liège,BE,Mobile,P1022,Chaise ergonomique,Bureau,3,299.00,0,897.00,Expédiée
O511107,2,2026-10-02 08:41:22,C101191,Liège,BE,Mobile,P1004,Souris sans fil,Informatique,1,29.00,0,29.00,Expédiée
O511108,1,2026-10-02 20:05:08,C101047,Trèves,DE,Marketplace,P1012,Bouilloire inox,Maison,1,39.00,0,39.00,Payée
O511109,1,2026-10-02 10:51:13,C100130,Labé,GN,Mobile,P1015,Montre connectée,Sport,1,229.00,0,229.00,Créée
O511110,1,2026-10-02 11:17:44,C101011,Luxembourg,LU,Magasin,P1009,Enceinte Bluetooth,Audio,1,79.00,0,79.00,Payée
O511111,1,2026-10-02 09:21:52,C100208,Conakry,GN,Web,P1015,Montre connectée,Sport,1,229.00,0,229.00,Créée
O511112,1,2026-10-02 07:25:26,C100841,Liège,BE,Web,P1022,Chaise ergonomique,Bureau,1,299.00,10,269.10,Payée
O511113,1,2026-10-02 21:27:51,C100688,Luxembourg,LU,Mobile,P1009,Enceinte Bluetooth,Audio,1,79.00,0,79.00,Payée
O511114,1,2026-10-02 13:27:26,C100815,Nancy,FR,Marketplace,P1023,Bureau assis-debout,Bureau,1,449.00,5,426.55,Créée
O511115,1,2026-10-02 22:39:58,C100115,Luxembourg,LU,Web,P1020,Baskets running,Mode,2,119.00,0,238.00,Créée
O511115,2,2026-10-02 22:39:58,C100115,Luxembourg,LU,Web,P1017,Vélo d'appartement,Sport,2,399.00,0,798.00,Créée
O511115,3,2026-10-02 22:39:58,C100115,Luxembourg,LU,Web,P1023,Bureau assis-debout,Bureau,1,449.00,10,404.10,Créée
O511116,1,2026-10-02 07:44:35,C100976,Conakry,GN,Web,P1003,Clavier mécanique,Informatique,3,89.00,0,267.00,Payée
O511116,2,2026-10-02 07:44:35,C100976,Conakry,GN,Web,P1004,Souris sans fil,Informatique,1,29.00,0,29.00,Payée
O511117,1,2026-10-02 22:20:45,C100173,Luxembourg,LU,Web,P1010,Aspirateur robot,Maison,2,349.00,0,698.00,Payée
O511117,2,2026-10-02 22:20:45,C100173,Luxembourg,LU,Web,P1021,Veste imperméable,Mode,2,139.00,10,250.20,Payée
O511118,1,2026-10-02 09:34:15,C100005,Liège,BE,Web,P1008,Écouteurs sans fil,Audio,1,129.00,0,129.00,Créée
O511119,1,2026-10-02 09:00:38,C100987,Bruxelles,BE,Web,P1009,Enceinte Bluetooth,Audio,1,79.00,0,79.00,Expédiée
O511120,1,2026-10-02 08:36:20,C101173,Sarrebruck,DE,Mobile,P1003,Clavier mécanique,Informatique,1,89.00,10,80.10,Payée
O511120,2,2026-10-02 08:36:20,C101173,Sarrebruck,DE,Mobile,P1007,Casque à réduction de bruit,Audio,1,279.00,20,223.20,Payée
O511121,1,2026-10-02 20:11:52,C100513,Genève,CH,Mobile,P1007,Casque à réduction de bruit,Audio,1,279.00,0,279.00,Payée
O511121,2,2026-10-02 20:11:52,C100513,Genève,CH,Mobile,P1009,Enceinte Bluetooth,Audio,1,79.00,0,79.00,Payée
O511122,1,2026-10-02 17:20:07,C101140,Strasbourg,FR,Mobile,P1008,Écouteurs sans fil,Audio,3,129.00,15,328.95,Payée
O511122,2,2026-10-02 17:20:07,C101140,Strasbourg,FR,Mobile,P1004,Souris sans fil,Informatique,1,29.00,5,27.55,Payée
O511123,1,2026-10-02 23:31:43,C100873,Thionville,FR,Web,P1004,Souris sans fil,Informatique,1,29.00,5,27.55,Payée
O511123,2,2026-10-02 23:31:43,C100873,Thionville,FR,Web,P1014,Lampe de bureau LED,Maison,1,45.00,5,42.75,Payée
O511124,1,2026-10-02 18:26:38,C100336,Metz,FR,Magasin,P1006,Disque SSD externe 1 To,Informatique,1,109.00,5,103.55,Créée
O511124,2,2026-10-02 18:26:38,C100336,Metz,FR,Magasin,P1011,Machine à café à grains,Maison,1,499.00,0,499.00,Créée
O511124,3,2026-10-02 18:26:38,C100336,Metz,FR,Magasin,P1007,Casque à réduction de bruit,Audio,1,279.00,0,279.00,Créée
O511125,1,2026-10-02 07:51:01,C100647,Labé,GN,Mobile,P1012,Bouilloire inox,Maison,1,39.00,5,37.05,Payée
O511125,2,2026-10-02 07:51:01,C100647,Labé,GN,Mobile,P1001,Ordinateur portable 14 pouces,Informatique,1,749.00,0,749.00,Payée
O511125,3,2026-10-02 07:51:01,C100647,Labé,GN,Mobile,P1005,Station d'accueil USB-C,Informatique,1,149.00,0,149.00,Payée
O511126,1,2026-10-02 12:51:45,C100870,Conakry,GN,Web,P1005,Station d'accueil USB-C,Informatique,2,149.00,0,298.00,Expédiée
O511127,1,2026-10-02 08:25:50,C100175,Labé,GN,Mobile,P1017,Vélo d'appartement,Sport,1,399.00,0,399.00,Expédiée
O511127,2,2026-10-02 08:25:50,C100175,Labé,GN,Mobile,P1018,Gourde isotherme,Sport,3,22.00,5,62.70,Expédiée
O511128,1,2026-10-02 06:32:52,C100940,Bruxelles,BE,Marketplace,P1012,Bouilloire inox,Maison,1,0.00,0,0.00,Payée
O511128,2,2026-10-02 06:32:52,C100940,Bruxelles,BE,Marketplace,P1013,Friteuse sans huile,Maison,1,129.00,0,129.00,Payée
O511128,3,2026-10-02 06:32:52,C100940,Bruxelles,BE,Marketplace,P1009,Enceinte Bluetooth,Audio,1,79.00,0,79.00,Payée
O511129,1,2026-10-02 17:26:56,C100265,Liège,BE,Web,P1022,Chaise ergonomique,Bureau,1,299.00,0,299.00,Payée
O511129,2,2026-10-02 17:26:56,C100265,Liège,BE,Web,P1009,Enceinte Bluetooth,Audio,1,79.00,10,71.10,Payée
O511130,1,2026-10-02 19:39:10,C101247,Bruxelles,BE,Web,P1019,Sac à dos urbain,Mode,3,65.00,0,195.00,Payée
O511131,1,2026-10-02 06:19:34,C100860,Liège,BE,Web,P1004,Souris sans fil,Informatique,2,29.00,0,58.00,Payée
O511131,2,2026-10-02 06:19:34,C100860,Liège,BE,Web,P1019,Sac à dos urbain,Mode,1,65.00,0,65.00,Payée
O511131,3,2026-10-02 06:19:34,C100860,Liège,BE,Web,P1011,Machine à café à grains,Maison,2,499.00,0,998.00,Payée
O511132,1,2026-10-02 17:38:48,C100926,Nancy,FR,Web,P1024,Stylo plume,Bureau,1,35.00,15,29.75,Payée
O511133,1,2026-10-02 14:15:27,C100457,Sarrebruck,DE,Marketplace,P1023,Bureau assis-debout,Bureau,1,449.00,20,359.20,Payée
O511134,1,2026-10-02 13:07:34,C100206,Bruxelles,BE,Marketplace,P1007,Casque à réduction de bruit,Audio,4,279.00,10,1004.40,Payée
O511134,2,2026-10-02 13:07:34,C100206,Bruxelles,BE,Marketplace,P1010,Aspirateur robot,Maison,2,349.00,0,698.00,Payée
O511135,1,2026-10-02 21:42:09,C100741,Genève,CH,Web,P1013,Friteuse sans huile,Maison,1,129.00,0,129.00,Créée
O511136,1,2026-10-02 11:02:53,C101238,Strasbourg,FR,Mobile,P1010,Aspirateur robot,Maison,1,349.00,15,296.65,Expédiée
O511136,2,2026-10-02 11:02:53,C101238,Strasbourg,FR,Mobile,P1016,Tapis de yoga,Sport,1,25.00,0,25.00,Expédiée
O511137,1,2026-10-02 14:44:33,C101191,Paris,FR,Magasin,P1017,Vélo d'appartement,Sport,1,399.00,0,399.00,Créée
O511137,2,2026-10-02 14:44:33,C101191,Paris,FR,Magasin,P1013,Friteuse sans huile,Maison,1,129.00,5,122.55,Créée
O511137,3,2026-10-02 14:44:33,C101191,Paris,FR,Magasin,P1014,Lampe de bureau LED,Maison,1,45.00,0,45.00,Créée
O511137,4,2026-10-02 14:44:33,C101191,Paris,FR,Magasin,P1004,Souris sans fil,Informatique,2,29.00,0,58.00,Créée
O511138,1,2026-10-02 09:38:18,C100507,Genève,CH,Mobile,P1004,Souris sans fil,Informatique,1,29.00,0,29.00,Payée
O511139,1,2026-10-02 21:58:27,C100139,Esch-sur-Alzette,LU,Magasin,P1020,Baskets running,Mode,2,119.00,0,238.00,Payée
O511139,2,2026-10-02 21:58:27,C100139,Esch-sur-Alzette,LU,Magasin,P1011,Machine à café à grains,Maison,1,499.00,15,424.15,Payée
O511140,1,2026-10-02 17:59:21,C100599,Trèves,DE,Web,P1008,Écouteurs sans fil,Audio,1,129.00,0,129.00,Payée
O511140,2,2026-10-02 17:59:21,C100599,Trèves,DE,Web,P1007,Casque à réduction de bruit,Audio,1,279.00,0,279.00,Payée
O511141,1,2026-10-02 14:56:35,C100969,Lyon,FR,Mobile,P1003,Clavier mécanique,Informatique,3,89.00,10,240.30,Expédiée
O511142,1,2026-10-02 09:02:20,C101195,Sarrebruck,DE,Web,P1021,Veste imperméable,Mode,1,139.00,5,132.05,Créée
O511142,2,2026-10-02 09:02:20,C101195,Sarrebruck,DE,Web,P1017,Vélo d'appartement,Sport,1,399.00,0,399.00,Créée
O511142,3,2026-10-02 09:02:20,C101195,Sarrebruck,DE,Web,P1002,Écran 27 pouces 4K,Informatique,1,389.00,0,389.00,Créée
O511142,4,2026-10-02 09:02:20,C101195,Sarrebruck,DE,Web,P1004,Souris sans fil,Informatique,1,29.00,0,29.00,Créée
O511143,1,2026-10-02 20:36:21,C100244,Metz,FR,Web,P1010,Aspirateur robot,Maison,1,349.00,0,349.00,Payée
O511144,1,2026-10-02 11:07:12,C101103,Strasbourg,FR,Web,P1002,Écran 27 pouces 4K,Informatique,2,389.00,5,739.10,Payée
O511145,1,2026-10-02 22:23:32,C100052,Conakry,GN,Web,P1008,Écouteurs sans fil,Audio,1,129.00,0,129.00,Payée
O511146,1,2026-10-02 11:04:16,C101217,Liège,BE,Mobile,P1015,Montre connectée,Sport,2,229.00,5,435.10,Payée
O511146,2,2026-10-02 11:04:16,C101217,Liège,BE,Mobile,P1010,Aspirateur robot,Maison,1,349.00,0,349.00,Payée
O511146,3,2026-10-02 11:04:16,C101217,Liège,BE,Mobile,P1004,Souris sans fil,Informatique,4,29.00,0,116.00,Payée
O511146,4,2026-10-02 11:04:16,C101217,Liège,BE,Mobile,P1009,Enceinte Bluetooth,Audio,1,79.00,0,79.00,Payée
O511147,1,2026-10-02 23:53:20,C100191,Liège,BE,Mobile,P1009,Enceinte Bluetooth,Audio,2,79.00,5,150.10,Expédiée
O511148,1,2026-10-02 17:34:34,C100899,Luxembourg,LU,Magasin,P1023,Bureau assis-debout,Bureau,3,449.00,0,1347.00,Payée
O511149,1,2026-10-02 19:01:05,C100750,Strasbourg,FR,Web,P1005,Station d'accueil USB-C,Informatique,1,149.00,15,126.65,Expédiée
O511150,1,2026-10-02 07:36:09,C101179,Thionville,FR,Mobile,P1007,Casque à réduction de bruit,Audio,1,279.00,0,279.00,Créée
O511150,2,2026-10-02 07:36:09,C101179,Thionville,FR,Mobile,P1003,Clavier mécanique,Informatique,1,89.00,0,89.00,Créée
O511151,1,2026-10-02 10:19:59,C101128,Liège,BE,Mobile,P1003,Clavier mécanique,Informatique,1,89.00,0,89.00,Créée
O511151,2,2026-10-02 10:19:59,C101128,Liège,BE,Mobile,P1012,Bouilloire inox,Maison,1,39.00,0,39.00,Créée
O511152,1,2026-10-02 07:46:01,C100519,Strasbourg,FR,Marketplace,P1016,Tapis de yoga,Sport,1,25.00,0,25.00,Expédiée
O511153,1,2026-10-02 21:19:35,C101223,Lille,FR,Mobile,P1012,Bouilloire inox,Maison,1,39.00,0,39.00,Payée
O511154,1,2026-10-02 11:52:54,C100262,Nancy,FR,Web,P1009,Enceinte Bluetooth,Audio,1,79.00,10,71.10,Payée
O511154,2,2026-10-02 11:52:54,C100262,Nancy,FR,Web,P1011,Machine à café à grains,Maison,1,499.00,20,399.20,Payée
O511155,1,2026-10-02 17:48:20,C101112,Lyon,FR,Web,P1007,Casque à réduction de bruit,Audio,1,279.00,15,237.15,Payée
O511155,2,2026-10-02 17:48:20,C101112,Lyon,FR,Web,P1003,Clavier mécanique,Informatique,1,89.00,0,89.00,Payée
O511156,1,2026-10-02 13:33:50,C101180,Sarrebruck,DE,Mobile,P1007,Casque à réduction de bruit,Audio,1,279.00,0,279.00,Expédiée
O511157,1,2026-10-02 06:03:07,C100778,Metz,FR,Magasin,P1018,Gourde isotherme,Sport,1,22.00,0,22.00,Payée
O511157,2,2026-10-02 06:03:07,C100778,Metz,FR,Magasin,P1024,Stylo plume,Bureau,2,35.00,0,70.00,Payée
O511158,1,2026-10-02 09:07:20,C100576,Bruxelles,BE,Web,P1004,Souris sans fil,Informatique,1,29.00,10,26.10,Créée
O511158,2,2026-10-02 09:07:20,C100576,Bruxelles,BE,Web,P1005,Station d'accueil USB-C,Informatique,3,149.00,15,379.95,Créée
O511158,3,2026-10-02 09:07:20,C100576,Bruxelles,BE,Web,P1021,Veste imperméable,Mode,1,139.00,5,132.05,Créée
O511159,1,2026-10-02 06:23:02,C101043,Dakar,SN,Web,P1016,Tapis de yoga,Sport,1,25.00,0,25.00,Payée
O511160,1,2026-10-02 23:10:06,C100965,Thionville,FR,Mobile,P1014,Lampe de bureau LED,Maison,3,45.00,0,135.00,Expédiée
O511161,1,2026-10-02 16:07:02,C100569,Lille,FR,Magasin,P1005,Station d'accueil USB-C,Informatique,1,149.00,10,134.10,Créée
O511161,2,2026-10-02 16:07:02,C100569,Lille,FR,Magasin,P1017,Vélo d'appartement,Sport,1,399.00,0,399.00,Créée
O511162,1,2026-10-02 07:33:37,C100320,Trèves,DE,Marketplace,P1024,Stylo plume,Bureau,1,35.00,0,35.00,Payée
O511162,2,2026-10-02 07:33:37,C100320,Trèves,DE,Marketplace,P1009,Enceinte Bluetooth,Audio,1,79.00,0,79.00,Payée
O511163,1,2026-10-02 06:34:54,C100202,Thionville,FR,Magasin,P1020,Baskets running,Mode,1,119.00,0,119.00,Créée
O511164,1,2026-10-02 09:47:17,C100732,Sarrebruck,DE,Web,P1006,Disque SSD externe 1 To,Informatique,1,109.00,0,109.00,Expédiée
O511165,1,2026-10-02 13:06:43,C100916,Bruxelles,BE,Web,P1018,Gourde isotherme,Sport,2,22.00,0,44.00,Expédiée
O511165,2,2026-10-02 13:06:43,C100916,Bruxelles,BE,Web,P1024,Stylo plume,Bureau,1,35.00,0,35.00,Expédiée
O511165,3,2026-10-02 13:06:43,C100916,Bruxelles,BE,Web,P1002,Écran 27 pouces 4K,Informatique,2,389.00,0,778.00,Expédiée
O511166,1,2026-10-02 16:43:23,C100731,Metz,FR,Web,P1001,Ordinateur portable 14 pouces,Informatique,1,749.00,0,749.00,Créée
O511167,1,2026-10-02 16:32:16,C101249,Lille,FR,Web,P1012,Bouilloire inox,Maison,1,39.00,0,39.00,Expédiée
O511168,1,2026-10-02 16:49:40,C100783,Metz,FR,Mobile,P1002,Écran 27 pouces 4K,Informatique,1,389.00,0,389.00,Payée
O511168,2,2026-10-02 16:49:40,C100783,Metz,FR,Mobile,P1004,Souris sans fil,Informatique,2,29.00,0,58.00,Payée
O511169,1,2026-10-02 07:10:32,C101289,Strasbourg,FR,Web,P1003,Clavier mécanique,Informatique,1,89.00,10,80.10,Payée
O511170,1,2026-10-02 23:26:52,C100801,Esch-sur-Alzette,LU,Web,P1018,Gourde isotherme,Sport,1,22.00,0,22.00,Payée
O511171,1,2026-10-02 23:17:38,C100296,Bruxelles,BE,Marketplace,P1012,Bouilloire inox,Maison,1,39.00,5,37.05,Expédiée
O511171,2,2026-10-02 23:17:38,C100296,Bruxelles,BE,Marketplace,P1011,Machine à café à grains,Maison,2,499.00,0,998.00,Expédiée
O511172,1,2026-10-02 11:17:54,C100447,Luxembourg,LU,Magasin,P1020,Baskets running,Mode,1,119.00,0,119.00,Payée
O511172,2,2026-10-02 11:17:54,C100447,Luxembourg,LU,Magasin,P1023,Bureau assis-debout,Bureau,1,449.00,10,404.10,Payée
O511173,1,2026-10-02 10:39:13,C100018,Thionville,FR,Mobile,P1004,Souris sans fil,Informatique,1,29.00,0,29.00,Expédiée
O511174,1,2026-10-02 06:09:19,C100868,Liège,BE,Mobile,P1005,Station d'accueil USB-C,Informatique,2,149.00,0,298.00,Payée
O511175,1,2026-10-02 20:08:25,C100313,Sarrebruck,DE,Web,P1022,Chaise ergonomique,Bureau,1,299.00,0,299.00,Créée
O511176,1,2026-10-02 19:04:14,C100101,Paris,FR,Web,P1013,Friteuse sans huile,Maison,1,129.00,5,122.55,Payée
O511176,2,2026-10-02 19:04:14,C100101,Paris,FR,Web,P1004,Souris sans fil,Informatique,2,29.00,0,58.00,Payée
O511176,3,2026-10-02 19:04:14,C100101,Paris,FR,Web,P1008,Écouteurs sans fil,Audio,1,129.00,0,129.00,Payée
O511176,4,2026-10-02 19:04:14,C100101,Paris,FR,Web,P1001,Ordinateur portable 14 pouces,Informatique,1,749.00,10,674.10,Payée
O511177,1,2026-10-02 16:15:05,C100254,Trèves,DE,Marketplace,P1012,Bouilloire inox,Maison,1,39.00,0,39.00,Payée
O511178,1,2026-10-02 06:30:09,C100228,Paris,FR,Web,P1003,Clavier mécanique,Informatique,1,89.00,10,80.10,Payée
O511178,2,2026-10-02 06:30:09,C100228,Paris,FR,Web,P1001,Ordinateur portable 14 pouces,Informatique,2,749.00,0,1498.00,Payée
O511178,3,2026-10-02 06:30:09,C100228,Paris,FR,Web,P1015,Montre connectée,Sport,2,229.00,0,458.00,Payée
O511179,1,2026-10-02 08:56:55,C100680,Esch-sur-Alzette,LU,Web,P1020,Baskets running,Mode,1,119.00,0,119.00,Créée
O511179,2,2026-10-02 08:56:55,C100680,Esch-sur-Alzette,LU,Web,P1016,Tapis de yoga,Sport,1,25.00,20,20.00,Créée
O511180,1,2026-10-02 20:18:19,C100802,Nancy,FR,Mobile,P1022,Chaise ergonomique,Bureau,1,299.00,10,269.10,Payée
O511181,1,2026-10-02 15:09:50,C100663,Liège,BE,Mobile,P1013,Friteuse sans huile,Maison,1,129.00,0,129.00,Créée
O511182,1,2026-10-02 23:19:47,C100316,Lille,FR,Mobile,P1016,Tapis de yoga,Sport,1,25.00,10,22.50,Créée
O511182,2,2026-10-02 23:19:47,C100316,Lille,FR,Mobile,P1002,Écran 27 pouces 4K,Informatique,1,389.00,0,389.00,Créée
O511182,3,2026-10-02 23:19:47,C100316,Lille,FR,Mobile,P1009,Enceinte Bluetooth,Audio,1,79.00,0,79.00,Créée
O511183,1,2026-10-02 20:56:47,C100162,Esch-sur-Alzette,LU,Web,P1017,Vélo d'appartement,Sport,2,399.00,0,798.00,Payée
O511184,1,2026-10-02 11:35:27,C100416,Paris,FR,Web,P1005,Station d'accueil USB-C,Informatique,1,149.00,0,149.00,Payée
O511184,2,2026-10-02 11:35:27,C100416,Paris,FR,Web,P1007,Casque à réduction de bruit,Audio,1,279.00,0,279.00,Payée
O511185,1,2026-10-02 06:14:26,C100538,Dakar,SN,Mobile,P1019,Sac à dos urbain,Mode,1,65.00,0,65.00,Créée
O511185,2,2026-10-02 06:14:26,C100538,Dakar,SN,Mobile,P1024,Stylo plume,Bureau,1,35.00,0,35.00,Créée
O511186,1,2026-10-02 08:38:44,C100433,Paris,FR,Mobile,P1016,Tapis de yoga,Sport,2,25.00,0,50.00,Payée
O511187,1,2026-10-02 20:57:09,C100086,Thionville,FR,Web,P1010,Aspirateur robot,Maison,3,349.00,0,1047.00,Payée
O511187,2,2026-10-02 20:57:09,C100086,Thionville,FR,Web,P1001,Ordinateur portable 14 pouces,Informatique,1,749.00,0,749.00,Payée
O511188,1,2026-10-02 23:12:05,C100650,Paris,FR,Magasin,P1018,Gourde isotherme,Sport,1,22.00,10,19.80,Créée
O511189,1,2026-10-02 19:16:00,C100177,Paris,FR,Mobile,P1018,Gourde isotherme,Sport,2,22.00,15,37.40,Payée
O511189,2,2026-10-02 19:16:00,C100177,Paris,FR,Mobile,P1022,Chaise ergonomique,Bureau,2,299.00,10,538.20,Payée
O511190,1,2026-10-02 10:32:27,C100166,Thionville,FR,Magasin,P1019,Sac à dos urbain,Mode,1,65.00,0,65.00,Payée
O511191,1,2026-10-02 16:56:46,C101260,Lille,FR,Mobile,P1019,Sac à dos urbain,Mode,1,65.00,20,52.00,Payée
O511191,2,2026-10-02 16:56:46,C101260,Lille,FR,Mobile,P1013,Friteuse sans huile,Maison,1,129.00,0,129.00,Payée
O511191,3,2026-10-02 16:56:46,C101260,Lille,FR,Mobile,P1004,Souris sans fil,Informatique,1,29.00,0,29.00,Payée
O511192,1,2026-10-02 15:45:48,C101285,Trèves,DE,Web,P1016,Tapis de yoga,Sport,1,25.00,0,25.00,Payée
O511192,2,2026-10-02 15:45:48,C101285,Trèves,DE,Web,P1013,Friteuse sans huile,Maison,1,129.00,5,122.55,Payée
O511192,3,2026-10-02 15:45:48,C101285,Trèves,DE,Web,P1001,Ordinateur portable 14 pouces,Informatique,1,749.00,0,749.00,Payée
O511193,1,2026-10-02 16:26:14,C100389,Metz,FR,Mobile,P1021,Veste imperméable,Mode,1,139.00,0,139.00,Payée
O511193,2,2026-10-02 16:26:14,C100389,Metz,FR,Mobile,P1024,Stylo plume,Bureau,1,35.00,0,35.00,Payée
O511194,1,2026-10-02 15:33:53,C100098,Conakry,GN,Web,P1023,Bureau assis-debout,Bureau,2,449.00,0,898.00,Payée
O511195,1,2026-10-02 17:47:26,C100199,Lyon,FR,Magasin,P1019,Sac à dos urbain,Mode,1,65.00,0,65.00,Payée
O511195,2,2026-10-02 17:47:26,C100199,Lyon,FR,Magasin,P1015,Montre connectée,Sport,2,229.00,0,458.00,Payée
O511196,1,2026-10-02 15:14:11,C100862,Esch-sur-Alzette,LU,Magasin,P1022,Chaise ergonomique,Bureau,1,299.00,0,299.00,Payée
O511196,2,2026-10-02 15:14:11,C100862,Esch-sur-Alzette,LU,Magasin,P1017,Vélo d'appartement,Sport,1,399.00,0,399.00,Payée
O511197,1,2026-10-02 16:38:53,C100039,Lille,FR,Marketplace,P1005,Station d'accueil USB-C,Informatique,1,149.00,5,141.55,Payée
O511198,1,2026-10-02 22:54:04,C100801,Strasbourg,FR,Web,P1013,Friteuse sans huile,Maison,1,129.00,0,129.00,Payée
O511199,1,2026-10-02 12:27:01,C100886,Esch-sur-Alzette,LU,Web,P1014,Lampe de bureau LED,Maison,2,45.00,15,76.50,Payée
O511199,2,2026-10-02 12:27:01,C100886,Esch-sur-Alzette,LU,Web,P1010,Aspirateur robot,Maison,1,349.00,0,349.00,Payée
O511199,3,2026-10-02 12:27:01,C100886,Esch-sur-Alzette,LU,Web,P1018,Gourde isotherme,Sport,1,22.00,0,22.00,Payée
O511200,1,2026-10-02 22:43:35,C100062,Lille,FR,Web,P1011,Machine à café à grains,Maison,1,499.00,0,499.00,Expédiée
O511201,1,2026-10-02 19:51:44,C100319,Nancy,FR,Mobile,P1010,Aspirateur robot,Maison,1,349.00,5,331.55,Créée
O511202,1,2026-10-02 22:52:33,C100728,Strasbourg,FR,Web,P1008,Écouteurs sans fil,Audio,1,129.00,0,129.00,Payée
O511202,2,2026-10-02 22:52:33,C100728,Strasbourg,FR,Web,P1002,Écran 27 pouces 4K,Informatique,1,389.00,0,389.00,Payée
O511202,3,2026-10-02 22:52:33,C100728,Strasbourg,FR,Web,P1005,Station d'accueil USB-C,Informatique,1,149.00,0,149.00,Payée
O511202,4,2026-10-02 22:52:33,C100728,Strasbourg,FR,Web,P1006,Disque SSD externe 1 To,Informatique,2,109.00,0,218.00,Payée
O511203,1,2026-10-02 10:30:40,C101222,Labé,GN,Web,P1015,Montre connectée,Sport,1,229.00,10,206.10,Payée
O511204,1,2026-10-02 15:48:22,C100585,Lille,FR,Web,P1015,Montre connectée,Sport,1,229.00,0,229.00,Payée
O511205,1,2026-10-02 22:12:58,C101105,Lille,FR,Magasin,P1007,Casque à réduction de bruit,Audio,2,279.00,15,474.30,Créée
O511205,2,2026-10-02 22:12:58,C101105,Lille,FR,Magasin,P1024,Stylo plume,Bureau,1,35.00,10,31.50,Créée
O511206,1,2026-10-02 09:19:54,C100661,Nancy,FR,Marketplace,P1017,Vélo d'appartement,Sport,1,399.00,0,399.00,Expédiée
O511207,1,2026-10-02 11:50:05,C100427,Trèves,DE,Web,P1014,Lampe de bureau LED,Maison,1,45.00,0,45.00,Payée
O511208,1,2026-10-02 23:40:40,C100429,Trèves,DE,Mobile,P1012,Bouilloire inox,Maison,2,39.00,5,74.10,Payée
O511209,1,2026-10-02 12:32:10,C100352,Dakar,SN,Web,P1012,Bouilloire inox,Maison,1,39.00,0,39.00,Payée
O511209,2,2026-10-02 12:32:10,C100352,Dakar,SN,Web,P1006,Disque SSD externe 1 To,Informatique,1,109.00,20,87.20,Payée
O511209,3,2026-10-02 12:32:10,C100352,Dakar,SN,Web,P1024,Stylo plume,Bureau,1,35.00,0,35.00,Payée
O511210,1,2026-10-02 10:38:30,C100060,Dakar,SN,Magasin,P1008,Écouteurs sans fil,Audio,2,129.00,0,258.00,Créée
O511211,1,2026-10-02 16:10:16,C100506,Sarrebruck,DE,Web,P1022,Chaise ergonomique,Bureau,3,299.00,0,897.00,Créée
O511211,2,2026-10-02 16:10:16,C100506,Sarrebruck,DE,Web,P1019,Sac à dos urbain,Mode,1,65.00,10,58.50,Créée
O511211,3,2026-10-02 16:10:16,C100506,Sarrebruck,DE,Web,P1020,Baskets running,Mode,4,119.00,0,476.00,Créée
O511212,1,2026-10-02 12:05:14,C100055,Dakar,SN,Magasin,P1015,Montre connectée,Sport,1,229.00,10,206.10,Expédiée
O511213,1,2026-10-02 09:01:34,C100434,Nancy,FR,Marketplace,P1006,Disque SSD externe 1 To,Informatique,1,109.00,0,109.00,Créée
O511214,1,2026-10-02 12:14:42,C100073,Liège,BE,Web,P1018,Gourde isotherme,Sport,1,22.00,5,20.90,Expédiée
O511215,1,2026-10-02 17:34:55,C100496,Bruxelles,BE,Web,P1010,Aspirateur robot,Maison,3,349.00,0,1047.00,Expédiée
O511216,1,2026-10-02 10:43:57,C100153,Metz,FR,Web,P1020,Baskets running,Mode,1,119.00,0,119.00,Expédiée
O511216,2,2026-10-02 10:43:57,C100153,Metz,FR,Web,P1004,Souris sans fil,Informatique,1,29.00,0,29.00,Expédiée
O511217,1,2026-10-02 20:56:26,C100079,Lille,FR,Web,P1003,Clavier mécanique,Informatique,1,89.00,0,89.00,Créée
O511218,1,2026-10-02 12:49:17,C100831,Strasbourg,FR,Web,P1008,Écouteurs sans fil,Audio,2,129.00,0,258.00,Payée
O511218,2,2026-10-02 12:49:17,C100831,Strasbourg,FR,Web,P1018,Gourde isotherme,Sport,3,22.00,0,66.00,Payée
O511219,1,2026-10-02 23:58:28,C100259,Lille,FR,Mobile,P1006,Disque SSD externe 1 To,Informatique,2,109.00,5,207.10,Payée
O511220,1,2026-10-02 14:30:18,C101074,Genève,CH,Mobile,P1012,Bouilloire inox,Maison,1,39.00,0,39.00,Payée
O511220,2,2026-10-02 14:30:18,C101074,Genève,CH,Mobile,P1009,Enceinte Bluetooth,Audio,3,79.00,0,237.00,Payée
O511221,1,2026-10-02 21:25:18,C101053,Genève,CH,Web,P1022,Chaise ergonomique,Bureau,1,299.00,5,284.05,Payée
O511222,1,2026-10-02 17:01:08,C100425,Labé,GN,Mobile,P1013,Friteuse sans huile,Maison,2,0.00,10,0.00,Payée
O511223,1,2026-10-02 08:46:32,C100085,Dakar,SN,Web,P1014,Lampe de bureau LED,Maison,1,45.00,0,45.00,Payée
O511224,1,2026-10-02 08:20:55,C100995,Conakry,GN,Mobile,P1001,Ordinateur portable 14 pouces,Informatique,2,749.00,0,1498.00,Expédiée
O511225,1,2026-10-02 20:01:15,C100957,Bruxelles,BE,Web,P1002,Écran 27 pouces 4K,Informatique,1,389.00,10,350.10,Créée
O511226,1,2026-10-02 17:05:54,C100837,Genève,CH,Web,P1004,Souris sans fil,Informatique,1,29.00,0,29.00,Payée
O511226,2,2026-10-02 17:05:54,C100837,Genève,CH,Web,P1003,Clavier mécanique,Informatique,1,89.00,20,71.20,Payée
O511227,1,2026-10-02 18:39:05,C100077,Dakar,SN,Mobile,P1015,Montre connectée,Sport,2,229.00,10,412.20,Créée
O511227,2,2026-10-02 18:39:05,C100077,Dakar,SN,Mobile,P1011,Machine à café à grains,Maison,1,499.00,0,499.00,Créée
O511228,1,2026-10-02 07:40:30,C100095,Thionville,FR,Marketplace,P1011,Machine à café à grains,Maison,1,499.00,0,499.00,Payée
O511228,2,2026-10-02 07:40:30,C100095,Thionville,FR,Marketplace,P1008,Écouteurs sans fil,Audio,1,129.00,0,129.00,Payée
O511228,3,2026-10-02 07:40:30,C100095,Thionville,FR,Marketplace,P1024,Stylo plume,Bureau,1,35.00,5,33.25,Payée
O511228,4,2026-10-02 07:40:30,C100095,Thionville,FR,Marketplace,P1020,Baskets running,Mode,1,119.00,0,119.00,Payée
O511229,1,2026-10-02 15:39:19,C100842,Nancy,FR,Magasin,P1020,Baskets running,Mode,3,119.00,0,357.00,Payée
O511229,2,2026-10-02 15:39:19,C100842,Nancy,FR,Magasin,P1012,Bouilloire inox,Maison,1,39.00,5,37.05,Payée
O511230,1,2026-10-02 09:47:57,C100572,Thionville,FR,Marketplace,P1018,Gourde isotherme,Sport,3,22.00,0,66.00,Payée
O511231,1,2026-10-02 20:22:11,C100671,Liège,BE,Web,P1007,Casque à réduction de bruit,Audio,2,279.00,0,558.00,Payée
O511231,2,2026-10-02 20:22:11,C100671,Liège,BE,Web,P1002,Écran 27 pouces 4K,Informatique,1,389.00,10,350.10,Payée
O511232,1,2026-10-02 15:25:47,C100709,Trèves,DE,Mobile,P1007,Casque à réduction de bruit,Audio,1,279.00,15,237.15,Payée
O511232,2,2026-10-02 15:25:47,C100709,Trèves,DE,Mobile,P1023,Bureau assis-debout,Bureau,1,449.00,0,449.00,Payée
O511232,3,2026-10-02 15:25:47,C100709,Trèves,DE,Mobile,P1011,Machine à café à grains,Maison,1,499.00,5,474.05,Payée
O511232,4,2026-10-02 15:25:47,C100709,Trèves,DE,Mobile,P1022,Chaise ergonomique,Bureau,1,299.00,0,299.00,Payée
O511233,1,2026-10-02 22:34:25,C100678,Esch-sur-Alzette,LU,Mobile,P1006,Disque SSD externe 1 To,Informatique,1,109.00,5,103.55,Payée
O511234,1,2026-10-02 19:09:37,C100180,Paris,FR,Marketplace,P1020,Baskets running,Mode,2,119.00,5,226.10,Créée
O511234,2,2026-10-02 19:09:37,C100180,Paris,FR,Marketplace,P1009,Enceinte Bluetooth,Audio,1,79.00,0,79.00,Créée
O511235,1,2026-10-02 21:17:27,C100462,Esch-sur-Alzette,LU,Mobile,P1021,Veste imperméable,Mode,2,139.00,0,278.00,Payée
O511235,2,2026-10-02 21:17:27,C100462,Esch-sur-Alzette,LU,Mobile,P1011,Machine à café à grains,Maison,1,499.00,0,499.00,Payée
O511235,3,2026-10-02 21:17:27,C100462,Esch-sur-Alzette,LU,Mobile,P1024,Stylo plume,Bureau,2,35.00,0,70.00,Payée
O511235,4,2026-10-02 21:17:27,C100462,Esch-sur-Alzette,LU,Mobile,P1007,Casque à réduction de bruit,Audio,1,279.00,10,251.10,Payée
O511236,1,2026-10-02 15:49:33,C101006,Thionville,FR,Web,P1006,Disque SSD externe 1 To,Informatique,3,109.00,10,294.30,Payée
O511237,1,2026-10-02 07:20:05,C100646,Lyon,FR,Web,P1014,Lampe de bureau LED,Maison,1,45.00,0,45.00,Payée
O511238,1,2026-10-02 22:16:06,C100034,Strasbourg,FR,Mobile,P1008,Écouteurs sans fil,Audio,1,129.00,5,122.55,Payée
O511239,1,2026-10-02 13:55:58,C100046,Trèves,DE,Mobile,P1006,Disque SSD externe 1 To,Informatique,1,109.00,5,103.55,Payée
O511239,2,2026-10-02 13:55:58,C100046,Trèves,DE,Mobile,P1020,Baskets running,Mode,4,119.00,0,476.00,Payée
O511240,1,2026-10-02 18:21:37,C100734,Luxembourg,LU,Mobile,P1024,Stylo plume,Bureau,1,35.00,5,33.25,Payée
O511241,1,2026-10-02 22:51:24,C100169,Genève,CH,Web,P1005,Station d'accueil USB-C,Informatique,1,149.00,10,134.10,Créée
O511242,1,2026-10-02 20:14:51,C100728,Lyon,FR,Mobile,P1004,Souris sans fil,Informatique,3,29.00,0,87.00,Payée
O511242,2,2026-10-02 20:14:51,C100728,Lyon,FR,Mobile,P1013,Friteuse sans huile,Maison,1,129.00,0,129.00,Payée
O511242,3,2026-10-02 20:14:51,C100728,Lyon,FR,Mobile,P1019,Sac à dos urbain,Mode,1,65.00,0,65.00,Payée
O511243,1,2026-10-02 13:19:41,C101057,Nancy,FR,Web,P1024,Stylo plume,Bureau,3,35.00,5,99.75,Créée
O511244,1,2026-10-02 23:47:21,C100946,Bruxelles,BE,Web,P1018,Gourde isotherme,Sport,2,22.00,0,44.00,Payée
O511244,2,2026-10-02 23:47:21,C100946,Bruxelles,BE,Web,P1023,Bureau assis-debout,Bureau,1,449.00,0,449.00,Payée
O511245,1,2026-10-02 17:56:15,C101192,Thionville,FR,Mobile,P1023,Bureau assis-debout,Bureau,2,449.00,0,898.00,Payée
O511245,2,2026-10-02 17:56:15,C101192,Thionville,FR,Mobile,P1015,Montre connectée,Sport,1,229.00,0,229.00,Payée
O511246,1,2026-10-02 19:46:28,C101280,Conakry,GN,Web,P1019,Sac à dos urbain,Mode,1,65.00,0,65.00,Payée
O511247,1,2026-10-02 10:54:42,C100887,Nancy,FR,Web,P1005,Station d'accueil USB-C,Informatique,1,149.00,15,126.65,Payée
O511247,2,2026-10-02 10:54:42,C100887,Nancy,FR,Web,P1018,Gourde isotherme,Sport,2,22.00,0,44.00,Payée
O511248,1,2026-10-02 17:11:43,C100507,Lyon,FR,Marketplace,P1010,Aspirateur robot,Maison,2,349.00,0,698.00,Créée
O511248,2,2026-10-02 17:11:43,C100507,Lyon,FR,Marketplace,P1021,Veste imperméable,Mode,2,139.00,0,278.00,Créée
O511249,1,2026-10-02 07:34:03,C100401,Liège,BE,Marketplace,P1019,Sac à dos urbain,Mode,1,65.00,5,61.75,Expédiée
O511250,1,2026-10-02 16:35:14,C100313,Luxembourg,LU,Magasin,P1008,Écouteurs sans fil,Audio,1,129.00,10,116.10,Payée
O511250,2,2026-10-02 16:35:14,C100313,Luxembourg,LU,Magasin,P1020,Baskets running,Mode,1,119.00,10,107.10,Payée
O511251,1,2026-10-02 12:09:56,C100512,Metz,FR,Web,P1006,Disque SSD externe 1 To,Informatique,1,109.00,0,109.00,Payée
O511252,1,2026-10-02 08:12:11,C100135,Trèves,DE,Marketplace,P1016,Tapis de yoga,Sport,1,25.00,5,23.75,Créée
O511253,1,2026-10-02 13:32:51,C100782,Nancy,FR,Mobile,P1018,Gourde isotherme,Sport,1,22.00,0,22.00,Créée
O511253,2,2026-10-02 13:32:51,C100782,Nancy,FR,Mobile,P1014,Lampe de bureau LED,Maison,1,45.00,0,45.00,Créée
O511254,1,2026-10-02 10:52:06,C100627,Nancy,FR,Web,P1015,Montre connectée,Sport,1,229.00,0,229.00,Payée
O511255,1,2026-10-02 21:18:51,C100241,Paris,FR,Magasin,P1018,Gourde isotherme,Sport,1,22.00,0,22.00,Créée
O511256,1,2026-10-02 13:19:20,C101214,Dakar,SN,Marketplace,P1001,Ordinateur portable 14 pouces,Informatique,1,749.00,15,636.65,Payée
O511257,1,2026-10-02 22:40:32,C100488,Lyon,FR,Mobile,P1013,Friteuse sans huile,Maison,1,129.00,0,129.00,Payée
O511257,2,2026-10-02 22:40:32,C100488,Lyon,FR,Mobile,P1009,Enceinte Bluetooth,Audio,2,79.00,10,142.20,Payée
O511258,1,2026-10-02 23:34:11,C100660,Esch-sur-Alzette,LU,Marketplace,P1001,Ordinateur portable 14 pouces,Informatique,1,749.00,0,749.00,Créée
O511259,1,2026-10-02 08:55:23,C100966,Lyon,FR,Marketplace,P1018,Gourde isotherme,Sport,1,22.00,0,22.00,Créée
O511259,2,2026-10-02 08:55:23,C100966,Lyon,FR,Marketplace,P1024,Stylo plume,Bureau,4,35.00,0,140.00,Créée
O511259,3,2026-10-02 08:55:23,C100966,Lyon,FR,Marketplace,P1013,Friteuse sans huile,Maison,1,129.00,5,122.55,Créée
O511260,1,2026-10-02 06:46:18,C100095,Paris,FR,Web,P1006,Disque SSD externe 1 To,Informatique,3,109.00,10,294.30,Payée
O511261,1,2026-10-02 18:36:10,C100612,Liège,BE,Web,P1011,Machine à café à grains,Maison,1,499.00,0,499.00,Expédiée
O511261,2,2026-10-02 18:36:10,C100612,Liège,BE,Web,P1013,Friteuse sans huile,Maison,1,129.00,0,129.00,Expédiée
O511262,1,2026-10-02 15:34:56,C100446,Conakry,GN,Mobile,P1003,Clavier mécanique,Informatique,1,89.00,0,89.00,Payée
O511263,1,2026-10-02 10:05:18,C100796,Conakry,GN,Magasin,P1015,Montre connectée,Sport,1,229.00,0,229.00,Payée
O511264,1,2026-10-02 06:45:40,C100842,Esch-sur-Alzette,LU,Magasin,P1008,Écouteurs sans fil,Audio,1,129.00,0,129.00,Payée
O511265,1,2026-10-02 22:00:05,C100986,Lille,FR,Magasin,P1018,Gourde isotherme,Sport,1,22.00,0,22.00,Payée
O511265,2,2026-10-02 22:00:05,C100986,Lille,FR,Magasin,P1013,Friteuse sans huile,Maison,1,129.00,10,116.10,Payée
O511266,1,2026-10-02 19:02:32,C100330,Trèves,DE,Web,P1020,Baskets running,Mode,2,119.00,0,238.00,Payée
O511267,1,2026-10-02 06:33:54,C101070,Luxembourg,LU,Mobile,P1002,Écran 27 pouces 4K,Informatique,2,389.00,5,739.10,Payée
O511267,2,2026-10-02 06:33:54,C101070,Luxembourg,LU,Mobile,P1013,Friteuse sans huile,Maison,1,129.00,15,109.65,Payée
O511268,1,2026-10-02 09:57:15,C101078,Labé,GN,Mobile,P1017,Vélo d'appartement,Sport,1,399.00,10,359.10,Payée
O511269,1,2026-10-02 08:32:23,C100269,Esch-sur-Alzette,LU,Marketplace,P1013,Friteuse sans huile,Maison,1,129.00,0,129.00,Payée
O511269,2,2026-10-02 08:32:23,C100269,Esch-sur-Alzette,LU,Marketplace,P1019,Sac à dos urbain,Mode,1,65.00,0,65.00,Payée
O511270,1,2026-10-02 16:24:55,C100155,Thionville,FR,Mobile,P1024,Stylo plume,Bureau,2,35.00,0,70.00,Expédiée
O511270,2,2026-10-02 16:24:55,C100155,Thionville,FR,Mobile,P1021,Veste imperméable,Mode,3,139.00,20,333.60,Expédiée
O511271,1,2026-10-02 14:43:05,C100946,Metz,FR,Web,P1007,Casque à réduction de bruit,Audio,2,279.00,0,558.00,Payée
O511272,1,2026-10-02 12:55:11,C100962,Nancy,FR,Mobile,P1001,Ordinateur portable 14 pouces,Informatique,2,749.00,0,1498.00,Payée
O511273,1,2026-10-02 10:38:08,C100401,Lyon,FR,Marketplace,P1007,Casque à réduction de bruit,Audio,3,279.00,0,837.00,Payée
O511273,2,2026-10-02 10:38:08,C100401,Lyon,FR,Marketplace,P1006,Disque SSD externe 1 To,Informatique,1,109.00,0,109.00,Payée
O511273,3,2026-10-02 10:38:08,C100401,Lyon,FR,Marketplace,P1004,Souris sans fil,Informatique,1,29.00,0,29.00,Payée
O511274,1,2026-10-02 09:14:44,C101152,Esch-sur-Alzette,LU,Mobile,P1005,Station d'accueil USB-C,Informatique,3,149.00,10,402.30,Expédiée
O511274,2,2026-10-02 09:14:44,C101152,Esch-sur-Alzette,LU,Mobile,P1007,Casque à réduction de bruit,Audio,4,279.00,0,1116.00,Expédiée
O511275,1,2026-10-02 06:52:23,C101271,Lyon,FR,Magasin,P1013,Friteuse sans huile,Maison,1,129.00,0,129.00,Expédiée
O511275,2,2026-10-02 06:52:23,C101271,Lyon,FR,Magasin,P1020,Baskets running,Mode,1,119.00,0,119.00,Expédiée
O511276,1,2026-10-02 15:25:19,C100477,Sarrebruck,DE,Marketplace,P1024,Stylo plume,Bureau,1,35.00,0,35.00,Payée
O511276,2,2026-10-02 15:25:19,C100477,Sarrebruck,DE,Marketplace,P1023,Bureau assis-debout,Bureau,1,449.00,0,449.00,Payée
O511276,3,2026-10-02 15:25:19,C100477,Sarrebruck,DE,Marketplace,P1022,Chaise ergonomique,Bureau,1,299.00,0,299.00,Payée
O511277,1,2026-10-02 09:06:43,C100465,Dakar,SN,Mobile,P1007,Casque à réduction de bruit,Audio,1,279.00,0,279.00,Payée
O511277,2,2026-10-02 09:06:43,C100465,Dakar,SN,Mobile,P1001,Ordinateur portable 14 pouces,Informatique,1,749.00,10,674.10,Payée
O511277,3,2026-10-02 09:06:43,C100465,Dakar,SN,Mobile,P1004,Souris sans fil,Informatique,1,29.00,0,29.00,Payée
O511278,1,2026-10-02 23:15:17,C100971,Sarrebruck,DE,Web,P1014,Lampe de bureau LED,Maison,2,45.00,0,90.00,Expédiée
O511278,2,2026-10-02 23:15:17,C100971,Sarrebruck,DE,Web,P1002,Écran 27 pouces 4K,Informatique,1,389.00,0,389.00,Expédiée
O511278,3,2026-10-02 23:15:17,C100971,Sarrebruck,DE,Web,P1004,Souris sans fil,Informatique,1,29.00,5,27.55,Expédiée
O511279,1,2026-10-02 15:00:49,C100929,Nancy,FR,Web,P1010,Aspirateur robot,Maison,1,349.00,0,349.00,Payée
O511280,1,2026-10-02 06:26:24,C100654,Genève,CH,Mobile,P1002,Écran 27 pouces 4K,Informatique,2,389.00,10,700.20,Payée
O511281,1,2026-10-02 21:07:20,C100970,Dakar,SN,Web,P1002,Écran 27 pouces 4K,Informatique,2,389.00,0,778.00,Payée
O511282,1,2026-10-02 13:43:06,C100619,Labé,GN,Web,P1016,Tapis de yoga,Sport,4,25.00,0,100.00,Payée
O511282,2,2026-10-02 13:43:06,C100619,Labé,GN,Web,P1010,Aspirateur robot,Maison,1,349.00,5,331.55,Payée
O511283,1,2026-10-02 08:53:00,C101071,Paris,FR,Mobile,P1012,Bouilloire inox,Maison,1,39.00,10,35.10,Créée
O511284,1,2026-10-02 17:58:37,C100109,Bruxelles,BE,Magasin,P1017,Vélo d'appartement,Sport,1,399.00,20,319.20,Payée
O511284,2,2026-10-02 17:58:37,C100109,Bruxelles,BE,Magasin,P1024,Stylo plume,Bureau,2,35.00,10,63.00,Payée
O511285,1,2026-10-02 12:07:29,C100403,Luxembourg,LU,Web,P1013,Friteuse sans huile,Maison,3,129.00,15,328.95,Créée
O511285,2,2026-10-02 12:07:29,C100403,Luxembourg,LU,Web,P1001,Ordinateur portable 14 pouces,Informatique,1,749.00,0,749.00,Créée
O511286,1,2026-10-02 20:30:14,C100567,Lyon,FR,Magasin,P1011,Machine à café à grains,Maison,1,499.00,0,499.00,Payée
O511287,1,2026-10-02 08:17:05,C100265,Conakry,GN,Web,P1004,Souris sans fil,Informatique,1,29.00,0,29.00,Payée
O511287,2,2026-10-02 08:17:05,C100265,Conakry,GN,Web,P1017,Vélo d'appartement,Sport,2,399.00,0,798.00,Payée
O511288,1,2026-10-02 18:53:44,C100670,Dakar,SN,Mobile,P1009,Enceinte Bluetooth,Audio,1,79.00,0,79.00,Expédiée
O511288,2,2026-10-02 18:53:44,C100670,Dakar,SN,Mobile,P1015,Montre connectée,Sport,1,229.00,0,229.00,Expédiée
O511289,1,2026-10-02 19:05:46,C100200,Thionville,FR,Web,P1008,Écouteurs sans fil,Audio,2,129.00,0,258.00,Payée
O511289,2,2026-10-02 19:05:46,C100200,Thionville,FR,Web,P1009,Enceinte Bluetooth,Audio,2,79.00,0,158.00,Payée
O511290,1,2026-10-02 19:33:13,C101016,Luxembourg,LU,Marketplace,P1006,Disque SSD externe 1 To,Informatique,1,109.00,0,109.00,Créée
O511290,2,2026-10-02 19:33:13,C101016,Luxembourg,LU,Marketplace,P1001,Ordinateur portable 14 pouces,Informatique,1,749.00,10,674.10,Créée
O511290,3,2026-10-02 19:33:13,C101016,Luxembourg,LU,Marketplace,P1020,Baskets running,Mode,1,119.00,0,119.00,Créée
O511290,4,2026-10-02 19:33:13,C101016,Luxembourg,LU,Marketplace,P1002,Écran 27 pouces 4K,Informatique,1,389.00,0,389.00,Créée
O511291,1,2026-10-02 07:35:02,C100193,Trèves,DE,Web,P1001,Ordinateur portable 14 pouces,Informatique,2,749.00,0,1498.00,Expédiée
O511292,1,2026-10-02 08:46:07,C101207,Bruxelles,BE,Web,P1018,Gourde isotherme,Sport,1,22.00,0,22.00,Créée
O511292,2,2026-10-02 08:46:07,C101207,Bruxelles,BE,Web,P1011,Machine à café à grains,Maison,1,499.00,0,499.00,Créée
O511292,3,2026-10-02 08:46:07,C101207,Bruxelles,BE,Web,P1014,Lampe de bureau LED,Maison,1,45.00,0,45.00,Créée
O511293,1,2026-10-02 15:47:54,C100050,Paris,FR,Mobile,P1002,Écran 27 pouces 4K,Informatique,1,0.00,0,0.00,Payée
O511293,2,2026-10-02 15:47:54,C100050,Paris,FR,Mobile,P1012,Bouilloire inox,Maison,1,39.00,0,39.00,Payée
O511294,1,2026-10-02 23:48:40,C100017,Paris,FR,Magasin,P1019,Sac à dos urbain,Mode,1,65.00,0,65.00,Payée
O511295,1,2026-10-02 06:19:45,C100834,Conakry,GN,Marketplace,P1003,Clavier mécanique,Informatique,2,89.00,0,178.00,Créée
O511296,1,2026-10-02 23:29:33,C100421,Trèves,DE,Web,P1017,Vélo d'appartement,Sport,1,399.00,0,399.00,Payée
O511297,1,2026-10-02 11:42:31,C100794,Conakry,GN,Mobile,P1008,Écouteurs sans fil,Audio,1,129.00,0,129.00,Créée
O511298,1,2026-10-02 20:30:32,C100638,Bruxelles,BE,Mobile,P1015,Montre connectée,Sport,1,229.00,5,217.55,Payée
O511299,1,2026-10-02 06:01:30,C100059,Lyon,FR,Magasin,P1002,Écran 27 pouces 4K,Informatique,2,389.00,5,739.10,Payée
O511300,1,2026-10-02 23:18:23,C100247,Esch-sur-Alzette,LU,Marketplace,P1002,Écran 27 pouces 4K,Informatique,1,389.00,0,389.00,Payée
O511301,1,2026-10-02 18:48:59,C100244,Metz,FR,Web,P1014,Lampe de bureau LED,Maison,1,45.00,0,45.00,Expédiée
O511301,2,2026-10-02 18:48:59,C100244,Metz,FR,Web,P1012,Bouilloire inox,Maison,1,39.00,0,39.00,Expédiée
O511302,1,2026-10-02 09:57:24,C100268,Liège,BE,Mobile,P1014,Lampe de bureau LED,Maison,1,45.00,0,45.00,Expédiée
O511302,2,2026-10-02 09:57:24,C100268,Liège,BE,Mobile,P1011,Machine à café à grains,Maison,1,499.00,0,499.00,Expédiée
O511302,3,2026-10-02 09:57:24,C100268,Liège,BE,Mobile,P1023,Bureau assis-debout,Bureau,1,449.00,5,426.55,Expédiée
O511302,4,2026-10-02 09:57:24,C100268,Liège,BE,Mobile,P1018,Gourde isotherme,Sport,2,22.00,0,44.00,Expédiée
O511303,1,2026-10-02 22:31:29,C101259,Trèves,DE,Web,P1019,Sac à dos urbain,Mode,4,65.00,5,247.00,Payée
O511304,1,2026-10-02 12:23:55,C100459,Paris,FR,Web,P1006,Disque SSD externe 1 To,Informatique,1,109.00,0,109.00,Payée
O511305,1,2026-10-02 23:33:04,C100228,Esch-sur-Alzette,LU,Magasin,P1009,Enceinte Bluetooth,Audio,1,79.00,0,79.00,Expédiée
O511305,2,2026-10-02 23:33:04,C100228,Esch-sur-Alzette,LU,Magasin,P1020,Baskets running,Mode,1,119.00,0,119.00,Expédiée
O511306,1,2026-10-02 12:34:48,C100665,Sarrebruck,DE,Web,P1024,Stylo plume,Bureau,1,35.00,0,35.00,Payée
O511306,2,2026-10-02 12:34:48,C100665,Sarrebruck,DE,Web,P1014,Lampe de bureau LED,Maison,2,45.00,0,90.00,Payée
O511307,1,2026-10-02 23:49:59,C101172,Bruxelles,BE,Web,P1009,Enceinte Bluetooth,Audio,1,79.00,0,79.00,Expédiée
O511307,2,2026-10-02 23:49:59,C101172,Bruxelles,BE,Web,P1023,Bureau assis-debout,Bureau,1,449.00,0,449.00,Expédiée
O511308,1,2026-10-02 07:59:10,C100246,Luxembourg,LU,Mobile,P1024,Stylo plume,Bureau,2,35.00,0,70.00,Expédiée
O511309,1,2026-10-02 22:18:18,C100936,Trèves,DE,Mobile,P1012,Bouilloire inox,Maison,1,39.00,0,39.00,Créée
O511310,1,2026-10-02 09:37:21,C100797,Sarrebruck,DE,Marketplace,P1014,Lampe de bureau LED,Maison,2,45.00,20,72.00,Payée
O511310,2,2026-10-02 09:37:21,C100797,Sarrebruck,DE,Marketplace,P1005,Station d'accueil USB-C,Informatique,1,149.00,0,149.00,Payée
O511310,3,2026-10-02 09:37:21,C100797,Sarrebruck,DE,Marketplace,P1003,Clavier mécanique,Informatique,1,89.00,5,84.55,Payée
O511311,1,2026-10-02 12:56:47,C100999,Lyon,FR,Mobile,P1019,Sac à dos urbain,Mode,1,65.00,0,65.00,Payée
O511312,1,2026-10-02 13:26:28,C100510,Dakar,SN,Mobile,P1003,Clavier mécanique,Informatique,1,89.00,20,71.20,Créée
O511312,2,2026-10-02 13:26:28,C100510,Dakar,SN,Mobile,P1008,Écouteurs sans fil,Audio,1,129.00,0,129.00,Créée
O511312,3,2026-10-02 13:26:28,C100510,Dakar,SN,Mobile,P1011,Machine à café à grains,Maison,2,499.00,0,998.00,Créée
O511313,1,2026-10-02 09:27:46,C100939,Trèves,DE,Marketplace,P1011,Machine à café à grains,Maison,1,499.00,0,499.00,Créée
O511313,2,2026-10-02 09:27:46,C100939,Trèves,DE,Marketplace,P1010,Aspirateur robot,Maison,2,349.00,15,593.30,Créée
O511313,3,2026-10-02 09:27:46,C100939,Trèves,DE,Marketplace,P1005,Station d'accueil USB-C,Informatique,1,149.00,0,149.00,Créée
O511314,1,2026-10-02 11:37:16,C100831,Thionville,FR,Marketplace,P1023,Bureau assis-debout,Bureau,1,449.00,0,449.00,Créée
O511315,1,2026-10-02 08:27:09,C100655,Bruxelles,BE,Magasin,P1011,Machine à café à grains,Maison,3,499.00,0,1497.00,Payée
O511315,2,2026-10-02 08:27:09,C100655,Bruxelles,BE,Magasin,P1018,Gourde isotherme,Sport,2,22.00,0,44.00,Payée
O511315,3,2026-10-02 08:27:09,C100655,Bruxelles,BE,Magasin,P1019,Sac à dos urbain,Mode,1,65.00,0,65.00,Payée
O511316,1,2026-10-02 18:08:40,C100164,Lille,FR,Marketplace,P1007,Casque à réduction de bruit,Audio,2,279.00,0,558.00,Créée
O511316,2,2026-10-02 18:08:40,C100164,Lille,FR,Marketplace,P1012,Bouilloire inox,Maison,1,39.00,0,39.00,Créée
O511316,3,2026-10-02 18:08:40,C100164,Lille,FR,Marketplace,P1023,Bureau assis-debout,Bureau,1,449.00,5,426.55,Créée
O511317,1,2026-10-02 11:04:52,C100062,Strasbourg,FR,Web,P1020,Baskets running,Mode,2,119.00,10,214.20,Payée
O511317,2,2026-10-02 11:04:52,C100062,Strasbourg,FR,Web,P1019,Sac à dos urbain,Mode,2,65.00,10,117.00,Payée
O511317,3,2026-10-02 11:04:52,C100062,Strasbourg,FR,Web,P1015,Montre connectée,Sport,3,229.00,10,618.30,Payée
O511318,1,2026-10-02 13:29:24,C100851,Conakry,GN,Mobile,P1011,Machine à café à grains,Maison,1,499.00,0,499.00,Payée
O511318,2,2026-10-02 13:29:24,C100851,Conakry,GN,Mobile,P1024,Stylo plume,Bureau,1,35.00,0,35.00,Payée
O511318,3,2026-10-02 13:29:24,C100851,Conakry,GN,Mobile,P1008,Écouteurs sans fil,Audio,2,129.00,20,206.40,Payée
O511319,1,2026-10-02 12:09:18,C100801,Bruxelles,BE,Mobile,P1021,Veste imperméable,Mode,3,139.00,0,417.00,Payée
O511319,2,2026-10-02 12:09:18,C100801,Bruxelles,BE,Mobile,P1013,Friteuse sans huile,Maison,2,129.00,10,232.20,Payée
O511320,1,2026-10-02 17:28:41,C100570,Lyon,FR,Mobile,P1020,Baskets running,Mode,2,119.00,0,238.00,Payée
O511321,1,2026-10-02 09:14:53,C100885,Bruxelles,BE,Mobile,P1022,Chaise ergonomique,Bureau,2,299.00,0,598.00,Créée
O511322,1,2026-10-02 16:32:41,C101201,Bruxelles,BE,Web,P1006,Disque SSD externe 1 To,Informatique,1,109.00,15,92.65,Créée
O511323,1,2026-10-02 13:46:48,C100627,Lille,FR,Web,P1014,Lampe de bureau LED,Maison,1,45.00,10,40.50,Créée
O511323,2,2026-10-02 13:46:48,C100627,Lille,FR,Web,P1001,Ordinateur portable 14 pouces,Informatique,1,749.00,0,749.00,Créée
O511323,3,2026-10-02 13:46:48,C100627,Lille,FR,Web,P1006,Disque SSD externe 1 To,Informatique,2,109.00,0,218.00,Créée
O511323,4,2026-10-02 13:46:48,C100627,Lille,FR,Web,P1007,Casque à réduction de bruit,Audio,1,279.00,15,237.15,Créée
O511324,1,2026-10-02 13:24:57,C100891,Luxembourg,LU,Marketplace,P1024,Stylo plume,Bureau,2,35.00,0,70.00,Payée
O511325,1,2026-10-02 12:47:17,C100247,Lyon,FR,Mobile,P1012,Bouilloire inox,Maison,1,39.00,5,37.05,Payée
O511326,1,2026-10-02 17:38:17,C100660,Genève,CH,Marketplace,P1001,Ordinateur portable 14 pouces,Informatique,1,749.00,0,749.00,Créée
O511326,2,2026-10-02 17:38:17,C100660,Genève,CH,Marketplace,P1007,Casque à réduction de bruit,Audio,1,279.00,0,279.00,Créée
O511327,1,2026-10-02 15:30:02,C100942,Lille,FR,Web,P1012,Bouilloire inox,Maison,1,39.00,0,39.00,Payée
O511327,2,2026-10-02 15:30:02,C100942,Lille,FR,Web,P1009,Enceinte Bluetooth,Audio,4,79.00,0,316.00,Payée
O511327,3,2026-10-02 15:30:02,C100942,Lille,FR,Web,P1019,Sac à dos urbain,Mode,1,65.00,0,65.00,Payée
O511327,4,2026-10-02 15:30:02,C100942,Lille,FR,Web,P1023,Bureau assis-debout,Bureau,2,449.00,0,898.00,Payée
O511328,1,2026-10-02 20:35:15,C100768,Lyon,FR,Web,P1010,Aspirateur robot,Maison,1,349.00,0,349.00,Payée
O511328,2,2026-10-02 20:35:15,C100768,Lyon,FR,Web,P1019,Sac à dos urbain,Mode,2,65.00,10,117.00,Payée
O511328,3,2026-10-02 20:35:15,C100768,Lyon,FR,Web,P1020,Baskets running,Mode,1,119.00,0,119.00,Payée
O511328,4,2026-10-02 20:35:15,C100768,Lyon,FR,Web,P1012,Bouilloire inox,Maison,1,39.00,0,39.00,Payée
O511329,1,2026-10-02 23:56:13,C101092,Liège,BE,Web,P1008,Écouteurs sans fil,Audio,1,129.00,0,129.00,Créée
O511329,2,2026-10-02 23:56:13,C101092,Liège,BE,Web,P1001,Ordinateur portable 14 pouces,Informatique,2,749.00,0,1498.00,Créée
O511329,3,2026-10-02 23:56:13,C101092,Liège,BE,Web,P1023,Bureau assis-debout,Bureau,1,449.00,0,449.00,Créée
O511330,1,2026-10-02 19:39:59,C100996,Thionville,FR,Mobile,P1023,Bureau assis-debout,Bureau,2,449.00,0,898.00,Créée
O511331,1,2026-10-02 08:34:37,C100905,Paris,FR,Mobile,P1015,Montre connectée,Sport,4,229.00,0,916.00,Payée
O511331,2,2026-10-02 08:34:37,C100905,Paris,FR,Mobile,P1017,Vélo d'appartement,Sport,1,399.00,0,399.00,Payée
O511332,1,2026-10-02 08:29:43,C100557,Thionville,FR,Magasin,P1012,Bouilloire inox,Maison,2,39.00,0,78.00,Expédiée
O511333,1,2026-10-02 16:48:59,C100603,Trèves,DE,Web,P1004,Souris sans fil,Informatique,1,29.00,0,29.00,Payée
O511333,2,2026-10-02 16:48:59,C100603,Trèves,DE,Web,P1019,Sac à dos urbain,Mode,1,65.00,0,65.00,Payée
O511333,3,2026-10-02 16:48:59,C100603,Trèves,DE,Web,P1022,Chaise ergonomique,Bureau,2,299.00,0,598.00,Payée
O511334,1,2026-10-02 10:06:34,C101060,Nancy,FR,Mobile,P1001,Ordinateur portable 14 pouces,Informatique,3,749.00,0,2247.00,Expédiée
O511334,2,2026-10-02 10:06:34,C101060,Nancy,FR,Mobile,P1016,Tapis de yoga,Sport,1,25.00,0,25.00,Expédiée
O511334,3,2026-10-02 10:06:34,C101060,Nancy,FR,Mobile,P1011,Machine à café à grains,Maison,1,499.00,0,499.00,Expédiée
O511334,4,2026-10-02 10:06:34,C101060,Nancy,FR,Mobile,P1019,Sac à dos urbain,Mode,1,65.00,15,55.25,Expédiée
O511335,1,2026-10-02 11:39:35,C100589,Paris,FR,Web,P1015,Montre connectée,Sport,1,229.00,0,229.00,Payée
O511336,1,2026-10-02 12:00:35,C100650,Paris,FR,Mobile,P1003,Clavier mécanique,Informatique,1,89.00,0,89.00,Payée
O511336,2,2026-10-02 12:00:35,C100650,Paris,FR,Mobile,P1001,Ordinateur portable 14 pouces,Informatique,4,749.00,0,2996.00,Payée
O511336,3,2026-10-02 12:00:35,C100650,Paris,FR,Mobile,P1005,Station d'accueil USB-C,Informatique,1,149.00,10,134.10,Payée
O511337,1,2026-10-02 15:49:25,C100890,Lille,FR,Magasin,P1015,Montre connectée,Sport,1,229.00,0,229.00,Payée
O511338,1,2026-10-02 08:47:43,C100621,Bruxelles,BE,Mobile,P1024,Stylo plume,Bureau,1,35.00,5,33.25,Payée
O511338,2,2026-10-02 08:47:43,C100621,Bruxelles,BE,Mobile,P1014,Lampe de bureau LED,Maison,1,45.00,0,45.00,Payée
O511339,1,2026-10-02 10:33:11,C100566,Thionville,FR,Mobile,P1003,Clavier mécanique,Informatique,1,89.00,0,89.00,Payée
O511340,1,2026-10-02 22:02:46,C100899,Lyon,FR,Web,P1002,Écran 27 pouces 4K,Informatique,1,389.00,0,389.00,Expédiée
O511341,1,2026-10-02 08:28:01,C100756,Sarrebruck,DE,Mobile,P1015,Montre connectée,Sport,1,229.00,15,194.65,Créée
O511342,1,2026-10-02 08:15:09,C100474,Metz,FR,Web,P1011,Machine à café à grains,Maison,1,499.00,10,449.10,Payée
O511343,1,2026-10-02 22:07:42,C101061,Lyon,FR,Web,P1017,Vélo d'appartement,Sport,1,399.00,15,339.15,Expédiée
O511343,2,2026-10-02 22:07:42,C101061,Lyon,FR,Web,P1012,Bouilloire inox,Maison,2,39.00,0,78.00,Expédiée
O511344,1,2026-10-02 14:38:26,C100061,Sarrebruck,DE,Mobile,P1018,Gourde isotherme,Sport,2,22.00,0,44.00,Payée
O511344,2,2026-10-02 14:38:26,C100061,Sarrebruck,DE,Mobile,P1021,Veste imperméable,Mode,1,139.00,0,139.00,Payée
O511345,1,2026-10-02 23:07:21,C100394,Metz,FR,Web,P1018,Gourde isotherme,Sport,1,22.00,0,22.00,Expédiée
O511345,2,2026-10-02 23:07:21,C100394,Metz,FR,Web,P1012,Bouilloire inox,Maison,1,39.00,10,35.10,Expédiée
O511346,1,2026-10-02 21:42:46,C101169,Bruxelles,BE,Mobile,P1022,Chaise ergonomique,Bureau,1,299.00,0,299.00,Payée
O511347,1,2026-10-02 18:32:10,C100680,Trèves,DE,Web,P1004,Souris sans fil,Informatique,1,29.00,0,29.00,Payée
O511347,2,2026-10-02 18:32:10,C100680,Trèves,DE,Web,P1019,Sac à dos urbain,Mode,1,65.00,0,65.00,Payée
O511348,1,2026-10-02 16:56:42,C101015,Bruxelles,BE,Magasin,P1013,Friteuse sans huile,Maison,2,129.00,0,258.00,Expédiée
O511349,1,2026-10-02 09:47:22,C101180,Bruxelles,BE,Web,P1003,Clavier mécanique,Informatique,1,89.00,5,84.55,Expédiée
O511349,2,2026-10-02 09:47:22,C101180,Bruxelles,BE,Web,P1013,Friteuse sans huile,Maison,2,129.00,0,258.00,Expédiée
O511349,3,2026-10-02 09:47:22,C101180,Bruxelles,BE,Web,P1016,Tapis de yoga,Sport,1,25.00,0,25.00,Expédiée
O511349,4,2026-10-02 09:47:22,C101180,Bruxelles,BE,Web,P1008,Écouteurs sans fil,Audio,1,129.00,10,116.10,Expédiée
O511350,1,2026-10-02 13:50:15,C100033,Bruxelles,BE,Magasin,P1021,Veste imperméable,Mode,1,139.00,0,139.00,Payée
O511351,1,2026-10-02 20:29:19,C100204,Genève,CH,Web,P1016,Tapis de yoga,Sport,1,25.00,0,25.00,Expédiée
O511351,2,2026-10-02 20:29:19,C100204,Genève,CH,Web,P1011,Machine à café à grains,Maison,1,499.00,10,449.10,Expédiée
O511351,3,2026-10-02 20:29:19,C100204,Genève,CH,Web,P1014,Lampe de bureau LED,Maison,1,45.00,0,45.00,Expédiée
O511352,1,2026-10-02 16:43:27,C100825,Thionville,FR,Mobile,P1005,Station d'accueil USB-C,Informatique,1,149.00,0,149.00,Créée
O511352,2,2026-10-02 16:43:27,C100825,Thionville,FR,Mobile,P1014,Lampe de bureau LED,Maison,1,45.00,0,45.00,Créée
O511353,1,2026-10-02 09:06:58,C101054,Labé,GN,Mobile,P1024,Stylo plume,Bureau,1,35.00,0,35.00,Expédiée
O511353,2,2026-10-02 09:06:58,C101054,Labé,GN,Mobile,P1007,Casque à réduction de bruit,Audio,2,279.00,0,558.00,Expédiée
O511353,3,2026-10-02 09:06:58,C101054,Labé,GN,Mobile,P1012,Bouilloire inox,Maison,1,39.00,5,37.05,Expédiée
O511353,4,2026-10-02 09:06:58,C101054,Labé,GN,Mobile,P1011,Machine à café à grains,Maison,1,499.00,10,449.10,Expédiée
O511354,1,2026-10-02 10:21:06,C100669,Lille,FR,Mobile,P1013,Friteuse sans huile,Maison,1,129.00,0,129.00,Créée
O511355,1,2026-10-02 07:36:41,C100548,Strasbourg,FR,Magasin,P1024,Stylo plume,Bureau,1,35.00,0,35.00,Payée
O511356,1,2026-10-02 11:30:07,C101127,Bruxelles,BE,Web,P1004,Souris sans fil,Informatique,1,29.00,0,29.00,Payée
O511357,1,2026-10-02 09:35:12,C100643,Genève,CH,Magasin,P1005,Station d'accueil USB-C,Informatique,1,149.00,0,149.00,Payée
O511358,1,2026-10-02 13:38:23,C101117,Sarrebruck,DE,Mobile,P1001,Ordinateur portable 14 pouces,Informatique,2,749.00,0,1498.00,Expédiée
O511359,1,2026-10-02 09:20:37,C100292,Lyon,FR,Marketplace,P1022,Chaise ergonomique,Bureau,1,299.00,0,299.00,Payée
O511359,2,2026-10-02 09:20:37,C100292,Lyon,FR,Marketplace,P1018,Gourde isotherme,Sport,2,22.00,0,44.00,Payée
O511360,1,2026-10-02 11:00:08,C101262,Bruxelles,BE,Web,P1024,Stylo plume,Bureau,1,35.00,0,35.00,Payée
O511361,1,2026-10-02 08:18:36,C100649,Paris,FR,Mobile,P1017,Vélo d'appartement,Sport,1,399.00,5,379.05,Créée
O511362,1,2026-10-02 16:33:19,C100596,Thionville,FR,Mobile,P1017,Vélo d'appartement,Sport,1,399.00,10,359.10,Payée
O511362,2,2026-10-02 16:33:19,C100596,Thionville,FR,Mobile,P1005,Station d'accueil USB-C,Informatique,2,149.00,5,283.10,Payée
O511363,1,2026-10-02 18:16:05,C101173,Conakry,GN,Magasin,P1002,Écran 27 pouces 4K,Informatique,1,389.00,15,330.65,Expédiée
O511363,2,2026-10-02 18:16:05,C101173,Conakry,GN,Magasin,P1023,Bureau assis-debout,Bureau,3,449.00,0,1347.00,Expédiée
O511363,3,2026-10-02 18:16:05,C101173,Conakry,GN,Magasin,P1013,Friteuse sans huile,Maison,4,129.00,0,516.00,Expédiée
O511363,4,2026-10-02 18:16:05,C101173,Conakry,GN,Magasin,P1014,Lampe de bureau LED,Maison,2,45.00,20,72.00,Expédiée
O511364,1,2026-10-02 19:47:41,C101251,Metz,FR,Marketplace,P1022,Chaise ergonomique,Bureau,3,299.00,0,897.00,Créée
O511365,1,2026-10-02 06:09:51,C100168,Nancy,FR,Web,P1021,Veste imperméable,Mode,3,139.00,10,375.30,Créée
O511366,1,2026-10-02 15:02:08,C101120,Esch-sur-Alzette,LU,Marketplace,P1012,Bouilloire inox,Maison,1,39.00,5,37.05,Payée
O511366,2,2026-10-02 15:02:08,C101120,Esch-sur-Alzette,LU,Marketplace,P1021,Veste imperméable,Mode,1,139.00,5,132.05,Payée
O511367,1,2026-10-02 15:19:27,C100191,Trèves,DE,Mobile,P1004,Souris sans fil,Informatique,1,29.00,0,29.00,Payée
O511367,2,2026-10-02 15:19:27,C100191,Trèves,DE,Mobile,P1006,Disque SSD externe 1 To,Informatique,1,109.00,0,109.00,Payée
O511367,3,2026-10-02 15:19:27,C100191,Trèves,DE,Mobile,P1005,Station d'accueil USB-C,Informatique,2,149.00,0,298.00,Payée
O511367,4,2026-10-02 15:19:27,C100191,Trèves,DE,Mobile,P1008,Écouteurs sans fil,Audio,1,129.00,0,129.00,Payée
O511368,1,2026-10-02 12:13:26,C101060,Genève,CH,Magasin,P1008,Écouteurs sans fil,Audio,1,129.00,0,129.00,Payée
O511368,2,2026-10-02 12:13:26,C101060,Genève,CH,Magasin,P1004,Souris sans fil,Informatique,1,29.00,0,29.00,Payée
O511368,3,2026-10-02 12:13:26,C101060,Genève,CH,Magasin,P1007,Casque à réduction de bruit,Audio,2,279.00,0,558.00,Payée
O511369,1,2026-10-02 18:38:14,C100917,Sarrebruck,DE,Mobile,P1002,Écran 27 pouces 4K,Informatique,2,389.00,10,700.20,Créée
O511369,2,2026-10-02 18:38:14,C100917,Sarrebruck,DE,Mobile,P1008,Écouteurs sans fil,Audio,2,129.00,10,232.20,Créée
O511369,3,2026-10-02 18:38:14,C100917,Sarrebruck,DE,Mobile,P1009,Enceinte Bluetooth,Audio,1,79.00,0,79.00,Créée
O511369,4,2026-10-02 18:38:14,C100917,Sarrebruck,DE,Mobile,P1001,Ordinateur portable 14 pouces,Informatique,3,749.00,0,2247.00,Créée
O511370,1,2026-10-02 17:14:46,C100495,Paris,FR,Mobile,P1008,Écouteurs sans fil,Audio,1,129.00,0,129.00,Créée
O511371,1,2026-10-02 12:52:16,C101297,Liège,BE,Web,P1013,Friteuse sans huile,Maison,1,129.00,0,129.00,Expédiée
O511371,2,2026-10-02 12:52:16,C101297,Liège,BE,Web,P1019,Sac à dos urbain,Mode,1,65.00,0,65.00,Expédiée
O511372,1,2026-10-02 23:42:43,C100980,Nancy,FR,Marketplace,P1014,Lampe de bureau LED,Maison,1,45.00,0,45.00,Payée
O511373,1,2026-10-02 07:02:10,C101102,Esch-sur-Alzette,LU,Mobile,P1011,Machine à café à grains,Maison,1,499.00,5,474.05,Payée
O511373,2,2026-10-02 07:02:10,C101102,Esch-sur-Alzette,LU,Mobile,P1018,Gourde isotherme,Sport,2,22.00,0,44.00,Payée
O511374,1,2026-10-02 09:12:03,C100362,Lille,FR,Magasin,P1005,Station d'accueil USB-C,Informatique,1,149.00,10,134.10,Payée
O511375,1,2026-10-02 08:54:23,C100071,Dakar,SN,Web,P1004,Souris sans fil,Informatique,1,29.00,10,26.10,Payée
O511375,2,2026-10-02 08:54:23,C100071,Dakar,SN,Web,P1019,Sac à dos urbain,Mode,2,65.00,0,130.00,Payée
O511375,3,2026-10-02 08:54:23,C100071,Dakar,SN,Web,P1012,Bouilloire inox,Maison,3,39.00,0,117.00,Payée
O511375,4,2026-10-02 08:54:23,C100071,Dakar,SN,Web,P1018,Gourde isotherme,Sport,1,22.00,10,19.80,Payée
O511376,1,2026-10-02 11:04:19,C101184,Sarrebruck,DE,Marketplace,P1002,Écran 27 pouces 4K,Informatique,1,389.00,0,389.00,Expédiée
O511377,1,2026-10-02 22:44:21,C100077,Liège,BE,Web,P1003,Clavier mécanique,Informatique,1,89.00,0,89.00,Créée
O511377,2,2026-10-02 22:44:21,C100077,Liège,BE,Web,P1024,Stylo plume,Bureau,1,35.00,0,35.00,Créée
O511377,3,2026-10-02 22:44:21,C100077,Liège,BE,Web,P1019,Sac à dos urbain,Mode,2,65.00,10,117.00,Créée
O511378,1,2026-10-02 18:04:50,C100448,Nancy,FR,Web,P1013,Friteuse sans huile,Maison,1,129.00,0,129.00,Payée
O511379,1,2026-10-02 19:50:16,C100612,Sarrebruck,DE,Magasin,P1003,Clavier mécanique,Informatique,1,89.00,5,84.55,Payée
O511380,1,2026-10-02 10:04:54,C100294,Lille,FR,Web,P1004,Souris sans fil,Informatique,1,29.00,0,29.00,Payée
O511380,2,2026-10-02 10:04:54,C100294,Lille,FR,Web,P1002,Écran 27 pouces 4K,Informatique,3,389.00,10,1050.30,Payée
O511380,3,2026-10-02 10:04:54,C100294,Lille,FR,Web,P1018,Gourde isotherme,Sport,3,22.00,0,66.00,Payée
O511381,1,2026-10-02 12:19:23,C101181,Strasbourg,FR,Web,P1005,Station d'accueil USB-C,Informatique,2,149.00,0,298.00,Créée
O511382,1,2026-10-02 20:25:03,C101300,Strasbourg,FR,Mobile,P1001,Ordinateur portable 14 pouces,Informatique,1,749.00,0,749.00,Payée
O511383,1,2026-10-02 09:20:16,C101025,Lille,FR,Web,P1023,Bureau assis-debout,Bureau,1,449.00,0,449.00,Payée
O511383,2,2026-10-02 09:20:16,C101025,Lille,FR,Web,P1015,Montre connectée,Sport,1,229.00,0,229.00,Payée
O511384,1,2026-10-02 23:48:38,C100381,Conakry,GN,Marketplace,P1020,Baskets running,Mode,3,119.00,0,357.00,Expédiée
O511385,1,2026-10-02 21:12:21,C100872,Strasbourg,FR,Mobile,P1002,Écran 27 pouces 4K,Informatique,3,389.00,5,1108.65,Payée
O511386,1,2026-10-02 20:46:38,C100144,Conakry,GN,Mobile,P1022,Chaise ergonomique,Bureau,1,299.00,0,299.00,Payée
O511386,2,2026-10-02 20:46:38,C100144,Conakry,GN,Mobile,P1004,Souris sans fil,Informatique,3,29.00,0,87.00,Payée
O511386,3,2026-10-02 20:46:38,C100144,Conakry,GN,Mobile,P1018,Gourde isotherme,Sport,1,22.00,0,22.00,Payée
O511387,1,2026-10-02 08:44:41,C101281,Paris,FR,Web,P1022,Chaise ergonomique,Bureau,1,299.00,20,239.20,Payée
O511387,2,2026-10-02 08:44:41,C101281,Paris,FR,Web,P1021,Veste imperméable,Mode,2,139.00,0,278.00,Payée
O511387,3,2026-10-02 08:44:41,C101281,Paris,FR,Web,P1019,Sac à dos urbain,Mode,1,65.00,5,61.75,Payée
O511388,1,2026-10-02 09:09:54,C101187,Thionville,FR,Web,P1024,Stylo plume,Bureau,1,35.00,0,35.00,Expédiée
O511389,1,2026-10-02 22:46:12,C100659,Sarrebruck,DE,Magasin,P1001,Ordinateur portable 14 pouces,Informatique,1,749.00,0,749.00,Payée
O511390,1,2026-10-02 12:32:33,C101240,Paris,FR,Marketplace,P1023,Bureau assis-debout,Bureau,2,449.00,0,898.00,Payée
O511391,1,2026-10-02 15:49:27,C101167,Trèves,DE,Mobile,P1016,Tapis de yoga,Sport,1,25.00,0,25.00,Payée
O511391,2,2026-10-02 15:49:27,C101167,Trèves,DE,Mobile,P1020,Baskets running,Mode,1,119.00,0,119.00,Payée
O511392,1,2026-10-02 14:10:11,C100314,Conakry,GN,Mobile,P1014,Lampe de bureau LED,Maison,2,45.00,0,90.00,Payée
O511392,2,2026-10-02 14:10:11,C100314,Conakry,GN,Mobile,P1021,Veste imperméable,Mode,2,139.00,0,278.00,Payée
O511392,3,2026-10-02 14:10:11,C100314,Conakry,GN,Mobile,P1017,Vélo d'appartement,Sport,1,399.00,0,399.00,Payée
O511393,1,2026-10-02 21:51:50,C101242,Thionville,FR,Magasin,P1023,Bureau assis-debout,Bureau,1,449.00,0,449.00,Payée
O511393,2,2026-10-02 21:51:50,C101242,Thionville,FR,Magasin,P1017,Vélo d'appartement,Sport,2,399.00,0,798.00,Payée
O511393,3,2026-10-02 21:51:50,C101242,Thionville,FR,Magasin,P1009,Enceinte Bluetooth,Audio,2,79.00,0,158.00,Payée
O511394,1,2026-10-02 23:57:58,C100091,Dakar,SN,Marketplace,P1007,Casque à réduction de bruit,Audio,1,279.00,5,265.05,Payée
O511394,2,2026-10-02 23:57:58,C100091,Dakar,SN,Marketplace,P1018,Gourde isotherme,Sport,1,22.00,0,22.00,Payée
O511395,1,2026-10-02 11:23:33,C100365,Lille,FR,Mobile,P1011,Machine à café à grains,Maison,1,499.00,0,499.00,Payée
O511396,1,2026-10-02 10:01:50,C100074,Lille,FR,Web,P1022,Chaise ergonomique,Bureau,1,299.00,0,299.00,Payée
O511397,1,2026-10-02 13:35:50,C100070,Sarrebruck,DE,Mobile,P1003,Clavier mécanique,Informatique,1,89.00,0,89.00,Payée
O511397,2,2026-10-02 13:35:50,C100070,Sarrebruck,DE,Mobile,P1019,Sac à dos urbain,Mode,1,65.00,20,52.00,Payée
O511398,1,2026-10-02 16:42:15,C100877,Trèves,DE,Web,P1004,Souris sans fil,Informatique,1,29.00,0,29.00,Expédiée
O511398,2,2026-10-02 16:42:15,C100877,Trèves,DE,Web,P1010,Aspirateur robot,Maison,2,349.00,0,698.00,Expédiée
O511399,1,2026-10-02 19:22:49,C101100,Trèves,DE,Web,P1014,Lampe de bureau LED,Maison,1,45.00,0,45.00,Expédiée
O511399,2,2026-10-02 19:22:49,C101100,Trèves,DE,Web,P1024,Stylo plume,Bureau,2,35.00,0,70.00,Expédiée
O511399,3,2026-10-02 19:22:49,C101100,Trèves,DE,Web,P1018,Gourde isotherme,Sport,2,22.00,0,44.00,Expédiée
O511399,4,2026-10-02 19:22:49,C101100,Trèves,DE,Web,P1009,Enceinte Bluetooth,Audio,1,79.00,0,79.00,Expédiée
O511400,1,2026-10-02 20:57:47,C101273,Sarrebruck,DE,Web,P1023,Bureau assis-debout,Bureau,1,449.00,0,449.00,Payée
O511401,1,2026-10-02 09:04:01,C100456,Lyon,FR,Mobile,P1015,Montre connectée,Sport,3,229.00,0,687.00,Payée
O511402,1,2026-10-02 17:27:54,C100736,Thionville,FR,Marketplace,P1015,Montre connectée,Sport,3,229.00,0,687.00,Payée
O511402,2,2026-10-02 17:27:54,C100736,Thionville,FR,Marketplace,P1002,Écran 27 pouces 4K,Informatique,3,389.00,0,1167.00,Payée
O511402,3,2026-10-02 17:27:54,C100736,Thionville,FR,Marketplace,P1019,Sac à dos urbain,Mode,1,65.00,15,55.25,Payée
O511403,1,2026-10-02 23:30:07,C101125,Conakry,GN,Magasin,P1016,Tapis de yoga,Sport,1,25.00,15,21.25,Expédiée
O511404,1,2026-10-02 15:29:41,C100314,Liège,BE,Web,P1006,Disque SSD externe 1 To,Informatique,3,109.00,0,327.00,Expédiée
O511405,1,2026-10-02 23:29:52,C100843,Esch-sur-Alzette,LU,Mobile,P1004,Souris sans fil,Informatique,1,29.00,0,29.00,Payée
O511405,2,2026-10-02 23:29:52,C100843,Esch-sur-Alzette,LU,Mobile,P1002,Écran 27 pouces 4K,Informatique,2,389.00,0,778.00,Payée
O511406,1,2026-10-02 22:38:46,C100276,Sarrebruck,DE,Web,P1006,Disque SSD externe 1 To,Informatique,1,109.00,0,109.00,Payée
O511406,2,2026-10-02 22:38:46,C100276,Sarrebruck,DE,Web,P1003,Clavier mécanique,Informatique,1,89.00,0,89.00,Payée
O511407,1,2026-10-02 21:15:54,C101174,Sarrebruck,DE,Magasin,P1002,Écran 27 pouces 4K,Informatique,2,389.00,0,778.00,Créée
O511407,2,2026-10-02 21:15:54,C101174,Sarrebruck,DE,Magasin,P1019,Sac à dos urbain,Mode,1,65.00,0,65.00,Créée
O511408,1,2026-10-02 19:51:54,C100992,Sarrebruck,DE,Magasin,P1006,Disque SSD externe 1 To,Informatique,3,109.00,0,327.00,Payée
O511409,1,2026-10-02 20:05:38,C101249,Labé,GN,Marketplace,P1018,Gourde isotherme,Sport,3,22.00,0,66.00,Payée
O511409,2,2026-10-02 20:05:38,C101249,Labé,GN,Marketplace,P1015,Montre connectée,Sport,1,229.00,0,229.00,Payée
O511410,1,2026-10-02 20:24:53,C100068,Bruxelles,BE,Mobile,P1008,Écouteurs sans fil,Audio,2,129.00,0,258.00,Payée
O511410,2,2026-10-02 20:24:53,C100068,Bruxelles,BE,Mobile,P1007,Casque à réduction de bruit,Audio,2,279.00,0,558.00,Payée
O511411,1,2026-10-02 18:18:24,C100947,Labé,GN,Web,P1011,Machine à café à grains,Maison,2,499.00,0,998.00,Payée
O511411,2,2026-10-02 18:18:24,C100947,Labé,GN,Web,P1024,Stylo plume,Bureau,1,35.00,20,28.00,Payée
O511411,3,2026-10-02 18:18:24,C100947,Labé,GN,Web,P1017,Vélo d'appartement,Sport,2,399.00,0,798.00,Payée
O511412,1,2026-10-02 15:51:25,C100641,Metz,FR,Mobile,P1008,Écouteurs sans fil,Audio,2,129.00,0,258.00,Payée
O511413,1,2026-10-02 09:05:01,C100465,Lyon,FR,Web,P1010,Aspirateur robot,Maison,1,349.00,0,349.00,Créée
O511413,2,2026-10-02 09:05:01,C100465,Lyon,FR,Web,P1019,Sac à dos urbain,Mode,1,65.00,5,61.75,Créée
O511413,3,2026-10-02 09:05:01,C100465,Lyon,FR,Web,P1009,Enceinte Bluetooth,Audio,1,79.00,10,71.10,Créée
O511413,4,2026-10-02 09:05:01,C100465,Lyon,FR,Web,P1008,Écouteurs sans fil,Audio,1,129.00,0,129.00,Créée
O511414,1,2026-10-02 07:11:50,C100243,Strasbourg,FR,Marketplace,P1018,Gourde isotherme,Sport,2,22.00,0,44.00,Expédiée
O511414,2,2026-10-02 07:11:50,C100243,Strasbourg,FR,Marketplace,P1007,Casque à réduction de bruit,Audio,1,279.00,0,279.00,Expédiée
O511414,3,2026-10-02 07:11:50,C100243,Strasbourg,FR,Marketplace,P1008,Écouteurs sans fil,Audio,2,129.00,5,245.10,Expédiée
O511415,1,2026-10-02 23:51:10,C101300,Thionville,FR,Web,P1017,Vélo d'appartement,Sport,1,399.00,0,399.00,Expédiée
O511416,1,2026-10-02 13:34:34,C100253,Dakar,SN,Web,P1020,Baskets running,Mode,1,119.00,0,119.00,Expédiée
O511416,2,2026-10-02 13:34:34,C100253,Dakar,SN,Web,P1013,Friteuse sans huile,Maison,2,129.00,0,258.00,Expédiée
O511417,1,2026-10-02 18:07:39,C100408,Lyon,FR,Mobile,P1001,Ordinateur portable 14 pouces,Informatique,2,749.00,0,1498.00,Expédiée
O511417,2,2026-10-02 18:07:39,C100408,Lyon,FR,Mobile,P1017,Vélo d'appartement,Sport,2,399.00,0,798.00,Expédiée
O511417,3,2026-10-02 18:07:39,C100408,Lyon,FR,Mobile,P1007,Casque à réduction de bruit,Audio,1,279.00,0,279.00,Expédiée
O511418,1,2026-10-02 22:48:43,C100242,Lyon,FR,Web,P1015,Montre connectée,Sport,1,229.00,0,229.00,Expédiée
O511419,1,2026-10-02 10:17:06,C101271,Metz,FR,Mobile,P1005,Station d'accueil USB-C,Informatique,2,149.00,0,298.00,Expédiée
O511419,2,2026-10-02 10:17:06,C101271,Metz,FR,Mobile,P1008,Écouteurs sans fil,Audio,1,129.00,0,129.00,Expédiée
O511420,1,2026-10-02 06:12:39,C100931,Lille,FR,Mobile,P1003,Clavier mécanique,Informatique,2,89.00,0,178.00,Payée
O511420,2,2026-10-02 06:12:39,C100931,Lille,FR,Mobile,P1020,Baskets running,Mode,1,119.00,10,107.10,Payée
O511421,1,2026-10-02 08:43:36,C100522,Sarrebruck,DE,Mobile,P1008,Écouteurs sans fil,Audio,2,129.00,20,206.40,Expédiée
O511422,1,2026-10-02 19:15:42,C100710,Esch-sur-Alzette,LU,Marketplace,P1003,Clavier mécanique,Informatique,1,89.00,0,89.00,Payée
O511423,1,2026-10-02 13:01:50,C101174,Esch-sur-Alzette,LU,Web,P1024,Stylo plume,Bureau,1,35.00,0,35.00,Payée
O511424,1,2026-10-02 12:00:13,C100502,Bruxelles,BE,Web,P1017,Vélo d'appartement,Sport,1,399.00,0,399.00,Payée
O511425,1,2026-10-02 12:41:26,C100768,Dakar,SN,Web,P1008,Écouteurs sans fil,Audio,1,129.00,5,122.55,Créée
O511425,2,2026-10-02 12:41:26,C100768,Dakar,SN,Web,P1007,Casque à réduction de bruit,Audio,1,279.00,0,279.00,Créée
O511426,1,2026-10-02 16:02:31,C100723,Strasbourg,FR,Mobile,P1010,Aspirateur robot,Maison,3,349.00,0,1047.00,Expédiée
O511427,1,2026-10-02 06:54:56,C101111,Esch-sur-Alzette,LU,Mobile,P1019,Sac à dos urbain,Mode,1,65.00,0,65.00,Payée
O511428,1,2026-10-02 17:07:20,C100853,Esch-sur-Alzette,LU,Mobile,P1010,Aspirateur robot,Maison,1,349.00,15,296.65,Payée
O511428,2,2026-10-02 17:07:20,C100853,Esch-sur-Alzette,LU,Mobile,P1014,Lampe de bureau LED,Maison,1,45.00,0,45.00,Payée
O511429,1,2026-10-02 10:21:25,C100856,Paris,FR,Web,P1002,Écran 27 pouces 4K,Informatique,2,389.00,5,739.10,Payée
O511429,2,2026-10-02 10:21:25,C100856,Paris,FR,Web,P1016,Tapis de yoga,Sport,1,25.00,0,25.00,Payée
O511430,1,2026-10-02 23:30:17,C100449,Lyon,FR,Magasin,P1014,Lampe de bureau LED,Maison,2,45.00,0,90.00,Expédiée
O511430,2,2026-10-02 23:30:17,C100449,Lyon,FR,Magasin,P1010,Aspirateur robot,Maison,1,349.00,0,349.00,Expédiée
O511430,3,2026-10-02 23:30:17,C100449,Lyon,FR,Magasin,P1011,Machine à café à grains,Maison,1,499.00,0,499.00,Expédiée
O511431,1,2026-10-02 16:18:26,C100007,Thionville,FR,Web,P1007,Casque à réduction de bruit,Audio,2,279.00,10,502.20,Payée
O511431,2,2026-10-02 16:18:26,C100007,Thionville,FR,Web,P1013,Friteuse sans huile,Maison,1,129.00,0,129.00,Payée
O511431,3,2026-10-02 16:18:26,C100007,Thionville,FR,Web,P1009,Enceinte Bluetooth,Audio,1,79.00,0,79.00,Payée
O511432,1,2026-10-02 10:29:28,C100961,Bruxelles,BE,Marketplace,P1009,Enceinte Bluetooth,Audio,1,79.00,20,63.20,Payée
O511433,1,2026-10-02 08:23:42,C101105,Esch-sur-Alzette,LU,Web,P1004,Souris sans fil,Informatique,1,29.00,0,29.00,Payée
O511433,2,2026-10-02 08:23:42,C101105,Esch-sur-Alzette,LU,Web,P1002,Écran 27 pouces 4K,Informatique,4,389.00,10,1400.40,Payée
O511433,3,2026-10-02 08:23:42,C101105,Esch-sur-Alzette,LU,Web,P1005,Station d'accueil USB-C,Informatique,1,149.00,0,149.00,Payée
O511434,1,2026-10-02 11:33:05,C100530,Bruxelles,BE,Mobile,P1004,Souris sans fil,Informatique,1,29.00,0,29.00,Créée
O511434,2,2026-10-02 11:33:05,C100530,Bruxelles,BE,Mobile,P1007,Casque à réduction de bruit,Audio,1,279.00,0,279.00,Créée
O511435,1,2026-10-02 15:24:10,C100677,Paris,FR,Magasin,P1021,Veste imperméable,Mode,1,139.00,0,139.00,Payée
O511435,2,2026-10-02 15:24:10,C100677,Paris,FR,Magasin,P1010,Aspirateur robot,Maison,4,349.00,20,1116.80,Payée
O511436,1,2026-10-02 13:36:16,C100129,Trèves,DE,Web,P1005,Station d'accueil USB-C,Informatique,2,149.00,5,283.10,Payée
O511436,2,2026-10-02 13:36:16,C100129,Trèves,DE,Web,P1011,Machine à café à grains,Maison,1,499.00,15,424.15,Payée
O511436,3,2026-10-02 13:36:16,C100129,Trèves,DE,Web,P1001,Ordinateur portable 14 pouces,Informatique,1,749.00,10,674.10,Payée
O511437,1,2026-10-02 16:02:58,,Conakry,GN,Marketplace,P1003,Clavier mécanique,Informatique,2,89.00,0,178.00,Payée
O511437,2,2026-10-02 16:02:58,C101207,Conakry,GN,Marketplace,P1017,Vélo d'appartement,Sport,1,399.00,10,359.10,Payée
O511438,1,2026-10-02 17:18:03,C100499,Esch-sur-Alzette,LU,Magasin,P1004,Souris sans fil,Informatique,1,29.00,0,29.00,Expédiée
O511439,1,2026-10-02 19:09:07,C100234,Thionville,FR,Marketplace,P1001,Ordinateur portable 14 pouces,Informatique,2,749.00,15,1273.30,Créée
O511439,2,2026-10-02 19:09:07,C100234,Thionville,FR,Marketplace,P1007,Casque à réduction de bruit,Audio,1,279.00,0,279.00,Créée
O511440,1,2026-10-02 19:37:24,C100626,Thionville,FR,Web,P1009,Enceinte Bluetooth,Audio,1,79.00,5,75.05,Payée
O511441,1,2026-10-02 16:31:50,C100875,Metz,FR,Web,P1012,Bouilloire inox,Maison,2,39.00,0,78.00,Expédiée
O511442,1,2026-10-02 06:20:37,C100863,Strasbourg,FR,Mobile,P1016,Tapis de yoga,Sport,1,25.00,0,25.00,Créée
O511442,2,2026-10-02 06:20:37,C100863,Strasbourg,FR,Mobile,P1005,Station d'accueil USB-C,Informatique,1,149.00,0,149.00,Créée
O511442,3,2026-10-02 06:20:37,C100863,Strasbourg,FR,Mobile,P1001,Ordinateur portable 14 pouces,Informatique,1,749.00,0,749.00,Créée
O511442,4,2026-10-02 06:20:37,C100863,Strasbourg,FR,Mobile,P1022,Chaise ergonomique,Bureau,1,299.00,0,299.00,Créée
O511443,1,2026-10-02 18:51:30,C101142,Metz,FR,Magasin,P1009,Enceinte Bluetooth,Audio,1,79.00,0,79.00,Payée
O511443,2,2026-10-02 18:51:30,C101142,Metz,FR,Magasin,P1008,Écouteurs sans fil,Audio,1,129.00,0,129.00,Payée
O511443,3,2026-10-02 18:51:30,C101142,Metz,FR,Magasin,P1014,Lampe de bureau LED,Maison,3,45.00,0,135.00,Payée
O511444,1,2026-10-02 13:25:50,C101077,Paris,FR,Magasin,P1017,Vélo d'appartement,Sport,1,399.00,0,399.00,Payée
O511445,1,2026-10-02 10:19:37,C100043,Paris,FR,Mobile,P1009,Enceinte Bluetooth,Audio,1,79.00,0,79.00,Payée
O511445,2,2026-10-02 10:19:37,C100043,Paris,FR,Mobile,P1003,Clavier mécanique,Informatique,2,89.00,0,178.00,Payée
O511445,3,2026-10-02 10:19:37,C100043,Paris,FR,Mobile,P1014,Lampe de bureau LED,Maison,1,45.00,0,45.00,Payée
O511446,1,2026-10-02 21:54:34,C100182,Strasbourg,FR,Mobile,P1007,Casque à réduction de bruit,Audio,1,279.00,0,279.00,Payée
O511447,1,2026-10-02 12:27:06,C100235,Lille,FR,Mobile,P1018,Gourde isotherme,Sport,2,22.00,0,44.00,Payée
O511447,2,2026-10-02 12:27:06,C100235,Lille,FR,Mobile,P1013,Friteuse sans huile,Maison,1,129.00,0,129.00,Payée
O511447,3,2026-10-02 12:27:06,C100235,Lille,FR,Mobile,P1007,Casque à réduction de bruit,Audio,2,279.00,0,558.00,Payée
O511448,1,2026-10-02 12:54:34,C100686,Conakry,GN,Marketplace,P1024,Stylo plume,Bureau,1,35.00,0,35.00,Payée
O511448,2,2026-10-02 12:54:34,C100686,Conakry,GN,Marketplace,P1007,Casque à réduction de bruit,Audio,1,279.00,0,279.00,Payée
O511448,3,2026-10-02 12:54:34,C100686,Conakry,GN,Marketplace,P1009,Enceinte Bluetooth,Audio,2,79.00,0,158.00,Payée
O511449,1,2026-10-02 18:38:40,C100852,Luxembourg,LU,Web,P1005,Station d'accueil USB-C,Informatique,2,149.00,0,298.00,Payée
O511449,2,2026-10-02 18:38:40,C100852,Luxembourg,LU,Web,P1016,Tapis de yoga,Sport,1,25.00,0,25.00,Payée
O511450,1,2026-10-02 21:24:40,C100701,Sarrebruck,DE,Web,P1018,Gourde isotherme,Sport,1,22.00,15,18.70,Payée
O511450,2,2026-10-02 21:24:40,C100701,Sarrebruck,DE,Web,P1013,Friteuse sans huile,Maison,1,129.00,0,129.00,Payée
O511450,3,2026-10-02 21:24:40,C100701,Sarrebruck,DE,Web,P1001,Ordinateur portable 14 pouces,Informatique,1,749.00,0,749.00,Payée
O511450,4,2026-10-02 21:24:40,C100701,Sarrebruck,DE,Web,P1021,Veste imperméable,Mode,1,139.00,0,139.00,Payée
O511451,1,2026-10-02 06:18:17,C100669,Metz,FR,Marketplace,P1005,Station d'accueil USB-C,Informatique,3,149.00,0,447.00,Payée
O511451,2,2026-10-02 06:18:17,C100669,Metz,FR,Marketplace,P1022,Chaise ergonomique,Bureau,3,299.00,0,897.00,Payée
O511452,1,2026-10-02 08:56:23,C100594,Bruxelles,BE,Mobile,P1021,Veste imperméable,Mode,1,139.00,0,139.00,Créée
O511453,1,2026-10-02 21:24:10,C100780,Esch-sur-Alzette,LU,Web,P1024,Stylo plume,Bureau,1,35.00,10,31.50,Créée
O511453,2,2026-10-02 21:24:10,C100780,Esch-sur-Alzette,LU,Web,P1023,Bureau assis-debout,Bureau,1,449.00,0,449.00,Créée
O511454,1,2026-10-02 15:19:35,C100309,Trèves,DE,Magasin,P1022,Chaise ergonomique,Bureau,1,299.00,0,299.00,Créée
O511455,1,2026-10-02 21:11:47,C101096,Strasbourg,FR,Web,P1003,Clavier mécanique,Informatique,1,89.00,10,80.10,Payée
O511455,2,2026-10-02 21:11:47,C101096,Strasbourg,FR,Web,P1022,Chaise ergonomique,Bureau,1,299.00,0,299.00,Payée
O511455,3,2026-10-02 21:11:47,C101096,Strasbourg,FR,Web,P1009,Enceinte Bluetooth,Audio,2,79.00,15,134.30,Payée
O511456,1,2026-10-02 20:57:54,C100901,Sarrebruck,DE,Web,P1015,Montre connectée,Sport,1,229.00,0,229.00,Payée
O511457,1,2026-10-02 16:08:36,C100091,Luxembourg,LU,Mobile,P1017,Vélo d'appartement,Sport,1,399.00,0,399.00,Payée
O511458,1,2026-10-02 16:49:46,C100518,Strasbourg,FR,Web,P1013,Friteuse sans huile,Maison,1,129.00,0,129.00,Expédiée
O511459,1,2026-10-02 20:27:16,C101153,Lille,FR,Mobile,P1013,Friteuse sans huile,Maison,1,129.00,0,129.00,Créée
O511460,1,2026-10-02 14:51:08,C100199,Thionville,FR,Web,P1021,Veste imperméable,Mode,1,139.00,0,139.00,Expédiée
O511460,2,2026-10-02 14:51:08,C100199,Thionville,FR,Web,P1007,Casque à réduction de bruit,Audio,1,279.00,0,279.00,Expédiée
O511460,3,2026-10-02 14:51:08,C100199,Thionville,FR,Web,P1023,Bureau assis-debout,Bureau,2,449.00,0,898.00,Expédiée
O511461,1,2026-10-02 12:19:10,C101188,Metz,FR,Web,P1017,Vélo d'appartement,Sport,1,399.00,0,399.00,Payée
O511462,1,2026-10-02 15:20:46,C101146,Lille,FR,Web,P1006,Disque SSD externe 1 To,Informatique,1,109.00,0,109.00,Créée
O511462,2,2026-10-02 15:20:46,C101146,Lille,FR,Web,P1014,Lampe de bureau LED,Maison,1,45.00,0,45.00,Créée
O511463,1,2026-10-02 12:40:27,C100451,Conakry,GN,Marketplace,P1023,Bureau assis-debout,Bureau,1,449.00,0,449.00,Créée
O511463,2,2026-10-02 12:40:27,C100451,Conakry,GN,Marketplace,P1009,Enceinte Bluetooth,Audio,1,79.00,10,71.10,Créée
O511464,1,2026-10-02 16:01:23,C100328,Lyon,FR,Mobile,P1019,Sac à dos urbain,Mode,4,65.00,0,260.00,Payée
O511464,2,2026-10-02 16:01:23,C100328,Lyon,FR,Mobile,P1024,Stylo plume,Bureau,2,35.00,0,70.00,Payée
O511464,3,2026-10-02 16:01:23,C100328,Lyon,FR,Mobile,P1002,Écran 27 pouces 4K,Informatique,1,389.00,5,369.55,Payée
O511465,1,2026-10-02 14:16:24,C100228,Bruxelles,BE,Magasin,P1020,Baskets running,Mode,1,119.00,0,119.00,Expédiée
O511465,2,2026-10-02 14:16:24,C100228,Bruxelles,BE,Magasin,P1007,Casque à réduction de bruit,Audio,3,279.00,10,753.30,Expédiée
O511466,1,2026-10-02 17:05:12,C100094,Sarrebruck,DE,Mobile,P1003,Clavier mécanique,Informatique,1,89.00,0,89.00,Expédiée
O511467,1,2026-10-02 09:01:20,C100095,Lyon,FR,Mobile,P1009,Enceinte Bluetooth,Audio,1,79.00,0,79.00,Expédiée
O511468,1,2026-10-02 22:35:19,C100402,Lyon,FR,Magasin,P1011,Machine à café à grains,Maison,1,499.00,0,499.00,Payée
O511468,2,2026-10-02 22:35:19,C100402,Lyon,FR,Magasin,P1004,Souris sans fil,Informatique,2,29.00,5,55.10,Payée
O511468,3,2026-10-02 22:35:19,C100402,Lyon,FR,Magasin,P1018,Gourde isotherme,Sport,3,22.00,0,66.00,Payée
O511469,1,2026-10-02 06:23:31,C100148,Labé,GN,Web,P1018,Gourde isotherme,Sport,2,22.00,0,44.00,Expédiée
O511470,1,2026-10-02 18:46:50,C100597,Thionville,FR,Web,P1019,Sac à dos urbain,Mode,1,65.00,0,65.00,Payée
O511471,1,2026-10-02 23:46:43,C100669,Labé,GN,Marketplace,P1008,Écouteurs sans fil,Audio,1,129.00,15,109.65,Créée
O511471,2,2026-10-02 23:46:43,C100669,Labé,GN,Marketplace,P1010,Aspirateur robot,Maison,1,349.00,0,349.00,Créée
O511471,3,2026-10-02 23:46:43,C100669,Labé,GN,Marketplace,P1022,Chaise ergonomique,Bureau,1,299.00,10,269.10,Créée
O511472,1,2026-10-02 21:17:03,C100814,Nancy,FR,Mobile,P1018,Gourde isotherme,Sport,1,22.00,0,22.00,Payée
O511473,1,2026-10-02 19:29:55,C100265,Luxembourg,LU,Mobile,P1004,Souris sans fil,Informatique,3,29.00,5,82.65,Expédiée
O511473,2,2026-10-02 19:29:55,C100265,Luxembourg,LU,Mobile,P1023,Bureau assis-debout,Bureau,1,449.00,0,449.00,Expédiée
O511474,1,2026-10-02 18:31:19,C100762,Thionville,FR,Web,P1012,Bouilloire inox,Maison,1,39.00,0,39.00,Payée
O511475,1,2026-10-02 09:12:57,C100558,Lille,FR,Web,P1013,Friteuse sans huile,Maison,1,129.00,5,122.55,Payée
O511476,1,2026-10-02 16:08:13,C100261,Thionville,FR,Web,P1019,Sac à dos urbain,Mode,2,65.00,0,130.00,Payée
O511476,2,2026-10-02 16:08:13,C100261,Thionville,FR,Web,P1004,Souris sans fil,Informatique,1,29.00,0,29.00,Payée
O511477,1,2026-10-02 09:57:24,C101037,Esch-sur-Alzette,LU,Marketplace,P1003,Clavier mécanique,Informatique,1,89.00,0,89.00,Payée
O511477,2,2026-10-02 09:57:24,C101037,Esch-sur-Alzette,LU,Marketplace,P1005,Station d'accueil USB-C,Informatique,2,149.00,0,298.00,Payée
O511477,3,2026-10-02 09:57:24,C101037,Esch-sur-Alzette,LU,Marketplace,P1008,Écouteurs sans fil,Audio,1,129.00,0,129.00,Payée
O511477,4,2026-10-02 09:57:24,C101037,Esch-sur-Alzette,LU,Marketplace,P1018,Gourde isotherme,Sport,3,22.00,0,66.00,Payée
O511478,1,2026-10-02 06:13:28,C100817,Paris,FR,Mobile,P1015,Montre connectée,Sport,1,229.00,0,229.00,Créée
O511479,1,2026-10-02 14:25:09,C100137,Genève,CH,Magasin,P1006,Disque SSD externe 1 To,Informatique,1,109.00,0,109.00,Créée
O511480,1,2026-10-02 07:14:42,C100805,Genève,CH,Mobile,P1020,Baskets running,Mode,1,119.00,0,119.00,Payée
O511480,2,2026-10-02 07:14:42,C100805,Genève,CH,Mobile,P1007,Casque à réduction de bruit,Audio,1,279.00,0,279.00,Payée
O511480,3,2026-10-02 07:14:42,C100805,Genève,CH,Mobile,P1018,Gourde isotherme,Sport,1,22.00,0,22.00,Payée
O511481,1,2026-10-02 07:25:48,C101300,Genève,CH,Mobile,P1009,Enceinte Bluetooth,Audio,1,79.00,0,79.00,Créée
O511482,1,2026-10-02 06:08:06,C100756,Thionville,FR,Marketplace,P1016,Tapis de yoga,Sport,1,25.00,0,25.00,Payée
O511482,2,2026-10-02 06:08:06,C100756,Thionville,FR,Marketplace,P1010,Aspirateur robot,Maison,2,349.00,0,698.00,Payée
O511483,1,2026-10-02 12:10:55,C100166,Sarrebruck,DE,Marketplace,P1017,Vélo d'appartement,Sport,1,399.00,20,319.20,Payée
O511483,2,2026-10-02 12:10:55,C100166,Sarrebruck,DE,Marketplace,P1006,Disque SSD externe 1 To,Informatique,1,109.00,0,109.00,Payée
O511483,3,2026-10-02 12:10:55,C100166,Sarrebruck,DE,Marketplace,P1002,Écran 27 pouces 4K,Informatique,1,389.00,15,330.65,Payée
O511483,4,2026-10-02 12:10:55,C100166,Sarrebruck,DE,Marketplace,P1024,Stylo plume,Bureau,1,35.00,5,33.25,Payée
O511484,1,2026-10-02 21:42:23,C100333,Dakar,SN,Web,P1022,Chaise ergonomique,Bureau,1,299.00,0,299.00,Payée
O511484,2,2026-10-02 21:42:23,C100333,Dakar,SN,Web,P1004,Souris sans fil,Informatique,1,29.00,0,29.00,Payée
O511484,3,2026-10-02 21:42:23,C100333,Dakar,SN,Web,P1013,Friteuse sans huile,Maison,1,129.00,20,103.20,Payée
O511485,1,2026-10-02 14:42:04,C100306,Dakar,SN,Mobile,P1001,Ordinateur portable 14 pouces,Informatique,3,749.00,0,2247.00,Payée
O511486,1,2026-10-02 18:56:19,C100407,Labé,GN,Marketplace,P1006,Disque SSD externe 1 To,Informatique,1,109.00,0,109.00,Expédiée
O511487,1,2026-10-02 16:46:30,C100952,Bruxelles,BE,Mobile,P1024,Stylo plume,Bureau,1,35.00,0,35.00,Expédiée
O511487,2,2026-10-02 16:46:30,C100952,Bruxelles,BE,Mobile,P1019,Sac à dos urbain,Mode,3,65.00,0,195.00,Expédiée
O511488,1,2026-10-02 23:22:32,C100317,Conakry,GN,Magasin,P1004,Souris sans fil,Informatique,-1,29.00,15,-24.65,Expédiée
O511489,1,2026-10-02 22:35:30,C101268,Liège,BE,Web,P1002,Écran 27 pouces 4K,Informatique,2,389.00,0,778.00,Payée
O511490,1,2026-10-02 10:16:54,C100774,Lille,FR,Mobile,P1020,Baskets running,Mode,1,119.00,10,107.10,Payée
O511491,1,2026-10-02 13:56:56,C100397,Genève,CH,Mobile,P1017,Vélo d'appartement,Sport,1,399.00,0,399.00,Expédiée
O511492,1,2026-10-02 20:37:47,C100415,Trèves,DE,Mobile,P1011,Machine à café à grains,Maison,1,499.00,10,449.10,Expédiée
O511493,1,2026-10-02 12:34:03,C100487,Nancy,FR,Web,P1020,Baskets running,Mode,2,119.00,0,238.00,Payée
O511493,2,2026-10-02 12:34:03,C100487,Nancy,FR,Web,P1002,Écran 27 pouces 4K,Informatique,1,389.00,5,369.55,Payée
O511494,1,2026-10-02 21:59:50,C100080,Liège,BE,Magasin,P1008,Écouteurs sans fil,Audio,1,129.00,10,116.10,Payée
O511494,2,2026-10-02 21:59:50,C100080,Liège,BE,Magasin,P1003,Clavier mécanique,Informatique,4,89.00,0,356.00,Payée
O511495,1,2026-10-02 15:15:57,C101253,Lille,FR,Marketplace,P1016,Tapis de yoga,Sport,1,25.00,5,23.75,Payée
O511496,1,2026-10-02 06:03:29,C100032,Thionville,FR,Web,P1011,Machine à café à grains,Maison,1,499.00,0,499.00,Payée
O511496,2,2026-10-02 06:03:29,C100032,Thionville,FR,Web,P1015,Montre connectée,Sport,1,229.00,0,229.00,Payée
O511497,1,2026-10-02 17:56:57,C100167,Liège,BE,Mobile,P1012,Bouilloire inox,Maison,1,39.00,10,35.10,Payée
O511497,2,2026-10-02 17:56:57,C100167,Liège,BE,Mobile,P1021,Veste imperméable,Mode,2,139.00,0,278.00,Payée
O511498,1,2026-10-02 09:35:55,C101003,Metz,FR,Mobile,P1020,Baskets running,Mode,1,119.00,0,119.00,Payée
O511498,2,2026-10-02 09:35:55,C101003,Metz,FR,Mobile,P1016,Tapis de yoga,Sport,1,25.00,15,21.25,Payée
O511499,1,2026-10-02 11:44:14,C101293,Trèves,DE,Web,P1019,Sac à dos urbain,Mode,1,65.00,0,65.00,Expédiée
O511499,2,2026-10-02 11:44:14,C101293,Trèves,DE,Web,P1009,Enceinte Bluetooth,Audio,2,79.00,10,142.20,Expédiée
O511500,1,2026-10-02 20:12:27,C100193,Lille,FR,Web,P1019,Sac à dos urbain,Mode,1,65.00,0,65.00,Payée
O511500,2,2026-10-02 20:12:27,C100193,Lille,FR,Web,P1006,Disque SSD externe 1 To,Informatique,1,109.00,10,98.10,Payée
O511500,3,2026-10-02 20:12:27,C100193,Lille,FR,Web,P1003,Clavier mécanique,Informatique,1,89.00,0,89.00,Payée
O511501,1,2026-10-02 18:42:05,C100839,Luxembourg,LU,Web,P1017,Vélo d'appartement,Sport,2,399.00,0,798.00,Payée
O511502,1,2026-10-02 10:30:21,C101201,Dakar,SN,Web,P1012,Bouilloire inox,Maison,2,39.00,0,78.00,Payée
O511503,1,2026-10-02 22:44:13,C101066,Lyon,FR,Mobile,P1006,Disque SSD externe 1 To,Informatique,4,109.00,0,436.00,Expédiée
O511503,2,2026-10-02 22:44:13,C101066,Lyon,FR,Mobile,P1024,Stylo plume,Bureau,1,35.00,0,35.00,Expédiée
O511504,1,2026-10-02 18:02:31,C100236,Dakar,SN,Mobile,P1013,Friteuse sans huile,Maison,2,129.00,0,258.00,Expédiée
O511504,2,2026-10-02 18:02:31,C100236,Dakar,SN,Mobile,P1024,Stylo plume,Bureau,1,35.00,5,33.25,Expédiée
O511504,3,2026-10-02 18:02:31,C100236,Dakar,SN,Mobile,P1016,Tapis de yoga,Sport,1,25.00,5,23.75,Expédiée
O511504,4,2026-10-02 18:02:31,C100236,Dakar,SN,Mobile,P1022,Chaise ergonomique,Bureau,1,299.00,0,299.00,Expédiée
O511505,1,2026-10-02 19:33:51,C100912,Genève,CH,Web,P1013,Friteuse sans huile,Maison,2,129.00,0,258.00,Payée
O511506,1,2026-10-02 20:43:33,C100723,Bruxelles,BE,Marketplace,P1008,Écouteurs sans fil,Audio,2,129.00,0,258.00,Payée
O511506,2,2026-10-02 20:43:33,C100723,Bruxelles,BE,Marketplace,P1019,Sac à dos urbain,Mode,2,65.00,0,130.00,Payée
O511507,1,2026-10-02 22:17:57,C100374,Esch-sur-Alzette,LU,Mobile,P1011,Machine à café à grains,Maison,1,499.00,5,474.05,Créée
O511507,2,2026-10-02 22:17:57,C100374,Esch-sur-Alzette,LU,Mobile,P1017,Vélo d'appartement,Sport,1,399.00,0,399.00,Créée
O511508,1,2026-10-02 16:42:10,C100380,Trèves,DE,Web,P1005,Station d'accueil USB-C,Informatique,1,149.00,0,149.00,Créée
O511509,1,2026-10-02 19:55:41,C100051,Bruxelles,BE,Marketplace,P1012,Bouilloire inox,Maison,1,39.00,0,39.00,Payée
O511510,1,2026-10-02 23:00:17,C100262,Genève,CH,Web,P1017,Vélo d'appartement,Sport,3,399.00,5,1137.15,Payée
O511511,1,2026-10-02 12:06:27,C100229,Lyon,FR,Web,P1023,Bureau assis-debout,Bureau,1,449.00,0,449.00,Expédiée
O511512,1,2026-10-02 20:59:10,C100833,Trèves,DE,Web,P1024,Stylo plume,Bureau,1,35.00,5,33.25,Payée
O511512,2,2026-10-02 20:59:10,C100833,Trèves,DE,Web,P1022,Chaise ergonomique,Bureau,1,299.00,0,299.00,Payée
O511512,3,2026-10-02 20:59:10,C100833,Trèves,DE,Web,P1001,Ordinateur portable 14 pouces,Informatique,1,749.00,0,749.00,Payée
O511513,1,2026-10-02 08:45:05,C100999,Lille,FR,Mobile,P1005,Station d'accueil USB-C,Informatique,2,149.00,0,298.00,Payée
O511514,1,2026-10-02 14:52:37,C101276,Esch-sur-Alzette,LU,Web,P1009,Enceinte Bluetooth,Audio,3,79.00,0,237.00,Payée
O511515,1,2026-10-02 14:45:40,C100875,Conakry,GN,Magasin,P1001,Ordinateur portable 14 pouces,Informatique,1,749.00,0,749.00,Payée
O511516,1,2026-10-02 19:37:54,C100118,Luxembourg,LU,Web,P1001,Ordinateur portable 14 pouces,Informatique,1,749.00,5,711.55,Expédiée
O511517,1,2026-10-02 08:29:27,C100775,Lille,FR,Mobile,P1017,Vélo d'appartement,Sport,1,399.00,0,399.00,Payée
O511518,1,2026-10-02 15:10:16,C101060,Genève,CH,Web,P1008,Écouteurs sans fil,Audio,1,129.00,0,129.00,Payée
O511519,1,2026-10-02 10:48:53,C100417,Luxembourg,LU,Marketplace,P1015,Montre connectée,Sport,1,229.00,0,229.00,Payée
O511519,2,2026-10-02 10:48:53,C100417,Luxembourg,LU,Marketplace,P1001,Ordinateur portable 14 pouces,Informatique,2,749.00,0,1498.00,Payée
O511519,3,2026-10-02 10:48:53,C100417,Luxembourg,LU,Marketplace,P1020,Baskets running,Mode,1,119.00,0,119.00,Payée
O511520,1,2026-10-02 08:33:33,C100084,Nancy,FR,Magasin,P1004,Souris sans fil,Informatique,2,29.00,0,58.00,Payée
O511521,1,2026-10-02 14:00:49,C100407,Thionville,FR,Mobile,P1021,Veste imperméable,Mode,1,139.00,0,139.00,Payée
O511522,1,2026-10-02 11:09:22,C101142,Lille,FR,Web,P1009,Enceinte Bluetooth,Audio,2,79.00,0,158.00,Expédiée
O511522,2,2026-10-02 11:09:22,C101142,Lille,FR,Web,P1002,Écran 27 pouces 4K,Informatique,1,389.00,20,311.20,Expédiée
O511523,1,2026-10-02 13:26:54,C100867,Dakar,SN,Mobile,P1003,Clavier mécanique,Informatique,1,89.00,0,89.00,Créée
O511524,1,2026-10-02 23:47:57,C100946,Dakar,SN,Magasin,P1015,Montre connectée,Sport,2,229.00,10,412.20,Expédiée
O511524,2,2026-10-02 23:47:57,C100946,Dakar,SN,Magasin,P1018,Gourde isotherme,Sport,1,22.00,5,20.90,Expédiée
O511524,3,2026-10-02 23:47:57,C100946,Dakar,SN,Magasin,P1002,Écran 27 pouces 4K,Informatique,3,389.00,0,1167.00,Expédiée
O511525,1,2026-10-02 14:26:26,C100791,Thionville,FR,Web,P1003,Clavier mécanique,Informatique,1,89.00,15,75.65,Payée
O511525,2,2026-10-02 14:26:26,C100791,Thionville,FR,Web,P1006,Disque SSD externe 1 To,Informatique,1,109.00,0,109.00,Payée
O511525,3,2026-10-02 14:26:26,C100791,Thionville,FR,Web,P1022,Chaise ergonomique,Bureau,2,299.00,5,568.10,Payée
O511525,4,2026-10-02 14:26:26,C100791,Thionville,FR,Web,P1011,Machine à café à grains,Maison,4,499.00,0,1996.00,Payée
O511526,1,2026-10-02 17:20:09,C101222,Thionville,FR,Magasin,P1016,Tapis de yoga,Sport,3,25.00,0,75.00,Payée
O511527,1,2026-10-02 14:40:39,C100684,Labé,GN,Web,P1016,Tapis de yoga,Sport,1,25.00,0,25.00,Créée
O511528,1,2026-10-02 19:03:35,C100893,Thionville,FR,Web,P1002,Écran 27 pouces 4K,Informatique,1,389.00,0,389.00,Expédiée
O511528,2,2026-10-02 19:03:35,C100893,Thionville,FR,Web,P1018,Gourde isotherme,Sport,2,22.00,0,44.00,Expédiée
O511529,1,2026-10-02 16:38:38,C100478,Luxembourg,LU,Web,P1013,Friteuse sans huile,Maison,1,129.00,0,129.00,Expédiée
O511530,1,2026-10-02 20:27:13,C100845,Lille,FR,Mobile,P1013,Friteuse sans huile,Maison,3,129.00,0,387.00,Payée
O511531,1,2026-10-02 22:05:58,C100690,Paris,FR,Marketplace,P1021,Veste imperméable,Mode,2,139.00,10,250.20,Créée
O511532,1,2026-10-02 15:06:09,C101237,Conakry,GN,Web,P1011,Machine à café à grains,Maison,1,499.00,5,474.05,Créée
O511533,1,2026-10-02 19:05:20,C100362,Metz,FR,Marketplace,P1015,Montre connectée,Sport,3,229.00,0,687.00,Expédiée
O511534,1,2026-10-02 16:58:51,C101214,Lille,FR,Mobile,P1022,Chaise ergonomique,Bureau,1,299.00,0,299.00,Payée
O511535,1,2026-10-02 19:01:09,C100360,Dakar,SN,Magasin,P1021,Veste imperméable,Mode,1,139.00,0,139.00,Créée
O511535,2,2026-10-02 19:01:09,C100360,Dakar,SN,Magasin,P1023,Bureau assis-debout,Bureau,1,449.00,0,449.00,Créée
O511536,1,2026-10-02 15:04:20,C101228,Nancy,FR,Marketplace,P1007,Casque à réduction de bruit,Audio,2,279.00,0,558.00,Payée
O511537,1,2026-10-02 07:05:16,C100204,Lille,FR,Magasin,P1009,Enceinte Bluetooth,Audio,2,79.00,0,158.00,Créée
O511537,2,2026-10-02 07:05:16,C100204,Lille,FR,Magasin,P1017,Vélo d'appartement,Sport,2,399.00,5,758.10,Créée
O511538,1,2026-10-02 06:51:18,C100179,Esch-sur-Alzette,LU,Magasin,P1007,Casque à réduction de bruit,Audio,1,279.00,0,279.00,Payée
O511539,1,2026-10-02 06:33:09,C101206,Luxembourg,LU,Mobile,P1014,Lampe de bureau LED,Maison,1,45.00,10,40.50,Expédiée
O511540,1,2026-10-02 09:27:36,C100218,Luxembourg,LU,Web,P1023,Bureau assis-debout,Bureau,1,449.00,0,449.00,Payée
O511541,1,2026-10-02 08:16:25,C100781,Lyon,FR,Mobile,P1008,Écouteurs sans fil,Audio,1,129.00,0,129.00,Expédiée
O511541,2,2026-10-02 08:16:25,C100781,Lyon,FR,Mobile,P1005,Station d'accueil USB-C,Informatique,1,149.00,0,149.00,Expédiée
O511542,1,2026-10-02 11:49:16,C100519,Trèves,DE,Web,P1014,Lampe de bureau LED,Maison,2,45.00,0,90.00,Payée
O511542,2,2026-10-02 11:49:16,C100519,Trèves,DE,Web,P1003,Clavier mécanique,Informatique,2,89.00,15,151.30,Payée
O511543,1,2026-10-02 12:42:02,C101051,Metz,FR,Marketplace,P1016,Tapis de yoga,Sport,3,25.00,0,75.00,Créée
O511544,1,2026-10-02 11:33:59,C100541,Nancy,FR,Web,P1007,Casque à réduction de bruit,Audio,1,279.00,5,265.05,Payée
O511544,2,2026-10-02 11:33:59,C100541,Nancy,FR,Web,P1002,Écran 27 pouces 4K,Informatique,1,389.00,5,369.55,Payée
O511544,3,2026-10-02 11:33:59,C100541,Nancy,FR,Web,P1005,Station d'accueil USB-C,Informatique,1,149.00,15,126.65,Payée
O511545,1,2026-10-02 23:06:00,C100995,Conakry,GN,Marketplace,P1021,Veste imperméable,Mode,2,139.00,5,264.10,Payée
O511546,1,2026-10-02 16:39:54,C100071,Liège,BE,Web,P1016,Tapis de yoga,Sport,1,25.00,0,25.00,Payée
O511546,2,2026-10-02 16:39:54,C100071,Liège,BE,Web,P1013,Friteuse sans huile,Maison,1,129.00,0,129.00,Payée
O511546,3,2026-10-02 16:39:54,C100071,Liège,BE,Web,P1010,Aspirateur robot,Maison,1,349.00,0,349.00,Payée
O511547,1,2026-10-02 22:34:01,C100898,Thionville,FR,Web,P1017,Vélo d'appartement,Sport,1,399.00,0,399.00,Payée
O511547,2,2026-10-02 22:34:01,C100898,Thionville,FR,Web,P1003,Clavier mécanique,Informatique,1,89.00,0,89.00,Payée
O511548,1,2026-10-02 10:22:53,C100973,Dakar,SN,Marketplace,P1014,Lampe de bureau LED,Maison,2,45.00,0,90.00,Payée
O511548,2,2026-10-02 10:22:53,C100973,Dakar,SN,Marketplace,P1018,Gourde isotherme,Sport,1,22.00,0,22.00,Payée
O511548,3,2026-10-02 10:22:53,C100973,Dakar,SN,Marketplace,P1015,Montre connectée,Sport,1,229.00,10,206.10,Payée
O511549,1,2026-10-02 06:30:58,C100763,Sarrebruck,DE,Marketplace,P1020,Baskets running,Mode,1,119.00,0,119.00,Expédiée
O511549,2,2026-10-02 06:30:58,C100763,Sarrebruck,DE,Marketplace,P1023,Bureau assis-debout,Bureau,1,449.00,0,449.00,Expédiée
O511549,3,2026-10-02 06:30:58,C100763,Sarrebruck,DE,Marketplace,P1009,Enceinte Bluetooth,Audio,1,79.00,0,79.00,Expédiée
O511550,1,2026-10-02 12:46:13,C100439,Lyon,FR,Marketplace,P1009,Enceinte Bluetooth,Audio,1,79.00,0,79.00,Expédiée
O511551,1,2026-10-02 12:37:02,C101028,Luxembourg,LU,Web,P1019,Sac à dos urbain,Mode,1,65.00,0,65.00,Payée
O511551,2,2026-10-02 12:37:02,C101028,Luxembourg,LU,Web,P1006,Disque SSD externe 1 To,Informatique,1,109.00,0,109.00,Payée
O511551,3,2026-10-02 12:37:02,C101028,Luxembourg,LU,Web,P1015,Montre connectée,Sport,1,229.00,0,229.00,Payée
O511551,4,2026-10-02 12:37:02,C101028,Luxembourg,LU,Web,P1001,Ordinateur portable 14 pouces,Informatique,1,749.00,0,749.00,Payée
O511552,1,2026-10-02 11:54:13,C100172,Luxembourg,LU,Web,P1007,Casque à réduction de bruit,Audio,1,279.00,0,279.00,Créée
O511552,2,2026-10-02 11:54:13,C100172,Luxembourg,LU,Web,P1018,Gourde isotherme,Sport,1,22.00,0,22.00,Créée
O511552,3,2026-10-02 11:54:13,C100172,Luxembourg,LU,Web,P1023,Bureau assis-debout,Bureau,1,449.00,10,404.10,Créée
O511553,1,2026-10-02 19:30:53,C101022,Metz,FR,Mobile,P1010,Aspirateur robot,Maison,2,349.00,0,698.00,Créée
O511554,1,2026-10-02 15:45:56,C100279,Dakar,SN,Mobile,P1020,Baskets running,Mode,1,119.00,0,119.00,Payée
O511555,1,2026-10-02 13:03:46,C100964,Esch-sur-Alzette,LU,Marketplace,P1015,Montre connectée,Sport,2,229.00,15,389.30,Créée
O511555,2,2026-10-02 13:03:46,C100964,Esch-sur-Alzette,LU,Marketplace,P1017,Vélo d'appartement,Sport,1,399.00,5,379.05,Créée
O511556,1,2026-10-02 23:28:11,C100051,Labé,GN,Mobile,P1013,Friteuse sans huile,Maison,1,129.00,0,129.00,Expédiée
O511557,1,2026-10-02 12:22:41,C101099,Conakry,GN,Magasin,P1011,Machine à café à grains,Maison,1,499.00,0,499.00,Payée
O511558,1,2026-10-02 13:32:10,C100321,Labé,GN,Web,P1024,Stylo plume,Bureau,1,35.00,0,35.00,Payée
O511558,2,2026-10-02 13:32:10,C100321,Labé,GN,Web,P1001,Ordinateur portable 14 pouces,Informatique,1,749.00,0,749.00,Payée
O511559,1,2026-10-02 09:01:17,C101244,Nancy,FR,Web,P1019,Sac à dos urbain,Mode,1,65.00,0,65.00,Créée
O511559,2,2026-10-02 09:01:17,C101244,Nancy,FR,Web,P1004,Souris sans fil,Informatique,2,29.00,0,58.00,Créée
O511560,1,2026-10-02 21:02:19,C100680,Thionville,FR,Magasin,P1005,Station d'accueil USB-C,Informatique,1,149.00,0,149.00,Payée
O511560,2,2026-10-02 21:02:19,C100680,Thionville,FR,Magasin,P1007,Casque à réduction de bruit,Audio,1,279.00,0,279.00,Payée
O511561,1,2026-10-02 21:46:19,C100817,Liège,BE,Mobile,P1001,Ordinateur portable 14 pouces,Informatique,1,749.00,0,749.00,Payée
O511561,2,2026-10-02 21:46:19,C100817,Liège,BE,Mobile,P1023,Bureau assis-debout,Bureau,3,449.00,5,1279.65,Payée
O511561,3,2026-10-02 21:46:19,C100817,Liège,BE,Mobile,P1008,Écouteurs sans fil,Audio,2,129.00,0,258.00,Payée
O511562,1,2026-10-02 17:24:35,C100940,Lyon,FR,Web,P1009,Enceinte Bluetooth,Audio,1,79.00,0,79.00,Payée
O511563,1,2026-10-02 21:40:34,C100622,Nancy,FR,Marketplace,P1006,Disque SSD externe 1 To,Informatique,1,109.00,5,103.55,Payée
O511563,2,2026-10-02 21:40:34,C100622,Nancy,FR,Marketplace,P1018,Gourde isotherme,Sport,1,22.00,0,22.00,Payée
O511563,3,2026-10-02 21:40:34,C100622,Nancy,FR,Marketplace,P1011,Machine à café à grains,Maison,1,499.00,0,499.00,Payée
O511564,1,2026-10-02 07:14:58,C100101,Liège,BE,Mobile,P1017,Vélo d'appartement,Sport,1,399.00,10,359.10,Créée
O511564,2,2026-10-02 07:14:58,C100101,Liège,BE,Mobile,P1010,Aspirateur robot,Maison,1,349.00,0,349.00,Créée
O511565,1,2026-10-02 06:55:33,C101293,Strasbourg,FR,Mobile,P1007,Casque à réduction de bruit,Audio,1,279.00,10,251.10,Expédiée
O511566,1,2026-10-02 06:09:48,C101036,Lyon,FR,Magasin,P1017,Vélo d'appartement,Sport,3,399.00,0,1197.00,Expédiée
O511567,1,2026-10-02 09:05:24,C100802,Paris,FR,Web,P1016,Tapis de yoga,Sport,4,25.00,0,100.00,Créée
O511567,2,2026-10-02 09:05:24,C100802,Paris,FR,Web,P1015,Montre connectée,Sport,1,229.00,0,229.00,Créée
O511568,1,2026-10-02 10:08:15,C100576,Sarrebruck,DE,Mobile,P1021,Veste imperméable,Mode,1,139.00,15,118.15,Payée
O511569,1,2026-10-02 14:17:31,C100681,Strasbourg,FR,Web,P1005,Station d'accueil USB-C,Informatique,1,149.00,0,149.00,Créée
O511569,2,2026-10-02 14:17:31,C100681,Strasbourg,FR,Web,P1002,Écran 27 pouces 4K,Informatique,2,389.00,0,778.00,Créée
O511570,1,2026-10-02 09:09:18,C100458,Bruxelles,BE,Web,P1020,Baskets running,Mode,2,119.00,10,214.20,Expédiée
O511571,1,2026-10-02 07:21:58,C100077,Sarrebruck,DE,Mobile,P1006,Disque SSD externe 1 To,Informatique,1,109.00,0,109.00,Expédiée
O511572,1,2026-10-02 11:10:09,C101097,Metz,FR,Mobile,P1001,Ordinateur portable 14 pouces,Informatique,1,749.00,0,749.00,Payée
O511573,1,2026-10-02 06:51:48,C100967,Liège,BE,Web,P1007,Casque à réduction de bruit,Audio,1,279.00,15,237.15,Payée
O511573,2,2026-10-02 06:51:48,C100967,Liège,BE,Web,P1015,Montre connectée,Sport,1,229.00,0,229.00,Payée
O511573,3,2026-10-02 06:51:48,C100967,Liège,BE,Web,P1010,Aspirateur robot,Maison,1,349.00,0,349.00,Payée
O511574,1,2026-10-02 07:08:09,C100064,Lyon,FR,Mobile,P1006,Disque SSD externe 1 To,Informatique,1,109.00,0,109.00,Payée
O511574,2,2026-10-02 07:08:09,C100064,Lyon,FR,Mobile,P1014,Lampe de bureau LED,Maison,1,45.00,0,45.00,Payée
O511574,3,2026-10-02 07:08:09,C100064,Lyon,FR,Mobile,P1002,Écran 27 pouces 4K,Informatique,2,389.00,0,778.00,Payée
O511575,1,2026-10-02 12:31:16,C101148,Thionville,FR,Mobile,P1002,Écran 27 pouces 4K,Informatique,1,389.00,0,389.00,Payée
O511575,2,2026-10-02 12:31:16,C101148,Thionville,FR,Mobile,P1013,Friteuse sans huile,Maison,2,129.00,5,245.10,Payée
O511575,3,2026-10-02 12:31:16,C101148,Thionville,FR,Mobile,P1019,Sac à dos urbain,Mode,1,65.00,5,61.75,Payée
O511576,1,2026-10-02 06:51:35,C100256,Nancy,FR,Marketplace,P1024,Stylo plume,Bureau,2,35.00,0,70.00,Payée
O511577,1,2026-10-02 07:47:41,C101051,Liège,BE,Magasin,P1007,Casque à réduction de bruit,Audio,2,279.00,0,558.00,Expédiée
O511577,2,2026-10-02 07:47:41,C101051,Liège,BE,Magasin,P1001,Ordinateur portable 14 pouces,Informatique,1,749.00,5,711.55,Expédiée
O511578,1,2026-10-02 22:17:01,C100874,Strasbourg,FR,Marketplace,P1002,Écran 27 pouces 4K,Informatique,1,389.00,0,389.00,Payée
O511578,2,2026-10-02 22:17:01,C100874,Strasbourg,FR,Marketplace,P1009,Enceinte Bluetooth,Audio,1,79.00,0,79.00,Payée
O511579,1,2026-10-02 18:11:08,C101298,Nancy,FR,Web,P1003,Clavier mécanique,Informatique,2,89.00,0,178.00,Créée
O511580,1,2026-10-02 23:25:18,C100978,Strasbourg,FR,Marketplace,P1010,Aspirateur robot,Maison,2,349.00,0,698.00,Payée
O511580,2,2026-10-02 23:25:18,C100978,Strasbourg,FR,Marketplace,P1020,Baskets running,Mode,2,119.00,5,226.10,Payée
O511581,1,2026-10-02 12:34:56,C101046,Genève,CH,Web,P1005,Station d'accueil USB-C,Informatique,1,149.00,0,149.00,Payée
O511581,2,2026-10-02 12:34:56,C101046,Genève,CH,Web,P1017,Vélo d'appartement,Sport,2,399.00,0,798.00,Payée
O511582,1,2026-10-02 19:57:43,C100630,Labé,GN,Mobile,P1011,Machine à café à grains,Maison,2,499.00,0,998.00,Créée
O511583,1,2026-10-02 14:54:35,C100970,Liège,BE,Marketplace,P1007,Casque à réduction de bruit,Audio,1,279.00,0,279.00,Payée
O511584,1,2026-10-02 06:12:26,C100437,Paris,FR,Marketplace,P1003,Clavier mécanique,Informatique,1,89.00,0,89.00,Payée
O511584,2,2026-10-02 06:12:26,C100437,Paris,FR,Marketplace,P1007,Casque à réduction de bruit,Audio,1,279.00,0,279.00,Payée
O511585,1,2026-10-02 23:43:38,C100330,Dakar,SN,Web,P1008,Écouteurs sans fil,Audio,1,129.00,10,116.10,Créée
O511585,2,2026-10-02 23:43:38,C100330,Dakar,SN,Web,P1024,Stylo plume,Bureau,2,35.00,0,70.00,Créée
O511586,1,2026-10-02 22:47:36,C100843,Luxembourg,LU,Marketplace,P1012,Bouilloire inox,Maison,1,39.00,15,33.15,Créée
O511586,2,2026-10-02 22:47:36,C100843,Luxembourg,LU,Marketplace,P1022,Chaise ergonomique,Bureau,2,299.00,5,568.10,Créée
O511587,1,2026-10-02 15:08:46,C100239,Trèves,DE,Mobile,P1017,Vélo d'appartement,Sport,2,399.00,0,798.00,Payée
O511587,2,2026-10-02 15:08:46,C100239,Trèves,DE,Mobile,P1007,Casque à réduction de bruit,Audio,2,279.00,0,558.00,Payée
O511588,1,2026-10-02 16:36:25,C101149,Bruxelles,BE,Web,P1002,Écran 27 pouces 4K,Informatique,1,389.00,0,389.00,Payée
O511588,2,2026-10-02 16:36:25,C101149,Bruxelles,BE,Web,P1015,Montre connectée,Sport,1,229.00,0,229.00,Payée
O511589,1,2026-10-02 18:50:23,C100002,Genève,CH,Marketplace,P1008,Écouteurs sans fil,Audio,1,129.00,0,129.00,Expédiée
O511590,1,2026-10-02 12:51:17,C100372,Labé,GN,Web,P1002,Écran 27 pouces 4K,Informatique,3,389.00,5,1108.65,Payée
