order_id,order_line,order_datetime,customer_id,customer_city,country_code,channel,product_id,product_name,category,quantity,unit_price,discount_pct,line_amount,status
O510001,1,2026-10-01 08:10:06,C100655,Dakar,SN,Mobile,P1020,Baskets running,Mode,2,119.00,0,238.00,Payée
O510001,2,2026-10-01 08:10:06,C100655,Dakar,SN,Mobile,P1018,Gourde isotherme,Sport,2,22.00,5,41.80,Payée
O510001,3,2026-10-01 08:10:06,C100655,Dakar,SN,Mobile,P1014,Lampe de bureau LED,Maison,1,45.00,0,45.00,Payée
O510002,1,2026-10-01 20:52:07,C100201,Conakry,GN,Web,P1007,Casque à réduction de bruit,Audio,1,279.00,20,223.20,Expédiée
O510002,2,2026-10-01 20:52:07,C100201,Conakry,GN,Web,P1013,Friteuse sans huile,Maison,2,129.00,20,206.40,Expédiée
O510003,1,2026-10-01 07:23:21,C100698,Strasbourg,FR,Mobile,P1015,Montre connectée,Sport,1,229.00,0,229.00,Créée
O510004,1,2026-10-01 11:37:30,C100051,Sarrebruck,DE,Web,P1013,Friteuse sans huile,Maison,2,129.00,0,258.00,Expédiée
O510005,1,2026-10-01 13:44:41,C101038,Labé,GN,Mobile,P1014,Lampe de bureau LED,Maison,1,45.00,20,36.00,Créée
O510006,1,2026-10-01 20:39:27,C100052,Luxembourg,LU,Magasin,P1023,Bureau assis-debout,Bureau,1,449.00,0,449.00,Payée
O510006,2,2026-10-01 20:39:27,C100052,Luxembourg,LU,Magasin,P1017,Vélo d'appartement,Sport,1,399.00,0,399.00,Payée
O510006,3,2026-10-01 20:39:27,C100052,Luxembourg,LU,Magasin,P1022,Chaise ergonomique,Bureau,1,299.00,0,299.00,Payée
O510007,1,2026-10-01 22:55:13,C101118,Esch-sur-Alzette,LU,Mobile,P1010,Aspirateur robot,Maison,2,349.00,0,698.00,Expédiée
O510007,2,2026-10-01 22:55:13,C101118,Esch-sur-Alzette,LU,Mobile,P1018,Gourde isotherme,Sport,2,22.00,0,44.00,Expédiée
O510008,1,2026-10-01 10:53:51,C100019,Nancy,FR,Web,P1017,Vélo d'appartement,Sport,1,399.00,0,399.00,Créée
O510008,2,2026-10-01 10:53:51,C100019,Nancy,FR,Web,P1016,Tapis de yoga,Sport,2,25.00,5,47.50,Créée
O510008,3,2026-10-01 10:53:51,C100019,Nancy,FR,Web,P1012,Bouilloire inox,Maison,3,39.00,10,105.30,Créée
O510008,4,2026-10-01 10:53:51,C100019,Nancy,FR,Web,P1007,Casque à réduction de bruit,Audio,3,279.00,0,837.00,Créée
O510009,1,2026-10-01 20:17:31,C101056,Esch-sur-Alzette,LU,Mobile,P1024,Stylo plume,Bureau,1,35.00,0,35.00,Payée
O510009,2,2026-10-01 20:17:31,C101056,Esch-sur-Alzette,LU,Mobile,P1016,Tapis de yoga,Sport,2,25.00,0,50.00,Payée
O510009,3,2026-10-01 20:17:31,C101056,Esch-sur-Alzette,LU,Mobile,P1003,Clavier mécanique,Informatique,1,89.00,0,89.00,Payée
O510009,4,2026-10-01 20:17:31,C101056,Esch-sur-Alzette,LU,Mobile,P1021,Veste imperméable,Mode,3,139.00,0,417.00,Payée
O510010,1,2026-10-01 10:30:42,C100248,Nancy,FR,Magasin,P1022,Chaise ergonomique,Bureau,1,299.00,0,299.00,Créée
O510010,2,2026-10-01 10:30:42,C100248,Nancy,FR,Magasin,P1021,Veste imperméable,Mode,3,139.00,10,375.30,Créée
O510010,3,2026-10-01 10:30:42,C100248,Nancy,FR,Magasin,P1012,Bouilloire inox,Maison,3,39.00,0,117.00,Créée
O510010,4,2026-10-01 10:30:42,C100248,Nancy,FR,Magasin,P1005,Station d'accueil USB-C,Informatique,1,149.00,0,149.00,Créée
O510011,1,2026-10-01 11:17:30,C100173,Genève,CH,Marketplace,P1019,Sac à dos urbain,Mode,1,65.00,5,61.75,Payée
O510011,2,2026-10-01 11:17:30,C100173,Genève,CH,Marketplace,P1010,Aspirateur robot,Maison,1,349.00,0,349.00,Payée
O510011,3,2026-10-01 11:17:30,C100173,Genève,CH,Marketplace,P1017,Vélo d'appartement,Sport,2,399.00,0,798.00,Payée
O510012,1,2026-10-01 12:26:00,C100053,Metz,FR,Mobile,P1010,Aspirateur robot,Maison,1,349.00,10,314.10,Expédiée
O510013,1,2026-10-01 14:29:37,C101171,Lyon,FR,Web,P1014,Lampe de bureau LED,Maison,1,45.00,0,45.00,Créée
O510013,2,2026-10-01 14:29:37,C101171,Lyon,FR,Web,P1020,Baskets running,Mode,1,119.00,0,119.00,Créée
O510014,1,2026-10-01 22:46:28,C100356,Nancy,FR,Marketplace,P1002,Écran 27 pouces 4K,Informatique,1,389.00,5,369.55,Créée
O510014,2,2026-10-01 22:46:28,C100356,Nancy,FR,Marketplace,P1015,Montre connectée,Sport,1,229.00,0,229.00,Créée
O510014,3,2026-10-01 22:46:28,C100356,Nancy,FR,Marketplace,P1021,Veste imperméable,Mode,1,139.00,15,118.15,Créée
O510015,1,2026-10-01 21:22:16,C100381,Trèves,DE,Web,P1003,Clavier mécanique,Informatique,1,89.00,0,89.00,Expédiée
O510015,2,2026-10-01 21:22:16,C100381,Trèves,DE,Web,P1013,Friteuse sans huile,Maison,1,129.00,5,122.55,Expédiée
O510016,1,2026-10-01 14:30:51,C100363,Liège,BE,Mobile,P1017,Vélo d'appartement,Sport,2,399.00,5,758.10,Expédiée
O510017,1,2026-10-01 21:26:06,C100439,Luxembourg,LU,Web,P1021,Veste imperméable,Mode,1,139.00,10,125.10,Payée
O510017,2,2026-10-01 21:26:06,C100439,Luxembourg,LU,Web,P1011,Machine à café à grains,Maison,1,499.00,0,499.00,Payée
O510017,3,2026-10-01 21:26:06,C100439,Luxembourg,LU,Web,P1014,Lampe de bureau LED,Maison,1,45.00,0,45.00,Payée
O510018,1,2026-10-01 09:56:31,C100225,Esch-sur-Alzette,LU,Mobile,P1019,Sac à dos urbain,Mode,1,65.00,0,65.00,Créée
O510018,2,2026-10-01 09:56:31,C100225,Esch-sur-Alzette,LU,Mobile,P1010,Aspirateur robot,Maison,2,349.00,0,698.00,Créée
O510019,1,2026-10-01 07:55:49,C100124,Sarrebruck,DE,Marketplace,P1004,Souris sans fil,Informatique,1,29.00,0,29.00,Payée
O510019,2,2026-10-01 07:55:49,C100124,Sarrebruck,DE,Marketplace,P1017,Vélo d'appartement,Sport,3,399.00,0,1197.00,Payée
O510020,1,2026-10-01 06:15:09,C100844,Esch-sur-Alzette,LU,Mobile,P1008,Écouteurs sans fil,Audio,1,129.00,0,129.00,Payée
O510021,1,2026-10-01 16:29:40,C100718,Liège,BE,Magasin,P1021,Veste imperméable,Mode,1,139.00,15,118.15,Expédiée
O510021,2,2026-10-01 16:29:40,C100718,Liège,BE,Magasin,P1023,Bureau assis-debout,Bureau,1,449.00,0,449.00,Expédiée
O510022,1,2026-10-01 21:59:27,C100245,Sarrebruck,DE,Magasin,P1009,Enceinte Bluetooth,Audio,1,79.00,5,75.05,Créée
O510022,2,2026-10-01 21:59:27,C100245,Sarrebruck,DE,Magasin,P1013,Friteuse sans huile,Maison,2,129.00,10,232.20,Créée
O510023,1,2026-10-01 12:01:02,C100594,Thionville,FR,Web,P1001,Ordinateur portable 14 pouces,Informatique,1,749.00,0,749.00,Expédiée
O510024,1,2026-10-01 19:08:15,C100231,Lyon,FR,Mobile,P1005,Station d'accueil USB-C,Informatique,1,149.00,0,149.00,Payée
O510025,1,2026-10-01 11:30:07,C100059,Genève,CH,Mobile,P1013,Friteuse sans huile,Maison,1,129.00,5,122.55,Payée
O510026,1,2026-10-01 20:06:24,C100257,Lyon,FR,Mobile,P1018,Gourde isotherme,Sport,1,22.00,10,19.80,Payée
O510026,2,2026-10-01 20:06:24,C100257,Lyon,FR,Mobile,P1022,Chaise ergonomique,Bureau,1,299.00,0,299.00,Payée
O510027,1,2026-10-01 13:36:26,C100541,Liège,BE,Web,P1006,Disque SSD externe 1 To,Informatique,1,109.00,0,109.00,Créée
O510028,1,2026-10-01 15:21:28,C100544,Liège,BE,Marketplace,P1011,Machine à café à grains,Maison,1,499.00,0,499.00,Créée
O510028,2,2026-10-01 15:21:28,C100544,Liège,BE,Marketplace,P1002,Écran 27 pouces 4K,Informatique,1,389.00,20,311.20,Créée
O510029,1,2026-10-01 21:41:39,C100309,Trèves,DE,Marketplace,P1008,Écouteurs sans fil,Audio,2,129.00,0,258.00,Payée
O510029,2,2026-10-01 21:41:39,C100309,Trèves,DE,Marketplace,P1018,Gourde isotherme,Sport,1,22.00,5,20.90,Payée
O510029,3,2026-10-01 21:41:39,C100309,Trèves,DE,Marketplace,P1009,Enceinte Bluetooth,Audio,1,79.00,0,79.00,Payée
O510029,4,2026-10-01 21:41:39,C100309,Trèves,DE,Marketplace,P1011,Machine à café à grains,Maison,1,0.00,0,0.00,Payée
O510030,1,2026-10-01 12:27:08,C101072,Genève,CH,Magasin,P1003,Clavier mécanique,Informatique,1,89.00,5,84.55,Payée
O510030,2,2026-10-01 12:27:08,C101072,Genève,CH,Magasin,P1010,Aspirateur robot,Maison,2,349.00,20,558.40,Payée
O510031,1,2026-10-01 09:57:09,C101193,Bruxelles,BE,Mobile,P1013,Friteuse sans huile,Maison,1,129.00,15,109.65,Payée
O510031,2,2026-10-01 09:57:09,C101193,Bruxelles,BE,Mobile,P1018,Gourde isotherme,Sport,1,22.00,0,22.00,Payée
O510031,3,2026-10-01 09:57:09,C101193,Bruxelles,BE,Mobile,P1017,Vélo d'appartement,Sport,1,399.00,5,379.05,Payée
O510031,4,2026-10-01 09:57:09,C101193,Bruxelles,BE,Mobile,P1021,Veste imperméable,Mode,1,139.00,10,125.10,Payée
O510032,1,2026-10-01 11:11:55,C100732,Paris,FR,Mobile,P1021,Veste imperméable,Mode,3,139.00,0,417.00,Payée
O510032,2,2026-10-01 11:11:55,C100732,Paris,FR,Mobile,P1001,Ordinateur portable 14 pouces,Informatique,2,749.00,10,1348.20,Payée
O510032,3,2026-10-01 11:11:55,C100732,Paris,FR,Mobile,P1020,Baskets running,Mode,2,119.00,0,238.00,Payée
O510032,4,2026-10-01 11:11:55,C100732,Paris,FR,Mobile,P1016,Tapis de yoga,Sport,1,25.00,0,25.00,Payée
O510033,1,2026-10-01 18:09:18,C100005,Sarrebruck,DE,Web,P1018,Gourde isotherme,Sport,1,22.00,0,22.00,Payée
O510034,1,2026-10-01 23:55:55,C100669,Labé,GN,Web,P1020,Baskets running,Mode,1,119.00,0,119.00,Payée
O510035,1,2026-10-01 15:04:46,C100248,Dakar,SN,Web,P1015,Montre connectée,Sport,1,229.00,0,229.00,Payée
O510035,2,2026-10-01 15:04:46,C100248,Dakar,SN,Web,P1019,Sac à dos urbain,Mode,2,65.00,5,123.50,Payée
O510036,1,2026-10-01 18:03:11,C100463,Lyon,FR,Web,P1011,Machine à café à grains,Maison,1,499.00,0,499.00,Expédiée
O510036,2,2026-10-01 18:03:11,C100463,Lyon,FR,Web,P1024,Stylo plume,Bureau,1,35.00,0,35.00,Expédiée
O510037,1,2026-10-01 22:44:36,C100714,Sarrebruck,DE,Mobile,P1005,Station d'accueil USB-C,Informatique,1,149.00,0,149.00,Créée
O510038,1,2026-10-01 13:51:05,C100549,Liège,BE,Magasin,P1015,Montre connectée,Sport,1,229.00,0,229.00,Payée
O510039,1,2026-10-01 12:02:22,C100294,Thionville,FR,Web,P1021,Veste imperméable,Mode,1,139.00,0,139.00,Payée
O510039,2,2026-10-01 12:02:22,C100294,Thionville,FR,Web,P1013,Friteuse sans huile,Maison,1,129.00,0,129.00,Payée
O510040,1,2026-10-01 15:00:19,C101297,Dakar,SN,Web,P1011,Machine à café à grains,Maison,1,499.00,0,499.00,Expédiée
O510041,1,2026-10-01 10:51:41,C101145,Esch-sur-Alzette,LU,Web,P1020,Baskets running,Mode,2,119.00,5,226.10,Payée
O510041,2,2026-10-01 10:51:41,C101145,Esch-sur-Alzette,LU,Web,P1014,Lampe de bureau LED,Maison,1,45.00,0,45.00,Payée
O510042,1,2026-10-01 17:34:58,C100248,Esch-sur-Alzette,LU,Web,P1015,Montre connectée,Sport,1,229.00,0,229.00,Payée
O510042,2,2026-10-01 17:34:58,C100248,Esch-sur-Alzette,LU,Web,P1017,Vélo d'appartement,Sport,1,399.00,0,399.00,Payée
O510043,1,2026-10-01 07:44:24,C100320,Liège,BE,Web,P1022,Chaise ergonomique,Bureau,1,299.00,0,299.00,Expédiée
O510044,1,2026-10-01 18:57:30,C101069,Paris,FR,Web,P1014,Lampe de bureau LED,Maison,1,45.00,0,45.00,Payée
O510045,1,2026-10-01 10:12:42,C100965,Liège,BE,Web,P1016,Tapis de yoga,Sport,1,25.00,10,22.50,Payée
O510046,1,2026-10-01 06:40:06,C101004,Paris,FR,Web,P1009,Enceinte Bluetooth,Audio,1,79.00,0,79.00,Expédiée
O510046,2,2026-10-01 06:40:06,C101004,Paris,FR,Web,P1015,Montre connectée,Sport,1,229.00,0,229.00,Expédiée
O510046,3,2026-10-01 06:40:06,C101004,Paris,FR,Web,P1007,Casque à réduction de bruit,Audio,2,279.00,5,530.10,Expédiée
O510047,1,2026-10-01 15:15:55,C101091,Bruxelles,BE,Mobile,P1017,Vélo d'appartement,Sport,4,399.00,0,1596.00,Créée
O510048,1,2026-10-01 18:01:30,C100696,Sarrebruck,DE,Web,P1006,Disque SSD externe 1 To,Informatique,1,109.00,15,92.65,Payée
O510048,2,2026-10-01 18:01:30,C100696,Sarrebruck,DE,Web,P1009,Enceinte Bluetooth,Audio,1,79.00,0,79.00,Payée
O510048,3,2026-10-01 18:01:30,C100696,Sarrebruck,DE,Web,P1017,Vélo d'appartement,Sport,2,399.00,0,798.00,Payée
O510048,4,2026-10-01 18:01:30,C100696,Sarrebruck,DE,Web,P1013,Friteuse sans huile,Maison,2,129.00,5,245.10,Payée
O510049,1,2026-10-01 08:29:19,C101145,Liège,BE,Web,P1024,Stylo plume,Bureau,1,35.00,0,35.00,Expédiée
O510049,2,2026-10-01 08:29:19,C101145,Liège,BE,Web,P1018,Gourde isotherme,Sport,1,22.00,0,22.00,Expédiée
O510050,1,2026-10-01 20:32:53,C101174,Nancy,FR,Magasin,P1010,Aspirateur robot,Maison,3,349.00,0,1047.00,Payée
O510051,1,2026-10-01 15:50:10,C100731,Paris,FR,Mobile,P1002,Écran 27 pouces 4K,Informatique,2,389.00,0,778.00,Payée
O510052,1,2026-10-01 17:20:15,C101003,Metz,FR,Web,P1018,Gourde isotherme,Sport,1,22.00,5,20.90,Payée
O510052,2,2026-10-01 17:20:15,C101003,Metz,FR,Web,P1003,Clavier mécanique,Informatique,1,89.00,5,84.55,Payée
O510053,1,2026-10-01 06:08:15,C100120,Thionville,FR,Web,P1023,Bureau assis-debout,Bureau,2,449.00,0,898.00,Créée
O510053,2,2026-10-01 06:08:15,C100120,Thionville,FR,Web,P1009,Enceinte Bluetooth,Audio,2,79.00,0,158.00,Créée
O510053,3,2026-10-01 06:08:15,C100120,Thionville,FR,Web,P1011,Machine à café à grains,Maison,2,499.00,0,998.00,Créée
O510054,1,2026-10-01 23:37:14,C101013,Lille,FR,Web,P1014,Lampe de bureau LED,Maison,1,45.00,10,40.50,Payée
O510054,2,2026-10-01 23:37:14,C101013,Lille,FR,Web,P1024,Stylo plume,Bureau,3,35.00,0,105.00,Payée
O510055,1,2026-10-01 23:15:23,C101145,Labé,GN,Web,P1004,Souris sans fil,Informatique,1,29.00,0,29.00,Payée
O510055,2,2026-10-01 23:15:23,C101145,Labé,GN,Web,P1003,Clavier mécanique,Informatique,1,89.00,0,89.00,Payée
O510056,1,2026-10-01 22:22:28,,Metz,FR,Mobile,P1021,Veste imperméable,Mode,1,139.00,0,139.00,Payée
O510056,2,2026-10-01 22:22:28,C100877,Metz,FR,Mobile,P1009,Enceinte Bluetooth,Audio,1,79.00,10,71.10,Payée
O510057,1,2026-10-01 14:53:12,C100283,Thionville,FR,Magasin,P1012,Bouilloire inox,Maison,1,39.00,0,39.00,Payée
O510057,2,2026-10-01 14:53:12,C100283,Thionville,FR,Magasin,P1015,Montre connectée,Sport,1,229.00,0,229.00,Payée
O510058,1,2026-10-01 23:36:35,C100162,Conakry,GN,Mobile,P1017,Vélo d'appartement,Sport,2,399.00,0,798.00,Payée
O510058,2,2026-10-01 23:36:35,C100162,Conakry,GN,Mobile,P1004,Souris sans fil,Informatique,1,29.00,0,29.00,Payée
O510059,1,2026-10-01 07:58:50,C100792,Conakry,GN,Mobile,P1005,Station d'accueil USB-C,Informatique,1,149.00,0,149.00,Expédiée
O510059,2,2026-10-01 07:58:50,C100792,Conakry,GN,Mobile,P1011,Machine à café à grains,Maison,1,499.00,0,499.00,Expédiée
O510060,1,2026-10-01 19:38:01,C100146,Dakar,SN,Web,P1010,Aspirateur robot,Maison,1,349.00,5,331.55,Payée
O510060,2,2026-10-01 19:38:01,C100146,Dakar,SN,Web,P1016,Tapis de yoga,Sport,1,25.00,0,25.00,Payée
O510061,1,2026-10-01 11:41:27,C100858,Nancy,FR,Mobile,P1015,Montre connectée,Sport,2,229.00,0,458.00,Payée
O510061,2,2026-10-01 11:41:27,C100858,Nancy,FR,Mobile,P1007,Casque à réduction de bruit,Audio,1,279.00,0,279.00,Payée
O510062,1,2026-10-01 13:00:13,C100070,Dakar,SN,Mobile,P1017,Vélo d'appartement,Sport,1,399.00,5,379.05,Payée
O510063,1,2026-10-01 16:33:53,C100054,Sarrebruck,DE,Mobile,P1017,Vélo d'appartement,Sport,1,399.00,0,399.00,Créée
O510064,1,2026-10-01 07:22:59,C101136,Lyon,FR,Mobile,P1004,Souris sans fil,Informatique,4,29.00,0,116.00,Expédiée
O510064,2,2026-10-01 07:22:59,C101136,Lyon,FR,Mobile,P1014,Lampe de bureau LED,Maison,2,45.00,0,90.00,Expédiée
O510064,3,2026-10-01 07:22:59,C101136,Lyon,FR,Mobile,P1013,Friteuse sans huile,Maison,1,129.00,0,129.00,Expédiée
O510065,1,2026-10-01 06:39:41,C100448,Thionville,FR,Mobile,P1012,Bouilloire inox,Maison,1,39.00,15,33.15,Créée
O510065,2,2026-10-01 06:39:41,C100448,Thionville,FR,Mobile,P1023,Bureau assis-debout,Bureau,1,449.00,15,381.65,Créée
O510066,1,2026-10-01 09:27:32,C100987,Nancy,FR,Web,P1003,Clavier mécanique,Informatique,1,89.00,0,89.00,Payée
O510067,1,2026-10-01 06:47:37,C100966,Esch-sur-Alzette,LU,Web,P1021,Veste imperméable,Mode,1,139.00,0,139.00,Créée
O510068,1,2026-10-01 06:58:08,C101110,Sarrebruck,DE,Web,P1003,Clavier mécanique,Informatique,1,89.00,0,89.00,Créée
O510069,1,2026-10-01 07:37:37,C100904,Lyon,FR,Web,P1007,Casque à réduction de bruit,Audio,1,279.00,0,279.00,Payée
O510070,1,2026-10-01 17:45:45,C100346,Conakry,GN,Web,P1024,Stylo plume,Bureau,2,35.00,20,56.00,Payée
O510071,1,2026-10-01 15:24:30,C100499,Labé,GN,Magasin,P1011,Machine à café à grains,Maison,-1,499.00,0,-499.00,Payée
O510071,2,2026-10-01 15:24:30,C100499,Labé,GN,Magasin,P1006,Disque SSD externe 1 To,Informatique,1,109.00,15,92.65,Payée
O510072,1,2026-10-01 13:37:15,C101161,Liège,BE,Mobile,P1022,Chaise ergonomique,Bureau,1,299.00,0,299.00,Payée
O510073,1,2026-10-01 12:52:02,C100502,Bruxelles,BE,Mobile,P1019,Sac à dos urbain,Mode,1,65.00,0,65.00,Créée
O510073,2,2026-10-01 12:52:02,C100502,Bruxelles,BE,Mobile,P1006,Disque SSD externe 1 To,Informatique,1,109.00,5,103.55,Créée
O510074,1,2026-10-01 16:44:20,C100199,Luxembourg,LU,Marketplace,P1006,Disque SSD externe 1 To,Informatique,3,109.00,15,277.95,Expédiée
O510074,2,2026-10-01 16:44:20,C100199,Luxembourg,LU,Marketplace,P1020,Baskets running,Mode,1,119.00,0,119.00,Expédiée
O510075,1,2026-10-01 08:41:15,C100835,Esch-sur-Alzette,LU,Web,P1005,Station d'accueil USB-C,Informatique,1,149.00,0,149.00,Expédiée
O510075,2,2026-10-01 08:41:15,C100835,Esch-sur-Alzette,LU,Web,P1013,Friteuse sans huile,Maison,1,129.00,10,116.10,Expédiée
O510076,1,2026-10-01 07:14:33,C100789,Esch-sur-Alzette,LU,Mobile,P1010,Aspirateur robot,Maison,1,349.00,0,349.00,Expédiée
O510076,2,2026-10-01 07:14:33,C100789,Esch-sur-Alzette,LU,Mobile,P1009,Enceinte Bluetooth,Audio,2,79.00,5,150.10,Expédiée
O510077,1,2026-10-01 15:58:28,C100063,Lille,FR,Web,P1013,Friteuse sans huile,Maison,2,129.00,0,258.00,Payée
O510077,2,2026-10-01 15:58:28,C100063,Lille,FR,Web,P1008,Écouteurs sans fil,Audio,1,129.00,0,129.00,Payée
O510078,1,2026-10-01 17:44:00,C101099,Trèves,DE,Web,P1018,Gourde isotherme,Sport,1,22.00,0,22.00,Créée
O510078,2,2026-10-01 17:44:00,C101099,Trèves,DE,Web,P1013,Friteuse sans huile,Maison,1,129.00,0,129.00,Créée
O510079,1,2026-10-01 17:18:30,C100401,Bruxelles,BE,Web,P1005,Station d'accueil USB-C,Informatique,4,149.00,0,596.00,Expédiée
O510079,2,2026-10-01 17:18:30,C100401,Bruxelles,BE,Web,P1015,Montre connectée,Sport,1,229.00,5,217.55,Expédiée
O510080,1,2026-10-01 15:21:14,C100692,Bruxelles,BE,Magasin,P1023,Bureau assis-debout,Bureau,1,449.00,0,449.00,Expédiée
O510081,1,2026-10-01 23:13:44,C101047,Bruxelles,BE,Magasin,P1012,Bouilloire inox,Maison,1,39.00,0,39.00,Créée
O510081,2,2026-10-01 23:13:44,C101047,Bruxelles,BE,Magasin,P1013,Friteuse sans huile,Maison,1,129.00,10,116.10,Créée
O510082,1,2026-10-01 23:12:22,C100500,Trèves,DE,Web,P1007,Casque à réduction de bruit,Audio,1,279.00,0,279.00,Payée
O510083,1,2026-10-01 20:49:09,C100323,Genève,CH,Mobile,P1018,Gourde isotherme,Sport,1,22.00,0,22.00,Payée
O510084,1,2026-10-01 08:14:29,C100937,Sarrebruck,DE,Marketplace,P1021,Veste imperméable,Mode,1,139.00,10,125.10,Créée
O510084,2,2026-10-01 08:14:29,C100937,Sarrebruck,DE,Marketplace,P1004,Souris sans fil,Informatique,1,29.00,0,29.00,Créée
O510084,3,2026-10-01 08:14:29,C100937,Sarrebruck,DE,Marketplace,P1014,Lampe de bureau LED,Maison,1,45.00,0,45.00,Créée
O510084,4,2026-10-01 08:14:29,C100937,Sarrebruck,DE,Marketplace,P1008,Écouteurs sans fil,Audio,2,129.00,10,232.20,Créée
O510085,1,2026-10-01 14:50:31,C100699,Lyon,FR,Web,P1005,Station d'accueil USB-C,Informatique,1,149.00,15,126.65,Payée
O510086,1,2026-10-01 22:42:52,C101128,Genève,CH,Magasin,P1022,Chaise ergonomique,Bureau,1,299.00,10,269.10,Payée
O510087,1,2026-10-01 15:03:48,C100126,Conakry,GN,Mobile,P1002,Écran 27 pouces 4K,Informatique,1,389.00,0,389.00,Payée
O510087,2,2026-10-01 15:03:48,C100126,Conakry,GN,Mobile,P1014,Lampe de bureau LED,Maison,1,45.00,0,45.00,Payée
O510088,1,2026-10-01 23:18:57,C100346,Metz,FR,Magasin,P1010,Aspirateur robot,Maison,2,349.00,0,698.00,Payée
O510088,2,2026-10-01 23:18:57,C100346,Metz,FR,Magasin,P1009,Enceinte Bluetooth,Audio,1,79.00,15,67.15,Payée
O510089,1,2026-10-01 21:57:01,C101298,Strasbourg,FR,Mobile,P1014,Lampe de bureau LED,Maison,2,45.00,10,81.00,Créée
O510090,1,2026-10-01 19:30:04,C101239,Dakar,SN,Web,P1002,Écran 27 pouces 4K,Informatique,1,389.00,0,389.00,Créée
O510091,1,2026-10-01 13:31:33,C100534,Lille,FR,Marketplace,P1012,Bouilloire inox,Maison,2,39.00,0,78.00,Créée
O510092,1,2026-10-01 08:00:30,C101242,Luxembourg,LU,Web,P1011,Machine à café à grains,Maison,1,499.00,15,424.15,Payée
O510092,2,2026-10-01 08:00:30,C101242,Luxembourg,LU,Web,P1023,Bureau assis-debout,Bureau,1,449.00,0,449.00,Payée
O510093,1,2026-10-01 14:24:22,C101247,Trèves,DE,Marketplace,P1014,Lampe de bureau LED,Maison,1,45.00,0,45.00,Payée
O510093,2,2026-10-01 14:24:22,C101247,Trèves,DE,Marketplace,P1022,Chaise ergonomique,Bureau,1,299.00,5,284.05,Payée
O510093,3,2026-10-01 14:24:22,C101247,Trèves,DE,Marketplace,P1015,Montre connectée,Sport,2,229.00,0,458.00,Payée
O510093,4,2026-10-01 14:24:22,C101247,Trèves,DE,Marketplace,P1019,Sac à dos urbain,Mode,1,65.00,0,65.00,Payée
O510094,1,2026-10-01 15:50:14,C101116,Nancy,FR,Web,P1013,Friteuse sans huile,Maison,1,129.00,10,116.10,Payée
O510095,1,2026-10-01 06:02:26,C100423,Lille,FR,Web,P1002,Écran 27 pouces 4K,Informatique,2,389.00,15,661.30,Payée
O510096,1,2026-10-01 15:49:29,C100935,Thionville,FR,Marketplace,P1021,Veste imperméable,Mode,1,139.00,0,139.00,Créée
O510096,2,2026-10-01 15:49:29,C100935,Thionville,FR,Marketplace,P1020,Baskets running,Mode,1,119.00,0,119.00,Créée
O510097,1,2026-10-01 07:54:34,C100148,Trèves,DE,Web,P1018,Gourde isotherme,Sport,2,22.00,5,41.80,Payée
O510098,1,2026-10-01 13:26:41,C100760,Conakry,GN,Web,P1005,Station d'accueil USB-C,Informatique,1,149.00,15,126.65,Payée
O510099,1,2026-10-01 17:02:33,C100814,Nancy,FR,Web,P1014,Lampe de bureau LED,Maison,1,45.00,5,42.75,Expédiée
O510099,2,2026-10-01 17:02:33,C100814,Nancy,FR,Web,P1016,Tapis de yoga,Sport,2,25.00,5,47.50,Expédiée
O510099,3,2026-10-01 17:02:33,C100814,Nancy,FR,Web,P1015,Montre connectée,Sport,1,229.00,5,217.55,Expédiée
O510099,4,2026-10-01 17:02:33,C100814,Nancy,FR,Web,P1021,Veste imperméable,Mode,1,139.00,0,139.00,Expédiée
O510100,1,2026-10-01 18:33:21,C100605,Metz,FR,Web,P1003,Clavier mécanique,Informatique,1,89.00,15,75.65,Payée
O510101,1,2026-10-01 06:10:57,C100752,Strasbourg,FR,Web,P1011,Machine à café à grains,Maison,1,499.00,0,499.00,Créée
O510102,1,2026-10-01 21:00:10,C101114,Strasbourg,FR,Marketplace,P1012,Bouilloire inox,Maison,2,39.00,10,70.20,Payée
O510103,1,2026-10-01 09:32:06,C101132,Esch-sur-Alzette,LU,Marketplace,P1019,Sac à dos urbain,Mode,1,65.00,0,65.00,Payée
O510104,1,2026-10-01 09:14:24,C100737,Labé,GN,Web,P1010,Aspirateur robot,Maison,2,349.00,5,663.10,Créée
O510105,1,2026-10-01 16:06:38,C100707,Luxembourg,LU,Marketplace,P1002,Écran 27 pouces 4K,Informatique,3,389.00,0,1167.00,Payée
O510106,1,2026-10-01 22:11:28,C100212,Lille,FR,Web,P1022,Chaise ergonomique,Bureau,2,299.00,0,598.00,Payée
O510107,1,2026-10-01 11:26:11,C100269,Nancy,FR,Web,P1003,Clavier mécanique,Informatique,1,89.00,15,75.65,Payée
O510107,2,2026-10-01 11:26:11,C100269,Nancy,FR,Web,P1007,Casque à réduction de bruit,Audio,4,279.00,0,1116.00,Payée
O510108,1,2026-10-01 11:47:46,C100193,Esch-sur-Alzette,LU,Mobile,P1022,Chaise ergonomique,Bureau,2,299.00,0,598.00,Créée
O510108,2,2026-10-01 11:47:46,C100193,Esch-sur-Alzette,LU,Mobile,P1011,Machine à café à grains,Maison,1,499.00,5,474.05,Créée
O510108,3,2026-10-01 11:47:46,C100193,Esch-sur-Alzette,LU,Mobile,P1018,Gourde isotherme,Sport,1,22.00,0,22.00,Créée
O510109,1,2026-10-01 12:13:49,C100744,Lille,FR,Mobile,P1017,Vélo d'appartement,Sport,2,399.00,0,798.00,Payée
O510109,2,2026-10-01 12:13:49,C100744,Lille,FR,Mobile,P1012,Bouilloire inox,Maison,1,39.00,10,35.10,Payée
O510110,1,2026-10-01 13:53:22,C100954,Nancy,FR,Marketplace,P1005,Station d'accueil USB-C,Informatique,2,149.00,0,298.00,Créée
O510111,1,2026-10-01 22:39:50,C100729,Thionville,FR,Web,P1008,Écouteurs sans fil,Audio,1,129.00,0,129.00,Payée
O510112,1,2026-10-01 23:23:12,C100019,Thionville,FR,Web,P1006,Disque SSD externe 1 To,Informatique,1,109.00,5,103.55,Créée
O510113,1,2026-10-01 20:49:41,C100408,Bruxelles,BE,Web,P1010,Aspirateur robot,Maison,2,349.00,0,698.00,Payée
O510113,2,2026-10-01 20:49:41,C100408,Bruxelles,BE,Web,P1014,Lampe de bureau LED,Maison,1,45.00,10,40.50,Payée
O510114,1,2026-10-01 17:04:01,C101114,Labé,GN,Web,P1008,Écouteurs sans fil,Audio,1,129.00,0,129.00,Payée
O510114,2,2026-10-01 17:04:01,C101114,Labé,GN,Web,P1024,Stylo plume,Bureau,1,35.00,0,35.00,Payée
O510114,3,2026-10-01 17:04:01,C101114,Labé,GN,Web,P1011,Machine à café à grains,Maison,1,499.00,0,499.00,Payée
O510114,4,2026-10-01 17:04:01,C101114,Labé,GN,Web,P1018,Gourde isotherme,Sport,2,22.00,0,44.00,Payée
O510115,1,2026-10-01 23:29:51,C100595,Strasbourg,FR,Marketplace,P1015,Montre connectée,Sport,1,229.00,5,217.55,Payée
O510116,1,2026-10-01 22:10:47,C101076,Dakar,SN,Mobile,P1004,Souris sans fil,Informatique,1,29.00,0,29.00,Payée
O510117,1,2026-10-01 15:29:42,C100266,Luxembourg,LU,Web,P1008,Écouteurs sans fil,Audio,1,129.00,0,129.00,Créée
O510117,2,2026-10-01 15:29:42,C100266,Luxembourg,LU,Web,P1009,Enceinte Bluetooth,Audio,1,79.00,15,67.15,Créée
O510117,3,2026-10-01 15:29:42,C100266,Luxembourg,LU,Web,P1020,Baskets running,Mode,1,119.00,20,95.20,Créée
O510118,1,2026-10-01 19:30:06,C100153,Paris,FR,Web,P1006,Disque SSD externe 1 To,Informatique,1,109.00,0,109.00,Payée
O510119,1,2026-10-01 19:44:52,C101145,Metz,FR,Marketplace,P1002,Écran 27 pouces 4K,Informatique,2,389.00,20,622.40,Créée
O510120,1,2026-10-01 11:42:24,C101300,Paris,FR,Web,P1001,Ordinateur portable 14 pouces,Informatique,1,749.00,0,749.00,Payée
O510121,1,2026-10-01 09:37:05,C101218,Paris,FR,Mobile,P1002,Écran 27 pouces 4K,Informatique,1,389.00,0,389.00,Payée
O510121,2,2026-10-01 09:37:05,C101218,Paris,FR,Mobile,P1012,Bouilloire inox,Maison,1,39.00,0,39.00,Payée
O510121,3,2026-10-01 09:37:05,C101218,Paris,FR,Mobile,P1015,Montre connectée,Sport,2,229.00,15,389.30,Payée
O510121,4,2026-10-01 09:37:05,C101218,Paris,FR,Mobile,P1007,Casque à réduction de bruit,Audio,1,279.00,0,279.00,Payée
O510122,1,2026-10-01 12:28:16,C100172,Strasbourg,FR,Web,P1017,Vélo d'appartement,Sport,1,399.00,0,399.00,Payée
O510123,1,2026-10-01 06:06:07,C101290,Lille,FR,Web,P1013,Friteuse sans huile,Maison,1,129.00,0,129.00,Payée
O510124,1,2026-10-01 13:50:37,C101009,Thionville,FR,Web,P1019,Sac à dos urbain,Mode,1,65.00,0,65.00,Payée
O510125,1,2026-10-01 08:31:03,C100858,Conakry,GN,Web,P1005,Station d'accueil USB-C,Informatique,2,149.00,0,298.00,Créée
O510125,2,2026-10-01 08:31:03,C100858,Conakry,GN,Web,P1020,Baskets running,Mode,1,119.00,0,119.00,Créée
O510126,1,2026-10-01 16:38:30,C101268,Lyon,FR,Web,P1003,Clavier mécanique,Informatique,1,89.00,0,89.00,Créée
O510126,2,2026-10-01 16:38:30,C101268,Lyon,FR,Web,P1024,Stylo plume,Bureau,1,35.00,10,31.50,Créée
O510126,3,2026-10-01 16:38:30,C101268,Lyon,FR,Web,P1007,Casque à réduction de bruit,Audio,1,279.00,0,279.00,Créée
O510127,1,2026-10-01 20:47:38,C101196,Thionville,FR,Web,P1022,Chaise ergonomique,Bureau,2,299.00,0,598.00,Expédiée
O510127,2,2026-10-01 20:47:38,C101196,Thionville,FR,Web,P1013,Friteuse sans huile,Maison,1,129.00,0,129.00,Expédiée
O510127,3,2026-10-01 20:47:38,C101196,Thionville,FR,Web,P1016,Tapis de yoga,Sport,1,25.00,0,25.00,Expédiée
O510128,1,2026-10-01 13:33:11,C101062,Paris,FR,Magasin,P1007,Casque à réduction de bruit,Audio,1,279.00,0,279.00,Payée
O510128,2,2026-10-01 13:33:11,C101062,Paris,FR,Magasin,P1009,Enceinte Bluetooth,Audio,1,79.00,20,63.20,Payée
O510129,1,2026-10-01 18:24:12,C100330,Trèves,DE,Web,P1024,Stylo plume,Bureau,2,35.00,0,70.00,Payée
O510129,2,2026-10-01 18:24:12,C100330,Trèves,DE,Web,P1014,Lampe de bureau LED,Maison,1,45.00,0,45.00,Payée
O510129,3,2026-10-01 18:24:12,C100330,Trèves,DE,Web,P1013,Friteuse sans huile,Maison,4,129.00,0,516.00,Payée
O510130,1,2026-10-01 19:01:01,C100275,Bruxelles,BE,Web,P1010,Aspirateur robot,Maison,1,349.00,0,349.00,Payée
O510131,1,2026-10-01 14:30:10,C100052,Sarrebruck,DE,Web,P1021,Veste imperméable,Mode,1,139.00,20,111.20,Expédiée
O510132,1,2026-10-01 16:06:02,C100922,Metz,FR,Web,P1015,Montre connectée,Sport,3,229.00,0,687.00,Payée
O510133,1,2026-10-01 10:12:20,C101281,Paris,FR,Web,P1012,Bouilloire inox,Maison,2,39.00,0,78.00,Payée
O510134,1,2026-10-01 23:58:25,C100964,Dakar,SN,Magasin,P1013,Friteuse sans huile,Maison,1,129.00,0,129.00,Payée
O510134,2,2026-10-01 23:58:25,C100964,Dakar,SN,Magasin,P1023,Bureau assis-debout,Bureau,1,449.00,0,449.00,Payée
O510134,3,2026-10-01 23:58:25,C100964,Dakar,SN,Magasin,P1002,Écran 27 pouces 4K,Informatique,1,389.00,15,330.65,Payée
O510135,1,2026-10-01 14:18:06,C100086,Metz,FR,Web,P1013,Friteuse sans huile,Maison,4,129.00,0,516.00,Payée
O510136,1,2026-10-01 22:24:28,C100685,Lille,FR,Web,P1010,Aspirateur robot,Maison,2,349.00,10,628.20,Payée
O510137,1,2026-10-01 06:37:08,C100135,Lille,FR,Magasin,P1024,Stylo plume,Bureau,2,35.00,5,66.50,Payée
O510138,1,2026-10-01 21:58:40,C100993,Strasbourg,FR,Marketplace,P1021,Veste imperméable,Mode,1,139.00,5,132.05,Expédiée
O510139,1,2026-10-01 10:07:19,C100483,Sarrebruck,DE,Web,P1012,Bouilloire inox,Maison,1,39.00,10,35.10,Expédiée
O510140,1,2026-10-01 23:51:13,C101117,Metz,FR,Magasin,P1007,Casque à réduction de bruit,Audio,1,279.00,0,279.00,Payée
O510141,1,2026-10-01 17:25:21,C100052,Paris,FR,Web,P1004,Souris sans fil,Informatique,1,29.00,0,29.00,Payée
O510142,1,2026-10-01 19:04:12,C100242,Strasbourg,FR,Web,P1020,Baskets running,Mode,2,119.00,5,226.10,Créée
O510142,2,2026-10-01 19:04:12,C100242,Strasbourg,FR,Web,P1021,Veste imperméable,Mode,1,139.00,0,139.00,Créée
O510142,3,2026-10-01 19:04:12,C100242,Strasbourg,FR,Web,P1009,Enceinte Bluetooth,Audio,1,79.00,0,79.00,Créée
O510143,1,2026-10-01 19:25:25,C100135,Luxembourg,LU,Web,P1024,Stylo plume,Bureau,1,35.00,15,29.75,Payée
O510143,2,2026-10-01 19:25:25,C100135,Luxembourg,LU,Web,P1005,Station d'accueil USB-C,Informatique,2,149.00,10,268.20,Payée
O510144,1,2026-10-01 09:43:38,C101002,Conakry,GN,Mobile,P1023,Bureau assis-debout,Bureau,1,449.00,0,449.00,Expédiée
O510145,1,2026-10-01 21:20:53,C100794,Dakar,SN,Marketplace,P1005,Station d'accueil USB-C,Informatique,1,149.00,5,141.55,Payée
O510146,1,2026-10-01 21:11:31,C100145,Lyon,FR,Mobile,P1024,Stylo plume,Bureau,1,35.00,0,35.00,Expédiée
O510147,1,2026-10-01 21:06:41,C100957,Strasbourg,FR,Web,P1024,Stylo plume,Bureau,1,35.00,0,35.00,Créée
O510148,1,2026-10-01 16:27:31,C100808,Sarrebruck,DE,Mobile,P1002,Écran 27 pouces 4K,Informatique,1,389.00,0,389.00,Payée
O510148,2,2026-10-01 16:27:31,C100808,Sarrebruck,DE,Mobile,P1011,Machine à café à grains,Maison,1,499.00,15,424.15,Payée
O510149,1,2026-10-01 16:57:06,C100342,Trèves,DE,Mobile,P1001,Ordinateur portable 14 pouces,Informatique,1,749.00,15,636.65,Expédiée
O510150,1,2026-10-01 10:38:06,C100587,Trèves,DE,Magasin,P1002,Écran 27 pouces 4K,Informatique,2,389.00,0,778.00,Créée
O510151,1,2026-10-01 13:35:36,C101105,Luxembourg,LU,Magasin,P1013,Friteuse sans huile,Maison,1,129.00,0,129.00,Payée
O510151,2,2026-10-01 13:35:36,C101105,Luxembourg,LU,Magasin,P1022,Chaise ergonomique,Bureau,1,299.00,0,299.00,Payée
O510151,3,2026-10-01 13:35:36,C101105,Luxembourg,LU,Magasin,P1001,Ordinateur portable 14 pouces,Informatique,1,749.00,0,749.00,Payée
O510152,1,2026-10-01 06:48:35,C100510,Genève,CH,Web,P1021,Veste imperméable,Mode,1,139.00,0,139.00,Payée
O510153,1,2026-10-01 10:31:11,C101263,Labé,GN,Web,P1019,Sac à dos urbain,Mode,1,65.00,5,61.75,Payée
O510154,1,2026-10-01 06:24:27,C100061,Lyon,FR,Magasin,P1006,Disque SSD externe 1 To,Informatique,1,109.00,0,109.00,Créée
O510154,2,2026-10-01 06:24:27,C100061,Lyon,FR,Magasin,P1001,Ordinateur portable 14 pouces,Informatique,1,749.00,0,749.00,Créée
O510154,3,2026-10-01 06:24:27,C100061,Lyon,FR,Magasin,P1016,Tapis de yoga,Sport,1,25.00,0,25.00,Créée
O510155,1,2026-10-01 15:24:07,C100294,Nancy,FR,Marketplace,P1005,Station d'accueil USB-C,Informatique,2,149.00,0,298.00,Expédiée
O510155,2,2026-10-01 15:24:07,C100294,Nancy,FR,Marketplace,P1009,Enceinte Bluetooth,Audio,2,79.00,0,158.00,Expédiée
O510156,1,2026-10-01 13:00:26,C100556,Lille,FR,Web,P1023,Bureau assis-debout,Bureau,1,449.00,0,449.00,Payée
O510157,1,2026-10-01 07:32:29,C100587,Strasbourg,FR,Marketplace,P1007,Casque à réduction de bruit,Audio,1,279.00,0,279.00,Payée
O510157,2,2026-10-01 07:32:29,C100587,Strasbourg,FR,Marketplace,P1010,Aspirateur robot,Maison,1,349.00,0,349.00,Payée
O510157,3,2026-10-01 07:32:29,C100587,Strasbourg,FR,Marketplace,P1015,Montre connectée,Sport,1,229.00,15,194.65,Payée
O510158,1,2026-10-01 20:31:13,C100431,Lille,FR,Web,P1014,Lampe de bureau LED,Maison,2,45.00,0,90.00,Payée
O510159,1,2026-10-01 08:51:37,C100341,Conakry,GN,Magasin,P1007,Casque à réduction de bruit,Audio,3,279.00,0,837.00,Payée
O510160,1,2026-10-01 10:58:18,C101002,Strasbourg,FR,Web,P1022,Chaise ergonomique,Bureau,2,299.00,0,598.00,Payée
O510160,2,2026-10-01 10:58:18,C101002,Strasbourg,FR,Web,P1005,Station d'accueil USB-C,Informatique,1,149.00,0,149.00,Payée
O510160,3,2026-10-01 10:58:18,C101002,Strasbourg,FR,Web,P1021,Veste imperméable,Mode,1,139.00,0,139.00,Payée
O510161,1,2026-10-01 09:26:52,C100962,Thionville,FR,Mobile,P1011,Machine à café à grains,Maison,1,499.00,10,449.10,Expédiée
O510162,1,2026-10-01 13:46:36,C100530,Liège,BE,Web,P1012,Bouilloire inox,Maison,1,39.00,5,37.05,Payée
O510163,1,2026-10-01 21:04:31,C101173,Genève,CH,Web,P1024,Stylo plume,Bureau,2,35.00,0,70.00,Créée
O510164,1,2026-10-01 10:53:11,C101068,Liège,BE,Web,P1001,Ordinateur portable 14 pouces,Informatique,1,749.00,0,749.00,Payée
O510164,2,2026-10-01 10:53:11,C101068,Liège,BE,Web,P1004,Souris sans fil,Informatique,1,29.00,0,29.00,Payée
O510165,1,2026-10-01 06:31:47,C101136,Lille,FR,Mobile,P1003,Clavier mécanique,Informatique,1,89.00,0,89.00,Créée
O510165,2,2026-10-01 06:31:47,C101136,Lille,FR,Mobile,P1020,Baskets running,Mode,1,119.00,0,119.00,Créée
O510166,1,2026-10-01 07:16:52,C100128,Thionville,FR,Mobile,P1010,Aspirateur robot,Maison,1,349.00,0,349.00,Payée
O510166,2,2026-10-01 07:16:52,C100128,Thionville,FR,Mobile,P1009,Enceinte Bluetooth,Audio,1,79.00,0,79.00,Payée
O510167,1,2026-10-01 10:30:09,C101267,Paris,FR,Magasin,P1006,Disque SSD externe 1 To,Informatique,1,109.00,0,109.00,Payée
O510168,1,2026-10-01 21:32:23,C101286,Lyon,FR,Marketplace,P1017,Vélo d'appartement,Sport,2,399.00,5,758.10,Payée
O510168,2,2026-10-01 21:32:23,C101286,Lyon,FR,Marketplace,P1020,Baskets running,Mode,1,119.00,0,119.00,Payée
O510169,1,2026-10-01 11:26:24,C100367,Luxembourg,LU,Mobile,P1013,Friteuse sans huile,Maison,1,129.00,5,122.55,Payée
O510170,1,2026-10-01 21:32:58,C100197,Genève,CH,Mobile,P1010,Aspirateur robot,Maison,1,349.00,0,349.00,Payée
O510170,2,2026-10-01 21:32:58,C100197,Genève,CH,Mobile,P1005,Station d'accueil USB-C,Informatique,1,149.00,0,149.00,Payée
O510170,3,2026-10-01 21:32:58,C100197,Genève,CH,Mobile,P1009,Enceinte Bluetooth,Audio,1,79.00,5,75.05,Payée
O510171,1,2026-10-01 15:30:05,C100725,Genève,CH,Marketplace,P1006,Disque SSD externe 1 To,Informatique,1,109.00,20,87.20,Payée
O510171,2,2026-10-01 15:30:05,C100725,Genève,CH,Marketplace,P1018,Gourde isotherme,Sport,4,22.00,5,83.60,Payée
O510172,1,2026-10-01 09:54:08,C100536,Metz,FR,Marketplace,P1007,Casque à réduction de bruit,Audio,1,279.00,5,265.05,Payée
O510173,1,2026-10-01 16:39:41,C100588,Lyon,FR,Mobile,P1018,Gourde isotherme,Sport,1,22.00,0,22.00,Expédiée
O510173,2,2026-10-01 16:39:41,C100588,Lyon,FR,Mobile,P1022,Chaise ergonomique,Bureau,1,299.00,0,299.00,Expédiée
O510174,1,2026-10-01 22:47:55,C100560,Luxembourg,LU,Marketplace,P1015,Montre connectée,Sport,1,229.00,0,229.00,Payée
O510175,1,2026-10-01 20:14:33,C101138,Dakar,SN,Marketplace,P1003,Clavier mécanique,Informatique,1,89.00,5,84.55,Expédiée
O510175,2,2026-10-01 20:14:33,C101138,Dakar,SN,Marketplace,P1018,Gourde isotherme,Sport,1,22.00,0,22.00,Expédiée
O510176,1,2026-10-01 22:31:09,C100473,Esch-sur-Alzette,LU,Web,P1011,Machine à café à grains,Maison,3,499.00,0,1497.00,Expédiée
O510176,2,2026-10-01 22:31:09,C100473,Esch-sur-Alzette,LU,Web,P1014,Lampe de bureau LED,Maison,2,45.00,0,90.00,Expédiée
O510177,1,2026-10-01 23:19:00,C100565,Trèves,DE,Magasin,P1024,Stylo plume,Bureau,3,35.00,0,105.00,Payée
O510177,2,2026-10-01 23:19:00,C100565,Trèves,DE,Magasin,P1015,Montre connectée,Sport,1,229.00,0,229.00,Payée
O510178,1,2026-10-01 11:05:06,C100795,Trèves,DE,Web,P1005,Station d'accueil USB-C,Informatique,4,149.00,10,536.40,Payée
O510179,1,2026-10-01 15:06:11,C100550,Liège,BE,Web,P1001,Ordinateur portable 14 pouces,Informatique,1,749.00,0,749.00,Payée
O510179,2,2026-10-01 15:06:11,C100550,Liège,BE,Web,P1006,Disque SSD externe 1 To,Informatique,2,109.00,0,218.00,Payée
O510179,3,2026-10-01 15:06:11,C100550,Liège,BE,Web,P1022,Chaise ergonomique,Bureau,1,299.00,0,299.00,Payée
O510180,1,2026-10-01 10:37:03,C101171,Trèves,DE,Magasin,P1015,Montre connectée,Sport,1,229.00,10,206.10,Payée
O510181,1,2026-10-01 14:55:30,C100695,Genève,CH,Mobile,P1012,Bouilloire inox,Maison,1,39.00,0,39.00,Payée
O510181,2,2026-10-01 14:55:30,C100695,Genève,CH,Mobile,P1010,Aspirateur robot,Maison,2,349.00,5,663.10,Payée
O510182,1,2026-10-01 19:27:14,C100842,Labé,GN,Web,P1016,Tapis de yoga,Sport,1,25.00,0,25.00,Créée
O510182,2,2026-10-01 19:27:14,C100842,Labé,GN,Web,P1017,Vélo d'appartement,Sport,1,399.00,0,399.00,Créée
O510183,1,2026-10-01 07:13:45,C101002,Conakry,GN,Web,P1007,Casque à réduction de bruit,Audio,1,279.00,10,251.10,Créée
O510183,2,2026-10-01 07:13:45,C101002,Conakry,GN,Web,P1014,Lampe de bureau LED,Maison,1,45.00,0,45.00,Créée
O510183,3,2026-10-01 07:13:45,C101002,Conakry,GN,Web,P1021,Veste imperméable,Mode,1,139.00,0,139.00,Créée
O510184,1,2026-10-01 14:18:24,C100698,Nancy,FR,Web,P1016,Tapis de yoga,Sport,1,25.00,20,20.00,Créée
O510185,1,2026-10-01 18:37:56,C100619,Sarrebruck,DE,Mobile,P1004,Souris sans fil,Informatique,4,29.00,10,104.40,Créée
O510186,1,2026-10-01 16:29:06,C100367,Lille,FR,Marketplace,P1015,Montre connectée,Sport,1,229.00,0,229.00,Créée
O510187,1,2026-10-01 11:43:21,C100254,Esch-sur-Alzette,LU,Web,P1004,Souris sans fil,Informatique,1,29.00,0,29.00,Payée
O510187,2,2026-10-01 11:43:21,C100254,Esch-sur-Alzette,LU,Web,P1011,Machine à café à grains,Maison,1,499.00,0,499.00,Payée
O510187,3,2026-10-01 11:43:21,C100254,Esch-sur-Alzette,LU,Web,P1019,Sac à dos urbain,Mode,1,65.00,0,65.00,Payée
O510188,1,2026-10-01 23:41:56,C100958,Lille,FR,Web,P1009,Enceinte Bluetooth,Audio,1,79.00,20,63.20,Payée
O510189,1,2026-10-01 22:19:39,C101128,Labé,GN,Mobile,P1024,Stylo plume,Bureau,1,35.00,0,35.00,Payée
O510190,1,2026-10-01 06:14:54,C100606,Luxembourg,LU,Magasin,P1014,Lampe de bureau LED,Maison,1,45.00,0,45.00,Payée
O510190,2,2026-10-01 06:14:54,C100606,Luxembourg,LU,Magasin,P1009,Enceinte Bluetooth,Audio,2,79.00,0,158.00,Payée
O510191,1,2026-10-01 11:27:28,C100434,Lille,FR,Web,P1017,Vélo d'appartement,Sport,3,399.00,0,1197.00,Créée
O510192,1,2026-10-01 17:36:15,C100594,Liège,BE,Magasin,P1010,Aspirateur robot,Maison,1,349.00,5,331.55,Expédiée
O510193,1,2026-10-01 12:57:31,C100809,Lyon,FR,Magasin,P1005,Station d'accueil USB-C,Informatique,1,149.00,15,126.65,Expédiée
O510194,1,2026-10-01 19:07:11,C100611,Paris,FR,Mobile,P1003,Clavier mécanique,Informatique,1,89.00,0,89.00,Payée
O510194,2,2026-10-01 19:07:11,C100611,Paris,FR,Mobile,P1022,Chaise ergonomique,Bureau,4,299.00,0,1196.00,Payée
O510194,3,2026-10-01 19:07:11,C100611,Paris,FR,Mobile,P1023,Bureau assis-debout,Bureau,2,449.00,5,853.10,Payée
O510195,1,2026-10-01 09:13:32,C100968,Strasbourg,FR,Web,P1013,Friteuse sans huile,Maison,1,129.00,0,129.00,Payée
O510196,1,2026-10-01 11:53:19,C100709,Strasbourg,FR,Magasin,P1001,Ordinateur portable 14 pouces,Informatique,4,749.00,0,2996.00,Créée
O510197,1,2026-10-01 11:40:55,C100789,Liège,BE,Magasin,P1015,Montre connectée,Sport,2,229.00,0,458.00,Payée
O510197,2,2026-10-01 11:40:55,C100789,Liège,BE,Magasin,P1006,Disque SSD externe 1 To,Informatique,1,109.00,15,92.65,Payée
O510197,3,2026-10-01 11:40:55,C100789,Liège,BE,Magasin,P1023,Bureau assis-debout,Bureau,1,449.00,0,449.00,Payée
O510197,4,2026-10-01 11:40:55,C100789,Liège,BE,Magasin,P1007,Casque à réduction de bruit,Audio,1,279.00,0,279.00,Payée
O510198,1,2026-10-01 10:17:38,C101030,Esch-sur-Alzette,LU,Web,P1011,Machine à café à grains,Maison,2,499.00,0,998.00,Payée
O510198,2,2026-10-01 10:17:38,C101030,Esch-sur-Alzette,LU,Web,P1019,Sac à dos urbain,Mode,3,65.00,0,195.00,Payée
O510199,1,2026-10-01 12:43:46,C100666,Luxembourg,LU,Magasin,P1008,Écouteurs sans fil,Audio,2,129.00,0,258.00,Payée
O510200,1,2026-10-01 18:02:17,C100717,Strasbourg,FR,Mobile,P1024,Stylo plume,Bureau,2,35.00,0,70.00,Créée
O510201,1,2026-10-01 17:04:53,C100340,Strasbourg,FR,Mobile,P1007,Casque à réduction de bruit,Audio,1,279.00,0,279.00,Payée
O510201,2,2026-10-01 17:04:53,C100340,Strasbourg,FR,Mobile,P1023,Bureau assis-debout,Bureau,1,449.00,0,449.00,Payée
O510202,1,2026-10-01 12:37:56,C100294,Genève,CH,Mobile,P1017,Vélo d'appartement,Sport,2,399.00,0,798.00,Payée
O510203,1,2026-10-01 08:04:01,C101136,Lille,FR,Magasin,P1005,Station d'accueil USB-C,Informatique,1,149.00,0,149.00,Expédiée
O510204,1,2026-10-01 23:04:23,C100379,Liège,BE,Mobile,P1015,Montre connectée,Sport,2,229.00,0,458.00,Payée
O510204,2,2026-10-01 23:04:23,C100379,Liège,BE,Mobile,P1002,Écran 27 pouces 4K,Informatique,1,389.00,0,389.00,Payée
O510205,1,2026-10-01 08:51:04,C100915,Conakry,GN,Web,P1009,Enceinte Bluetooth,Audio,1,79.00,0,79.00,Payée
O510206,1,2026-10-01 13:40:04,C101130,Metz,FR,Web,P1010,Aspirateur robot,Maison,1,349.00,0,349.00,Payée
O510207,1,2026-10-01 07:37:19,C100565,Paris,FR,Web,P1004,Souris sans fil,Informatique,1,29.00,0,29.00,Payée
O510207,2,2026-10-01 07:37:19,C100565,Paris,FR,Web,P1011,Machine à café à grains,Maison,1,499.00,5,474.05,Payée
O510207,3,2026-10-01 07:37:19,C100565,Paris,FR,Web,P1005,Station d'accueil USB-C,Informatique,2,149.00,15,253.30,Payée
O510207,4,2026-10-01 07:37:19,C100565,Paris,FR,Web,P1003,Clavier mécanique,Informatique,1,89.00,10,80.10,Payée
O510208,1,2026-10-01 23:01:27,C101042,Sarrebruck,DE,Mobile,P1017,Vélo d'appartement,Sport,2,399.00,0,798.00,Créée
O510208,2,2026-10-01 23:01:27,C101042,Sarrebruck,DE,Mobile,P1008,Écouteurs sans fil,Audio,4,129.00,0,516.00,Créée
O510209,1,2026-10-01 07:44:29,C100459,Strasbourg,FR,Mobile,P1013,Friteuse sans huile,Maison,1,129.00,0,129.00,Payée
O510210,1,2026-10-01 14:47:29,C100789,Bruxelles,BE,Web,P1017,Vélo d'appartement,Sport,1,399.00,0,399.00,Expédiée
O510210,2,2026-10-01 14:47:29,C100789,Bruxelles,BE,Web,P1008,Écouteurs sans fil,Audio,3,129.00,0,387.00,Expédiée
O510211,1,2026-10-01 13:51:50,C100128,Lille,FR,Web,P1011,Machine à café à grains,Maison,4,499.00,0,1996.00,Payée
O510212,1,2026-10-01 12:53:47,C100089,Lyon,FR,Mobile,P1015,Montre connectée,Sport,1,229.00,5,217.55,Créée
O510213,1,2026-10-01 11:59:43,C100578,Labé,GN,Mobile,P1007,Casque à réduction de bruit,Audio,1,279.00,5,265.05,Payée
O510214,1,2026-10-01 13:41:00,C100798,Lille,FR,Web,P1004,Souris sans fil,Informatique,1,29.00,0,29.00,Payée
O510215,1,2026-10-01 20:54:30,C100482,Lille,FR,Web,P1002,Écran 27 pouces 4K,Informatique,1,389.00,0,389.00,Expédiée
O510215,2,2026-10-01 20:54:30,C100482,Lille,FR,Web,P1011,Machine à café à grains,Maison,1,499.00,0,499.00,Expédiée
O510216,1,2026-10-01 07:52:45,C100851,Dakar,SN,Mobile,P1023,Bureau assis-debout,Bureau,2,449.00,0,898.00,Payée
O510217,1,2026-10-01 09:39:03,C100173,Conakry,GN,Web,P1012,Bouilloire inox,Maison,2,39.00,10,70.20,Expédiée
O510217,2,2026-10-01 09:39:03,C100173,Conakry,GN,Web,P1003,Clavier mécanique,Informatique,1,89.00,0,89.00,Expédiée
O510218,1,2026-10-01 19:12:53,C100879,Liège,BE,Web,P1016,Tapis de yoga,Sport,1,25.00,0,25.00,Expédiée
O510219,1,2026-10-01 23:12:15,C100175,Paris,FR,Web,P1006,Disque SSD externe 1 To,Informatique,1,109.00,0,109.00,Payée
O510220,1,2026-10-01 17:57:06,C100875,Trèves,DE,Mobile,P1013,Friteuse sans huile,Maison,1,129.00,0,129.00,Créée
O510221,1,2026-10-01 13:48:52,C100558,Thionville,FR,Mobile,P1001,Ordinateur portable 14 pouces,Informatique,2,749.00,0,1498.00,Créée
O510221,2,2026-10-01 13:48:52,C100558,Thionville,FR,Mobile,P1020,Baskets running,Mode,2,119.00,0,238.00,Créée
O510222,1,2026-10-01 21:01:49,C100959,Bruxelles,BE,Mobile,P1005,Station d'accueil USB-C,Informatique,2,149.00,0,298.00,Expédiée
O510222,2,2026-10-01 21:01:49,C100959,Bruxelles,BE,Mobile,P1010,Aspirateur robot,Maison,1,349.00,15,296.65,Expédiée
O510222,3,2026-10-01 21:01:49,C100959,Bruxelles,BE,Mobile,P1012,Bouilloire inox,Maison,1,39.00,5,37.05,Expédiée
O510223,1,2026-10-01 15:02:53,C101127,Lyon,FR,Mobile,P1012,Bouilloire inox,Maison,3,39.00,0,117.00,Créée
O510224,1,2026-10-01 22:11:44,C101015,Esch-sur-Alzette,LU,Web,P1012,Bouilloire inox,Maison,1,39.00,0,39.00,Payée
O510224,2,2026-10-01 22:11:44,C101015,Esch-sur-Alzette,LU,Web,P1006,Disque SSD externe 1 To,Informatique,1,109.00,0,109.00,Payée
O510224,3,2026-10-01 22:11:44,C101015,Esch-sur-Alzette,LU,Web,P1004,Souris sans fil,Informatique,1,29.00,0,29.00,Payée
O510224,4,2026-10-01 22:11:44,C101015,Esch-sur-Alzette,LU,Web,P1019,Sac à dos urbain,Mode,1,65.00,0,65.00,Payée
O510225,1,2026-10-01 23:43:49,C100838,Strasbourg,FR,Marketplace,P1002,Écran 27 pouces 4K,Informatique,1,389.00,5,369.55,Payée
O510226,1,2026-10-01 14:52:58,C101211,Thionville,FR,Mobile,P1005,Station d'accueil USB-C,Informatique,1,149.00,0,149.00,Payée
O510226,2,2026-10-01 14:52:58,C101211,Thionville,FR,Mobile,P1013,Friteuse sans huile,Maison,2,129.00,0,258.00,Payée
O510226,3,2026-10-01 14:52:58,C101211,Thionville,FR,Mobile,P1023,Bureau assis-debout,Bureau,1,449.00,0,449.00,Payée
O510226,4,2026-10-01 14:52:58,C101211,Thionville,FR,Mobile,P1006,Disque SSD externe 1 To,Informatique,1,109.00,0,109.00,Payée
O510227,1,2026-10-01 18:01:56,C101286,Esch-sur-Alzette,LU,Marketplace,P1006,Disque SSD externe 1 To,Informatique,4,109.00,0,436.00,Payée
O510228,1,2026-10-01 10:40:41,C100476,Liège,BE,Web,P1002,Écran 27 pouces 4K,Informatique,1,389.00,0,389.00,Créée
O510229,1,2026-10-01 20:47:22,C100908,Paris,FR,Magasin,P1018,Gourde isotherme,Sport,1,22.00,0,22.00,Payée
O510230,1,2026-10-01 15:22:12,C100206,Genève,CH,Web,P1009,Enceinte Bluetooth,Audio,1,79.00,10,71.10,Payée
O510230,2,2026-10-01 15:22:12,C100206,Genève,CH,Web,P1017,Vélo d'appartement,Sport,1,399.00,0,399.00,Payée
O510230,3,2026-10-01 15:22:12,C100206,Genève,CH,Web,P1004,Souris sans fil,Informatique,1,29.00,0,29.00,Payée
O510231,1,2026-10-01 18:46:21,C101252,Labé,GN,Magasin,P1012,Bouilloire inox,Maison,1,39.00,0,39.00,Expédiée
O510231,2,2026-10-01 18:46:21,C101252,Labé,GN,Magasin,P1015,Montre connectée,Sport,1,229.00,0,229.00,Expédiée
O510231,3,2026-10-01 18:46:21,C101252,Labé,GN,Magasin,P1010,Aspirateur robot,Maison,1,349.00,0,349.00,Expédiée
O510232,1,2026-10-01 23:08:28,C100421,Nancy,FR,Mobile,P1016,Tapis de yoga,Sport,1,25.00,0,25.00,Payée
O510232,2,2026-10-01 23:08:28,C100421,Nancy,FR,Mobile,P1003,Clavier mécanique,Informatique,1,89.00,10,80.10,Payée
O510233,1,2026-10-01 14:54:09,C100353,Nancy,FR,Marketplace,P1008,Écouteurs sans fil,Audio,1,129.00,15,109.65,Payée
O510234,1,2026-10-01 15:38:01,C101134,Thionville,FR,Web,P1007,Casque à réduction de bruit,Audio,2,279.00,0,558.00,Payée
O510234,2,2026-10-01 15:38:01,C101134,Thionville,FR,Web,P1015,Montre connectée,Sport,3,229.00,0,687.00,Payée
O510234,3,2026-10-01 15:38:01,C101134,Thionville,FR,Web,P1013,Friteuse sans huile,Maison,1,129.00,0,129.00,Payée
O510235,1,2026-10-01 08:05:39,C100302,Metz,FR,Marketplace,P1019,Sac à dos urbain,Mode,1,65.00,0,65.00,Payée
O510235,2,2026-10-01 08:05:39,C100302,Metz,FR,Marketplace,P1021,Veste imperméable,Mode,1,139.00,0,139.00,Payée
O510235,3,2026-10-01 08:05:39,C100302,Metz,FR,Marketplace,P1008,Écouteurs sans fil,Audio,1,129.00,0,129.00,Payée
O510235,4,2026-10-01 08:05:39,C100302,Metz,FR,Marketplace,P1023,Bureau assis-debout,Bureau,1,449.00,15,381.65,Payée
O510236,1,2026-10-01 18:43:44,C100276,Esch-sur-Alzette,LU,Mobile,P1021,Veste imperméable,Mode,1,139.00,0,139.00,Payée
O510237,1,2026-10-01 18:49:10,C100785,Lyon,FR,Web,P1011,Machine à café à grains,Maison,2,499.00,20,798.40,Payée
O510238,1,2026-10-01 10:26:44,C100280,Labé,GN,Web,P1024,Stylo plume,Bureau,1,35.00,0,35.00,Expédiée
O510238,2,2026-10-01 10:26:44,C100280,Labé,GN,Web,P1007,Casque à réduction de bruit,Audio,1,279.00,0,279.00,Expédiée
O510238,3,2026-10-01 10:26:44,C100280,Labé,GN,Web,P1019,Sac à dos urbain,Mode,4,65.00,0,260.00,Expédiée
O510238,4,2026-10-01 10:26:44,C100280,Labé,GN,Web,P1005,Station d'accueil USB-C,Informatique,2,149.00,0,298.00,Expédiée
O510239,1,2026-10-01 11:46:34,C100968,Labé,GN,Web,P1018,Gourde isotherme,Sport,3,22.00,0,66.00,Payée
O510240,1,2026-10-01 12:03:02,C100923,Trèves,DE,Web,P1011,Machine à café à grains,Maison,1,499.00,0,499.00,Créée
O510240,2,2026-10-01 12:03:02,C100923,Trèves,DE,Web,P1007,Casque à réduction de bruit,Audio,1,279.00,0,279.00,Créée
O510240,3,2026-10-01 12:03:02,C100923,Trèves,DE,Web,P1002,Écran 27 pouces 4K,Informatique,2,389.00,0,778.00,Créée
O510241,1,2026-10-01 08:32:58,C101130,Liège,BE,Web,P1011,Machine à café à grains,Maison,2,499.00,0,998.00,Payée
O510242,1,2026-10-01 13:42:16,C100227,Strasbourg,FR,Magasin,P1024,Stylo plume,Bureau,2,35.00,10,63.00,Payée
O510242,2,2026-10-01 13:42:16,C100227,Strasbourg,FR,Magasin,P1004,Souris sans fil,Informatique,1,29.00,0,29.00,Payée
O510243,1,2026-10-01 18:39:45,C100523,Strasbourg,FR,Mobile,P1017,Vélo d'appartement,Sport,2,399.00,0,798.00,Payée
O510244,1,2026-10-01 15:45:01,C100450,Bruxelles,BE,Web,P1020,Baskets running,Mode,1,119.00,0,119.00,Créée
O510245,1,2026-10-01 06:03:39,C101002,Metz,FR,Web,P1009,Enceinte Bluetooth,Audio,1,79.00,0,79.00,Payée
O510246,1,2026-10-01 23:11:59,C100600,Metz,FR,Magasin,P1019,Sac à dos urbain,Mode,4,65.00,0,260.00,Payée
O510246,2,2026-10-01 23:11:59,C100600,Metz,FR,Magasin,P1003,Clavier mécanique,Informatique,1,89.00,10,80.10,Payée
O510247,1,2026-10-01 16:18:35,C100213,Trèves,DE,Web,P1008,Écouteurs sans fil,Audio,1,129.00,0,129.00,Payée
O510248,1,2026-10-01 06:02:25,C100414,Bruxelles,BE,Web,P1004,Souris sans fil,Informatique,1,29.00,0,29.00,Expédiée
O510249,1,2026-10-01 14:15:56,C100048,Liège,BE,Web,P1013,Friteuse sans huile,Maison,1,129.00,0,129.00,Payée
O510250,1,2026-10-01 07:05:17,C100230,Thionville,FR,Web,P1011,Machine à café à grains,Maison,1,499.00,0,499.00,Créée
O510250,2,2026-10-01 07:05:17,C100230,Thionville,FR,Web,P1008,Écouteurs sans fil,Audio,1,129.00,20,103.20,Créée
O510250,3,2026-10-01 07:05:17,C100230,Thionville,FR,Web,P1002,Écran 27 pouces 4K,Informatique,1,389.00,0,389.00,Créée
O510251,1,2026-10-01 22:07:53,C100201,Metz,FR,Web,P1016,Tapis de yoga,Sport,1,25.00,0,25.00,Expédiée
O510252,1,2026-10-01 19:22:46,C100653,Bruxelles,BE,Mobile,P1005,Station d'accueil USB-C,Informatique,1,149.00,0,149.00,Payée
O510253,1,2026-10-01 09:26:06,C100188,Lille,FR,Mobile,P1021,Veste imperméable,Mode,2,139.00,0,278.00,Payée
O510254,1,2026-10-01 06:40:58,C101293,Thionville,FR,Mobile,P1021,Veste imperméable,Mode,1,139.00,10,125.10,Expédiée
O510254,2,2026-10-01 06:40:58,C101293,Thionville,FR,Mobile,P1007,Casque à réduction de bruit,Audio,2,279.00,0,558.00,Expédiée
O510255,1,2026-10-01 10:50:30,C101235,Trèves,DE,Marketplace,P1014,Lampe de bureau LED,Maison,1,45.00,0,45.00,Payée
O510255,2,2026-10-01 10:50:30,C101235,Trèves,DE,Marketplace,P1022,Chaise ergonomique,Bureau,1,299.00,0,299.00,Payée
O510255,3,2026-10-01 10:50:30,C101235,Trèves,DE,Marketplace,P1023,Bureau assis-debout,Bureau,3,449.00,0,1347.00,Payée
O510256,1,2026-10-01 20:53:34,C100959,Paris,FR,Marketplace,P1011,Machine à café à grains,Maison,1,499.00,0,499.00,Payée
O510256,2,2026-10-01 20:53:34,C100959,Paris,FR,Marketplace,P1012,Bouilloire inox,Maison,1,39.00,0,39.00,Payée
O510256,3,2026-10-01 20:53:34,C100959,Paris,FR,Marketplace,P1022,Chaise ergonomique,Bureau,1,299.00,0,299.00,Payée
O510257,1,2026-10-01 17:14:57,C100916,Liège,BE,Web,P1007,Casque à réduction de bruit,Audio,3,279.00,0,837.00,Expédiée
O510258,1,2026-10-01 12:33:17,C100252,Bruxelles,BE,Marketplace,P1011,Machine à café à grains,Maison,1,499.00,15,424.15,Payée
O510258,2,2026-10-01 12:33:17,C100252,Bruxelles,BE,Marketplace,P1019,Sac à dos urbain,Mode,1,65.00,5,61.75,Payée
O510259,1,2026-10-01 06:38:53,C100965,Liège,BE,Web,P1018,Gourde isotherme,Sport,1,22.00,0,22.00,Payée
O510260,1,2026-10-01 21:39:09,C100884,Nancy,FR,Web,P1010,Aspirateur robot,Maison,2,349.00,0,698.00,Expédiée
O510260,2,2026-10-01 21:39:09,C100884,Nancy,FR,Web,P1012,Bouilloire inox,Maison,4,39.00,5,148.20,Expédiée
O510260,3,2026-10-01 21:39:09,C100884,Nancy,FR,Web,P1014,Lampe de bureau LED,Maison,1,45.00,0,45.00,Expédiée
O510261,1,2026-10-01 07:56:07,C100878,Thionville,FR,Mobile,P1011,Machine à café à grains,Maison,1,499.00,5,474.05,Expédiée
O510262,1,2026-10-01 22:45:24,C100183,Conakry,GN,Web,P1021,Veste imperméable,Mode,1,139.00,0,139.00,Payée
O510263,1,2026-10-01 12:29:41,C100397,Dakar,SN,Mobile,P1007,Casque à réduction de bruit,Audio,3,279.00,0,837.00,Payée
O510263,2,2026-10-01 12:29:41,C100397,Dakar,SN,Mobile,P1016,Tapis de yoga,Sport,2,25.00,0,50.00,Payée
O510264,1,2026-10-01 20:54:07,C101018,Liège,BE,Magasin,P1022,Chaise ergonomique,Bureau,1,299.00,10,269.10,Payée
O510265,1,2026-10-01 21:47:08,C100076,Lyon,FR,Web,P1024,Stylo plume,Bureau,1,35.00,0,35.00,Expédiée
O510265,2,2026-10-01 21:47:08,C100076,Lyon,FR,Web,P1023,Bureau assis-debout,Bureau,1,449.00,0,449.00,Expédiée
O510265,3,2026-10-01 21:47:08,C100076,Lyon,FR,Web,P1020,Baskets running,Mode,2,119.00,10,214.20,Expédiée
O510266,1,2026-10-01 17:20:18,C100243,Dakar,SN,Web,P1011,Machine à café à grains,Maison,1,499.00,5,474.05,Expédiée
O510266,2,2026-10-01 17:20:18,C100243,Dakar,SN,Web,P1021,Veste imperméable,Mode,1,139.00,0,139.00,Expédiée
O510267,1,2026-10-01 22:48:07,C100385,Liège,BE,Mobile,P1007,Casque à réduction de bruit,Audio,2,279.00,0,558.00,Créée
O510267,2,2026-10-01 22:48:07,C100385,Liège,BE,Mobile,P1023,Bureau assis-debout,Bureau,1,449.00,0,449.00,Créée
O510267,3,2026-10-01 22:48:07,C100385,Liège,BE,Mobile,P1006,Disque SSD externe 1 To,Informatique,1,109.00,20,87.20,Créée
O510267,4,2026-10-01 22:48:07,C100385,Liège,BE,Mobile,P1005,Station d'accueil USB-C,Informatique,1,149.00,0,149.00,Créée
O510268,1,2026-10-01 21:47:20,C100290,Strasbourg,FR,Mobile,P1009,Enceinte Bluetooth,Audio,2,79.00,0,158.00,Payée
O510269,1,2026-10-01 22:28:44,C100448,Liège,BE,Marketplace,P1009,Enceinte Bluetooth,Audio,2,79.00,0,158.00,Créée
O510270,1,2026-10-01 06:34:42,C100738,Liège,BE,Web,P1017,Vélo d'appartement,Sport,1,399.00,0,399.00,Créée
O510270,2,2026-10-01 06:34:42,C100738,Liège,BE,Web,P1014,Lampe de bureau LED,Maison,2,45.00,0,90.00,Créée
O510271,1,2026-10-01 20:46:16,C100376,Liège,BE,Mobile,P1013,Friteuse sans huile,Maison,3,129.00,5,367.65,Créée
O510272,1,2026-10-01 19:58:48,C100023,Conakry,GN,Magasin,P1008,Écouteurs sans fil,Audio,2,129.00,0,258.00,Payée
O510273,1,2026-10-01 13:03:59,C101120,Trèves,DE,Web,P1015,Montre connectée,Sport,3,229.00,10,618.30,Expédiée
O510273,2,2026-10-01 13:03:59,C101120,Trèves,DE,Web,P1023,Bureau assis-debout,Bureau,1,449.00,0,449.00,Expédiée
O510274,1,2026-10-01 12:24:23,C101160,Genève,CH,Web,P1013,Friteuse sans huile,Maison,2,129.00,0,258.00,Créée
O510275,1,2026-10-01 16:01:39,C100171,Paris,FR,Web,P1003,Clavier mécanique,Informatique,1,89.00,5,84.55,Expédiée
O510275,2,2026-10-01 16:01:39,C100171,Paris,FR,Web,P1020,Baskets running,Mode,1,119.00,0,119.00,Expédiée
O510276,1,2026-10-01 10:56:12,C101166,Metz,FR,Web,P1004,Souris sans fil,Informatique,1,29.00,10,26.10,Expédiée
O510277,1,2026-10-01 06:31:04,C101159,Lyon,FR,Web,P1001,Ordinateur portable 14 pouces,Informatique,1,749.00,0,749.00,Payée
O510278,1,2026-10-01 11:22:28,C100583,Dakar,SN,Mobile,P1003,Clavier mécanique,Informatique,4,89.00,0,356.00,Payée
O510279,1,2026-10-01 20:51:39,C101044,Luxembourg,LU,Web,P1012,Bouilloire inox,Maison,1,39.00,0,39.00,Créée
O510279,2,2026-10-01 20:51:39,C101044,Luxembourg,LU,Web,P1008,Écouteurs sans fil,Audio,1,129.00,0,129.00,Créée
O510279,3,2026-10-01 20:51:39,C101044,Luxembourg,LU,Web,P1024,Stylo plume,Bureau,1,35.00,0,35.00,Créée
O510280,1,2026-10-01 07:46:32,,Bruxelles,BE,Web,P1011,Machine à café à grains,Maison,1,499.00,0,499.00,Payée
O510281,1,2026-10-01 09:01:52,C100081,Esch-sur-Alzette,LU,Mobile,P1020,Baskets running,Mode,1,119.00,0,119.00,Créée
O510282,1,2026-10-01 11:44:02,C100222,Liège,BE,Mobile,P1021,Veste imperméable,Mode,2,139.00,0,278.00,Créée
O510282,2,2026-10-01 11:44:02,C100222,Liège,BE,Mobile,P1022,Chaise ergonomique,Bureau,2,299.00,0,598.00,Créée
O510283,1,2026-10-01 14:38:08,C100231,Genève,CH,Mobile,P1021,Veste imperméable,Mode,1,139.00,0,139.00,Payée
O510283,2,2026-10-01 14:38:08,C100231,Genève,CH,Mobile,P1014,Lampe de bureau LED,Maison,1,45.00,15,38.25,Payée
O510283,3,2026-10-01 14:38:08,C100231,Genève,CH,Mobile,P1017,Vélo d'appartement,Sport,1,399.00,0,399.00,Payée
O510283,4,2026-10-01 14:38:08,C100231,Genève,CH,Mobile,P1012,Bouilloire inox,Maison,1,39.00,0,39.00,Payée
O510284,1,2026-10-01 11:06:26,C100844,Liège,BE,Mobile,P1011,Machine à café à grains,Maison,3,499.00,0,1497.00,Créée
O510284,2,2026-10-01 11:06:26,C100844,Liège,BE,Mobile,P1018,Gourde isotherme,Sport,1,22.00,0,22.00,Créée
O510284,3,2026-10-01 11:06:26,C100844,Liège,BE,Mobile,P1010,Aspirateur robot,Maison,1,349.00,0,349.00,Créée
O510285,1,2026-10-01 11:57:15,C100409,Thionville,FR,Magasin,P1008,Écouteurs sans fil,Audio,1,129.00,0,129.00,Payée
O510285,2,2026-10-01 11:57:15,C100409,Thionville,FR,Magasin,P1009,Enceinte Bluetooth,Audio,1,79.00,0,79.00,Payée
O510286,1,2026-10-01 20:55:23,C100238,Esch-sur-Alzette,LU,Mobile,P1022,Chaise ergonomique,Bureau,1,299.00,10,269.10,Expédiée
O510286,2,2026-10-01 20:55:23,C100238,Esch-sur-Alzette,LU,Mobile,P1006,Disque SSD externe 1 To,Informatique,2,109.00,0,218.00,Expédiée
O510287,1,2026-10-01 15:30:27,C101213,Nancy,FR,Web,P1016,Tapis de yoga,Sport,1,25.00,0,25.00,Payée
O510287,2,2026-10-01 15:30:27,C101213,Nancy,FR,Web,P1002,Écran 27 pouces 4K,Informatique,1,389.00,0,389.00,Payée
O510287,3,2026-10-01 15:30:27,C101213,Nancy,FR,Web,P1014,Lampe de bureau LED,Maison,1,45.00,10,40.50,Payée
O510288,1,2026-10-01 14:38:45,C100336,Esch-sur-Alzette,LU,Magasin,P1006,Disque SSD externe 1 To,Informatique,1,109.00,0,109.00,Payée
O510288,2,2026-10-01 14:38:45,C100336,Esch-sur-Alzette,LU,Magasin,P1020,Baskets running,Mode,1,119.00,0,119.00,Payée
O510288,3,2026-10-01 14:38:45,C100336,Esch-sur-Alzette,LU,Magasin,P1017,Vélo d'appartement,Sport,1,399.00,0,399.00,Payée
O510289,1,2026-10-01 14:43:06,C100076,Sarrebruck,DE,Mobile,P1001,Ordinateur portable 14 pouces,Informatique,1,749.00,20,599.20,Payée
O510290,1,2026-10-01 23:42:43,C100693,Metz,FR,Mobile,P1006,Disque SSD externe 1 To,Informatique,2,109.00,0,218.00,Payée
O510290,2,2026-10-01 23:42:43,C100693,Metz,FR,Mobile,P1019,Sac à dos urbain,Mode,1,65.00,10,58.50,Payée
O510291,1,2026-10-01 06:43:20,C101239,Nancy,FR,Magasin,P1009,Enceinte Bluetooth,Audio,2,79.00,0,158.00,Payée
O510292,1,2026-10-01 13:40:27,C100855,Lille,FR,Web,P1023,Bureau assis-debout,Bureau,1,449.00,0,449.00,Payée
O510292,2,2026-10-01 13:40:27,C100855,Lille,FR,Web,P1018,Gourde isotherme,Sport,1,22.00,0,22.00,Payée
O510293,1,2026-10-01 11:11:10,C100039,Liège,BE,Web,P1022,Chaise ergonomique,Bureau,1,299.00,0,299.00,Payée
O510293,2,2026-10-01 11:11:10,C100039,Liège,BE,Web,P1023,Bureau assis-debout,Bureau,2,449.00,0,898.00,Payée
O510294,1,2026-10-01 07:18:10,C100301,Conakry,GN,Marketplace,P1014,Lampe de bureau LED,Maison,1,45.00,0,45.00,Expédiée
O510294,2,2026-10-01 07:18:10,C100301,Conakry,GN,Marketplace,P1006,Disque SSD externe 1 To,Informatique,1,109.00,5,103.55,Expédiée
O510295,1,2026-10-01 10:35:55,C100870,Sarrebruck,DE,Web,P1020,Baskets running,Mode,1,119.00,0,119.00,Payée
O510295,2,2026-10-01 10:35:55,C100870,Sarrebruck,DE,Web,P1006,Disque SSD externe 1 To,Informatique,1,109.00,0,109.00,Payée
O510296,1,2026-10-01 07:41:43,C101026,Esch-sur-Alzette,LU,Magasin,P1011,Machine à café à grains,Maison,1,499.00,0,499.00,Payée
O510296,2,2026-10-01 07:41:43,C101026,Esch-sur-Alzette,LU,Magasin,P1009,Enceinte Bluetooth,Audio,1,79.00,15,67.15,Payée
O510296,3,2026-10-01 07:41:43,C101026,Esch-sur-Alzette,LU,Magasin,P1017,Vélo d'appartement,Sport,2,399.00,5,758.10,Payée
O510297,1,2026-10-01 19:18:55,C100331,Lille,FR,Web,P1014,Lampe de bureau LED,Maison,1,45.00,0,45.00,Payée
O510298,1,2026-10-01 19:24:08,C100538,Bruxelles,BE,Web,P1006,Disque SSD externe 1 To,Informatique,1,109.00,20,87.20,Payée
O510299,1,2026-10-01 17:45:24,C100224,Paris,FR,Mobile,P1023,Bureau assis-debout,Bureau,1,449.00,0,449.00,Payée
O510300,1,2026-10-01 13:12:25,C100700,Lille,FR,Magasin,P1017,Vélo d'appartement,Sport,2,399.00,0,798.00,Payée
O510300,2,2026-10-01 13:12:25,C100700,Lille,FR,Magasin,P1005,Station d'accueil USB-C,Informatique,3,149.00,0,447.00,Payée
O510300,3,2026-10-01 13:12:25,C100700,Lille,FR,Magasin,P1007,Casque à réduction de bruit,Audio,3,279.00,0,837.00,Payée
O510300,4,2026-10-01 13:12:25,C100700,Lille,FR,Magasin,P1021,Veste imperméable,Mode,1,139.00,0,139.00,Payée
O510301,1,2026-10-01 21:43:56,C101036,Bruxelles,BE,Mobile,P1022,Chaise ergonomique,Bureau,1,299.00,0,299.00,Créée
O510302,1,2026-10-01 17:49:46,C100663,Lyon,FR,Web,P1007,Casque à réduction de bruit,Audio,1,279.00,0,279.00,Créée
O510303,1,2026-10-01 11:57:42,C100557,Conakry,GN,Mobile,P1010,Aspirateur robot,Maison,1,349.00,0,349.00,Payée
O510303,2,2026-10-01 11:57:42,C100557,Conakry,GN,Mobile,P1012,Bouilloire inox,Maison,1,39.00,5,37.05,Payée
O510304,1,2026-10-01 11:38:42,C100204,Genève,CH,Web,P1007,Casque à réduction de bruit,Audio,3,279.00,0,837.00,Payée
O510305,1,2026-10-01 17:39:15,C100508,Trèves,DE,Web,P1017,Vélo d'appartement,Sport,1,399.00,0,399.00,Expédiée
O510306,1,2026-10-01 07:38:31,C100983,Esch-sur-Alzette,LU,Web,P1020,Baskets running,Mode,1,119.00,0,119.00,Payée
O510306,2,2026-10-01 07:38:31,C100983,Esch-sur-Alzette,LU,Web,P1010,Aspirateur robot,Maison,1,349.00,0,349.00,Payée
O510306,3,2026-10-01 07:38:31,C100983,Esch-sur-Alzette,LU,Web,P1013,Friteuse sans huile,Maison,1,129.00,0,129.00,Payée
O510307,1,2026-10-01 07:43:42,C100903,Liège,BE,Mobile,P1011,Machine à café à grains,Maison,1,499.00,5,474.05,Payée
O510308,1,2026-10-01 07:33:41,C100449,Lille,FR,Web,P1009,Enceinte Bluetooth,Audio,1,79.00,0,79.00,Payée
O510309,1,2026-10-01 11:55:01,,Labé,GN,Web,P1010,Aspirateur robot,Maison,1,349.00,0,349.00,Créée
O510310,1,2026-10-01 16:01:53,C100813,Esch-sur-Alzette,LU,Web,P1017,Vélo d'appartement,Sport,1,399.00,0,399.00,Payée
O510310,2,2026-10-01 16:01:53,,Esch-sur-Alzette,LU,Web,P1010,Aspirateur robot,Maison,1,349.00,0,349.00,Payée
O510311,1,2026-10-01 20:59:18,C100784,Paris,FR,Magasin,P1007,Casque à réduction de bruit,Audio,1,279.00,0,279.00,Payée
O510311,2,2026-10-01 20:59:18,C100784,Paris,FR,Magasin,P1019,Sac à dos urbain,Mode,1,65.00,10,58.50,Payée
O510311,3,2026-10-01 20:59:18,C100784,Paris,FR,Magasin,P1024,Stylo plume,Bureau,3,35.00,20,84.00,Payée
O510311,4,2026-10-01 20:59:18,C100784,Paris,FR,Magasin,P1004,Souris sans fil,Informatique,1,29.00,0,29.00,Payée
O510312,1,2026-10-01 17:43:40,C100512,Lille,FR,Marketplace,P1015,Montre connectée,Sport,1,229.00,0,229.00,Expédiée
O510312,2,2026-10-01 17:43:40,C100512,Lille,FR,Marketplace,P1021,Veste imperméable,Mode,2,139.00,0,278.00,Expédiée
O510313,1,2026-10-01 19:14:59,C100155,Luxembourg,LU,Web,P1015,Montre connectée,Sport,3,229.00,20,549.60,Payée
O510314,1,2026-10-01 10:46:36,C100254,Trèves,DE,Web,P1017,Vélo d'appartement,Sport,1,399.00,0,399.00,Payée
O510315,1,2026-10-01 18:20:45,C100895,Labé,GN,Mobile,P1009,Enceinte Bluetooth,Audio,1,79.00,0,79.00,Expédiée
O510315,2,2026-10-01 18:20:45,C100895,Labé,GN,Mobile,P1017,Vélo d'appartement,Sport,1,399.00,0,399.00,Expédiée
O510316,1,2026-10-01 19:05:43,C100155,Genève,CH,Web,P1010,Aspirateur robot,Maison,1,349.00,20,279.20,Payée
O510316,2,2026-10-01 19:05:43,C100155,Genève,CH,Web,P1014,Lampe de bureau LED,Maison,1,45.00,0,45.00,Payée
O510316,3,2026-10-01 19:05:43,C100155,Genève,CH,Web,P1009,Enceinte Bluetooth,Audio,1,79.00,0,79.00,Payée
O510317,1,2026-10-01 22:08:41,C100628,Thionville,FR,Magasin,P1012,Bouilloire inox,Maison,3,39.00,10,105.30,Expédiée
O510318,1,2026-10-01 06:15:53,C100968,Thionville,FR,Web,P1007,Casque à réduction de bruit,Audio,-4,279.00,0,-1116.00,Payée
O510318,2,2026-10-01 06:15:53,C100968,Thionville,FR,Web,P1013,Friteuse sans huile,Maison,1,129.00,0,129.00,Payée
O510319,1,2026-10-01 12:54:50,C100150,Dakar,SN,Mobile,P1003,Clavier mécanique,Informatique,1,89.00,10,80.10,Expédiée
O510319,2,2026-10-01 12:54:50,C100150,Dakar,SN,Mobile,P1011,Machine à café à grains,Maison,1,499.00,0,499.00,Expédiée
O510320,1,2026-10-01 22:03:22,C100410,Liège,BE,Web,P1010,Aspirateur robot,Maison,1,349.00,0,349.00,Créée
O510321,1,2026-10-01 21:34:35,C100218,Liège,BE,Magasin,P1016,Tapis de yoga,Sport,2,25.00,10,45.00,Payée
O510322,1,2026-10-01 15:01:41,C100615,Trèves,DE,Magasin,P1004,Souris sans fil,Informatique,1,29.00,10,26.10,Payée
O510323,1,2026-10-01 20:12:03,C101050,Liège,BE,Magasin,P1017,Vélo d'appartement,Sport,1,399.00,0,399.00,Créée
O510323,2,2026-10-01 20:12:03,C101050,Liège,BE,Magasin,P1019,Sac à dos urbain,Mode,1,65.00,0,65.00,Créée
O510323,3,2026-10-01 20:12:03,C101050,Liège,BE,Magasin,P1012,Bouilloire inox,Maison,1,39.00,10,35.10,Créée
O510323,4,2026-10-01 20:12:03,C101050,Liège,BE,Magasin,P1003,Clavier mécanique,Informatique,1,89.00,15,75.65,Créée
O510324,1,2026-10-01 11:42:30,C100602,Thionville,FR,Web,P1005,Station d'accueil USB-C,Informatique,3,149.00,0,447.00,Expédiée
O510324,2,2026-10-01 11:42:30,C100602,Thionville,FR,Web,P1011,Machine à café à grains,Maison,1,499.00,0,499.00,Expédiée
O510325,1,2026-10-01 18:40:04,C100627,Labé,GN,Magasin,P1021,Veste imperméable,Mode,1,139.00,0,139.00,Expédiée
O510325,2,2026-10-01 18:40:04,C100627,Labé,GN,Magasin,P1018,Gourde isotherme,Sport,2,22.00,10,39.60,Expédiée
O510326,1,2026-10-01 07:28:19,C101146,Strasbourg,FR,Mobile,P1013,Friteuse sans huile,Maison,3,129.00,0,387.00,Payée
O510326,2,2026-10-01 07:28:19,C101146,Strasbourg,FR,Mobile,P1008,Écouteurs sans fil,Audio,1,129.00,5,122.55,Payée
O510326,3,2026-10-01 07:28:19,C101146,Strasbourg,FR,Mobile,P1022,Chaise ergonomique,Bureau,1,299.00,0,299.00,Payée
O510326,4,2026-10-01 07:28:19,C101146,Strasbourg,FR,Mobile,P1016,Tapis de yoga,Sport,1,25.00,0,25.00,Payée
O510327,1,2026-10-01 12:18:23,C100759,Genève,CH,Web,P1015,Montre connectée,Sport,2,229.00,20,366.40,Payée
O510327,2,2026-10-01 12:18:23,C100759,Genève,CH,Web,P1007,Casque à réduction de bruit,Audio,1,279.00,0,279.00,Payée
O510328,1,2026-10-01 07:00:25,C100280,Luxembourg,LU,Magasin,P1018,Gourde isotherme,Sport,2,22.00,0,44.00,Payée
O510328,2,2026-10-01 07:00:25,C100280,Luxembourg,LU,Magasin,P1007,Casque à réduction de bruit,Audio,1,279.00,0,279.00,Payée
O510328,3,2026-10-01 07:00:25,C100280,Luxembourg,LU,Magasin,P1011,Machine à café à grains,Maison,1,499.00,0,499.00,Payée
O510328,4,2026-10-01 07:00:25,C100280,Luxembourg,LU,Magasin,P1004,Souris sans fil,Informatique,3,29.00,0,87.00,Payée
O510329,1,2026-10-01 09:20:24,C101188,Labé,GN,Web,P1014,Lampe de bureau LED,Maison,2,45.00,15,76.50,Payée
O510329,2,2026-10-01 09:20:24,C101188,Labé,GN,Web,P1006,Disque SSD externe 1 To,Informatique,1,109.00,0,109.00,Payée
O510330,1,2026-10-01 06:37:26,C100074,Paris,FR,Mobile,P1003,Clavier mécanique,Informatique,1,89.00,0,89.00,Créée
O510331,1,2026-10-01 18:40:01,C100601,Lyon,FR,Web,P1007,Casque à réduction de bruit,Audio,1,279.00,10,251.10,Payée
O510331,2,2026-10-01 18:40:01,C100601,Lyon,FR,Web,P1015,Montre connectée,Sport,1,229.00,5,217.55,Payée
O510331,3,2026-10-01 18:40:01,C100601,Lyon,FR,Web,P1017,Vélo d'appartement,Sport,3,399.00,5,1137.15,Payée
O510332,1,2026-10-01 06:46:39,C100226,Conakry,GN,Web,P1010,Aspirateur robot,Maison,1,349.00,0,349.00,Payée
O510332,2,2026-10-01 06:46:39,C100226,Conakry,GN,Web,P1022,Chaise ergonomique,Bureau,2,299.00,0,598.00,Payée
O510332,3,2026-10-01 06:46:39,C100226,Conakry,GN,Web,P1014,Lampe de bureau LED,Maison,1,45.00,15,38.25,Payée
O510333,1,2026-10-01 12:20:28,C100266,Esch-sur-Alzette,LU,Web,P1014,Lampe de bureau LED,Maison,2,45.00,0,90.00,Expédiée
O510333,2,2026-10-01 12:20:28,C100266,Esch-sur-Alzette,LU,Web,P1008,Écouteurs sans fil,Audio,1,129.00,0,129.00,Expédiée
O510334,1,2026-10-01 06:13:40,C100747,Dakar,SN,Magasin,P1003,Clavier mécanique,Informatique,1,89.00,0,89.00,Payée
O510335,1,2026-10-01 13:37:20,C100301,Bruxelles,BE,Mobile,P1020,Baskets running,Mode,1,119.00,0,119.00,Payée
O510336,1,2026-10-01 18:28:34,C100723,Conakry,GN,Mobile,P1015,Montre connectée,Sport,1,229.00,0,229.00,Payée
O510337,1,2026-10-01 21:31:40,C101185,Labé,GN,Web,P1021,Veste imperméable,Mode,1,139.00,0,139.00,Payée
O510337,2,2026-10-01 21:31:40,C101185,Labé,GN,Web,P1005,Station d'accueil USB-C,Informatique,3,149.00,0,447.00,Payée
O510338,1,2026-10-01 20:57:29,C100616,Nancy,FR,Marketplace,P1007,Casque à réduction de bruit,Audio,3,279.00,0,837.00,Expédiée
O510338,2,2026-10-01 20:57:29,C100616,Nancy,FR,Marketplace,P1010,Aspirateur robot,Maison,2,349.00,0,698.00,Expédiée
O510339,1,2026-10-01 14:02:08,C101034,Lyon,FR,Web,P1012,Bouilloire inox,Maison,1,39.00,0,39.00,Payée
O510340,1,2026-10-01 23:03:51,C100538,Metz,FR,Marketplace,P1002,Écran 27 pouces 4K,Informatique,2,389.00,10,700.20,Payée
O510341,1,2026-10-01 11:19:30,C101287,Bruxelles,BE,Web,P1003,Clavier mécanique,Informatique,1,89.00,0,89.00,Expédiée
O510342,1,2026-10-01 11:49:49,C100049,Liège,BE,Web,P1003,Clavier mécanique,Informatique,1,89.00,5,84.55,Payée
O510343,1,2026-10-01 23:49:40,C101163,Nancy,FR,Magasin,P1019,Sac à dos urbain,Mode,1,65.00,0,65.00,Payée
O510344,1,2026-10-01 22:13:22,C100833,Esch-sur-Alzette,LU,Web,P1007,Casque à réduction de bruit,Audio,1,279.00,5,265.05,Expédiée
O510344,2,2026-10-01 22:13:22,C100833,Esch-sur-Alzette,LU,Web,P1024,Stylo plume,Bureau,1,35.00,20,28.00,Expédiée
O510345,1,2026-10-01 16:05:10,C101288,Paris,FR,Mobile,P1021,Veste imperméable,Mode,1,139.00,0,139.00,Payée
O510345,2,2026-10-01 16:05:10,C101288,Paris,FR,Mobile,P1015,Montre connectée,Sport,1,229.00,10,206.10,Payée
O510345,3,2026-10-01 16:05:10,C101288,Paris,FR,Mobile,P1006,Disque SSD externe 1 To,Informatique,1,109.00,0,109.00,Payée
O510346,1,2026-10-01 12:02:54,C100623,Luxembourg,LU,Marketplace,P1021,Veste imperméable,Mode,1,139.00,0,139.00,Payée
O510347,1,2026-10-01 07:05:43,C100573,Trèves,DE,Web,P1016,Tapis de yoga,Sport,2,25.00,5,47.50,Payée
O510347,2,2026-10-01 07:05:43,C100573,Trèves,DE,Web,P1015,Montre connectée,Sport,1,229.00,0,229.00,Payée
O510348,1,2026-10-01 10:55:24,C100966,Lyon,FR,Mobile,P1022,Chaise ergonomique,Bureau,3,299.00,0,897.00,Expédiée
O510348,2,2026-10-01 10:55:24,C100966,Lyon,FR,Mobile,P1019,Sac à dos urbain,Mode,2,65.00,0,130.00,Expédiée
O510349,1,2026-10-01 18:03:49,C101107,Luxembourg,LU,Web,P1016,Tapis de yoga,Sport,3,25.00,0,75.00,Payée
O510349,2,2026-10-01 18:03:49,C101107,Luxembourg,LU,Web,P1006,Disque SSD externe 1 To,Informatique,2,109.00,0,218.00,Payée
O510350,1,2026-10-01 12:43:01,C100717,Luxembourg,LU,Web,P1023,Bureau assis-debout,Bureau,2,449.00,0,898.00,Payée
O510351,1,2026-10-01 22:41:43,C100095,Lyon,FR,Magasin,P1016,Tapis de yoga,Sport,1,25.00,10,22.50,Payée
O510352,1,2026-10-01 12:57:12,C100704,Trèves,DE,Magasin,P1010,Aspirateur robot,Maison,2,349.00,0,698.00,Payée
O510352,2,2026-10-01 12:57:12,C100704,Trèves,DE,Magasin,P1015,Montre connectée,Sport,1,229.00,0,229.00,Payée
O510353,1,2026-10-01 14:06:03,C101059,Labé,GN,Magasin,P1005,Station d'accueil USB-C,Informatique,2,149.00,5,283.10,Payée
O510354,1,2026-10-01 21:24:00,C101197,Lille,FR,Magasin,P1011,Machine à café à grains,Maison,1,499.00,0,499.00,Payée
O510354,2,2026-10-01 21:24:00,C101197,Lille,FR,Magasin,P1004,Souris sans fil,Informatique,2,29.00,0,58.00,Payée
O510354,3,2026-10-01 21:24:00,C101197,Lille,FR,Magasin,P1015,Montre connectée,Sport,1,229.00,0,229.00,Payée
O510354,4,2026-10-01 21:24:00,C101197,Lille,FR,Magasin,P1016,Tapis de yoga,Sport,1,25.00,0,25.00,Payée
O510355,1,2026-10-01 16:09:23,C100183,Thionville,FR,Mobile,P1003,Clavier mécanique,Informatique,1,89.00,0,89.00,Payée
O510355,2,2026-10-01 16:09:23,C100183,Thionville,FR,Mobile,P1023,Bureau assis-debout,Bureau,1,449.00,0,449.00,Payée
O510356,1,2026-10-01 09:54:14,C100083,Sarrebruck,DE,Magasin,P1018,Gourde isotherme,Sport,1,22.00,0,22.00,Expédiée
O510357,1,2026-10-01 08:05:35,C100098,Nancy,FR,Mobile,P1024,Stylo plume,Bureau,1,35.00,10,31.50,Expédiée
O510358,1,2026-10-01 07:26:16,C100382,Conakry,GN,Magasin,P1001,Ordinateur portable 14 pouces,Informatique,2,749.00,0,1498.00,Payée
O510359,1,2026-10-01 14:39:56,C100098,Dakar,SN,Magasin,P1001,Ordinateur portable 14 pouces,Informatique,1,749.00,0,749.00,Expédiée
O510359,2,2026-10-01 14:39:56,C100098,Dakar,SN,Magasin,P1016,Tapis de yoga,Sport,1,25.00,0,25.00,Expédiée
O510359,3,2026-10-01 14:39:56,C100098,Dakar,SN,Magasin,P1009,Enceinte Bluetooth,Audio,1,79.00,0,79.00,Expédiée
O510360,1,2026-10-01 14:55:53,C100429,Luxembourg,LU,Web,P1013,Friteuse sans huile,Maison,3,129.00,0,387.00,Payée
O510361,1,2026-10-01 11:08:13,C100729,Labé,GN,Mobile,P1017,Vélo d'appartement,Sport,2,399.00,0,798.00,Payée
O510362,1,2026-10-01 17:35:55,C100783,Labé,GN,Mobile,P1015,Montre connectée,Sport,1,229.00,5,217.55,Créée
O510363,1,2026-10-01 06:49:22,C100097,Lille,FR,Web,P1015,Montre connectée,Sport,1,229.00,0,229.00,Créée
O510363,2,2026-10-01 06:49:22,C100097,Lille,FR,Web,P1014,Lampe de bureau LED,Maison,3,45.00,10,121.50,Créée
O510363,3,2026-10-01 06:49:22,C100097,Lille,FR,Web,P1022,Chaise ergonomique,Bureau,3,299.00,0,897.00,Créée
O510364,1,2026-10-01 11:55:03,C100907,Lyon,FR,Web,P1010,Aspirateur robot,Maison,1,349.00,5,331.55,Expédiée
O510364,2,2026-10-01 11:55:03,C100907,Lyon,FR,Web,P1007,Casque à réduction de bruit,Audio,1,279.00,0,279.00,Expédiée
O510364,3,2026-10-01 11:55:03,C100907,Lyon,FR,Web,P1024,Stylo plume,Bureau,1,35.00,0,35.00,Expédiée
O510365,1,2026-10-01 11:40:04,C100994,Lyon,FR,Mobile,P1014,Lampe de bureau LED,Maison,2,45.00,0,90.00,Payée
O510366,1,2026-10-01 16:55:40,C101008,Paris,FR,Web,P1014,Lampe de bureau LED,Maison,3,45.00,0,135.00,Expédiée
O510367,1,2026-10-01 15:29:34,C100642,Lille,FR,Web,P1016,Tapis de yoga,Sport,1,25.00,20,20.00,Payée
O510367,2,2026-10-01 15:29:34,C100642,Lille,FR,Web,P1005,Station d'accueil USB-C,Informatique,1,149.00,0,149.00,Payée
O510367,3,2026-10-01 15:29:34,C100642,Lille,FR,Web,P1002,Écran 27 pouces 4K,Informatique,1,389.00,0,389.00,Payée
O510367,4,2026-10-01 15:29:34,C100642,Lille,FR,Web,P1019,Sac à dos urbain,Mode,1,65.00,0,65.00,Payée
O510368,1,2026-10-01 15:08:03,C100483,Dakar,SN,Magasin,P1001,Ordinateur portable 14 pouces,Informatique,1,749.00,10,674.10,Payée
O510369,1,2026-10-01 18:01:30,C100294,Sarrebruck,DE,Web,P1012,Bouilloire inox,Maison,1,39.00,0,39.00,Payée
O510370,1,2026-10-01 15:43:49,C100016,Dakar,SN,Mobile,P1004,Souris sans fil,Informatique,1,29.00,0,29.00,Expédiée
O510371,1,2026-10-01 23:13:31,C100488,Liège,BE,Magasin,P1008,Écouteurs sans fil,Audio,2,129.00,0,258.00,Payée
O510371,2,2026-10-01 23:13:31,C100488,Liège,BE,Magasin,P1004,Souris sans fil,Informatique,1,29.00,15,24.65,Payée
O510372,1,2026-10-01 15:03:00,C100562,Paris,FR,Web,P1014,Lampe de bureau LED,Maison,1,45.00,0,45.00,Expédiée
O510373,1,2026-10-01 19:48:45,C100755,Nancy,FR,Mobile,P1013,Friteuse sans huile,Maison,1,129.00,0,129.00,Payée
O510374,1,2026-10-01 14:38:32,C101000,Trèves,DE,Magasin,P1004,Souris sans fil,Informatique,1,29.00,0,29.00,Payée
O510374,2,2026-10-01 14:38:32,C101000,Trèves,DE,Magasin,P1012,Bouilloire inox,Maison,1,39.00,10,35.10,Payée
O510375,1,2026-10-01 13:24:54,C100673,Luxembourg,LU,Web,P1020,Baskets running,Mode,1,119.00,0,119.00,Créée
O510375,2,2026-10-01 13:24:54,C100673,Luxembourg,LU,Web,P1012,Bouilloire inox,Maison,3,39.00,0,117.00,Créée
O510376,1,2026-10-01 22:40:15,C100262,Dakar,SN,Web,P1006,Disque SSD externe 1 To,Informatique,1,109.00,0,109.00,Payée
O510377,1,2026-10-01 10:51:06,C100929,Thionville,FR,Marketplace,P1003,Clavier mécanique,Informatique,1,89.00,5,84.55,Payée
O510378,1,2026-10-01 12:50:07,C100016,Conakry,GN,Marketplace,P1012,Bouilloire inox,Maison,1,39.00,0,39.00,Payée
O510378,2,2026-10-01 12:50:07,C100016,Conakry,GN,Marketplace,P1010,Aspirateur robot,Maison,2,349.00,0,698.00,Payée
O510378,3,2026-10-01 12:50:07,C100016,Conakry,GN,Marketplace,P1006,Disque SSD externe 1 To,Informatique,3,109.00,0,327.00,Payée
O510379,1,2026-10-01 12:53:50,C100978,Nancy,FR,Mobile,P1009,Enceinte Bluetooth,Audio,1,79.00,15,67.15,Payée
O510379,2,2026-10-01 12:53:50,C100978,Nancy,FR,Mobile,P1002,Écran 27 pouces 4K,Informatique,1,389.00,0,389.00,Payée
O510379,3,2026-10-01 12:53:50,C100978,Nancy,FR,Mobile,P1004,Souris sans fil,Informatique,1,29.00,0,29.00,Payée
O510379,4,2026-10-01 12:53:50,C100978,Nancy,FR,Mobile,P1018,Gourde isotherme,Sport,1,22.00,15,18.70,Payée
O510380,1,2026-10-01 09:16:01,C100465,Dakar,SN,Marketplace,P1014,Lampe de bureau LED,Maison,1,45.00,0,45.00,Expédiée
O510380,2,2026-10-01 09:16:01,C100465,Dakar,SN,Marketplace,P1015,Montre connectée,Sport,1,229.00,0,229.00,Expédiée
O510380,3,2026-10-01 09:16:01,C100465,Dakar,SN,Marketplace,P1008,Écouteurs sans fil,Audio,2,129.00,0,258.00,Expédiée
O510380,4,2026-10-01 09:16:01,C100465,Dakar,SN,Marketplace,P1010,Aspirateur robot,Maison,1,349.00,0,349.00,Expédiée
O510381,1,2026-10-01 23:36:35,C100663,Genève,CH,Web,P1012,Bouilloire inox,Maison,1,39.00,0,39.00,Expédiée
O510382,1,2026-10-01 20:09:50,C100247,Liège,BE,Web,P1018,Gourde isotherme,Sport,3,22.00,10,59.40,Expédiée
O510383,1,2026-10-01 23:27:06,C100072,Lyon,FR,Web,P1001,Ordinateur portable 14 pouces,Informatique,3,749.00,0,2247.00,Créée
O510384,1,2026-10-01 13:51:35,C100803,Esch-sur-Alzette,LU,Marketplace,P1014,Lampe de bureau LED,Maison,1,45.00,15,38.25,Payée
O510385,1,2026-10-01 19:30:21,C100058,Trèves,DE,Web,P1009,Enceinte Bluetooth,Audio,2,79.00,0,158.00,Créée
O510385,2,2026-10-01 19:30:21,C100058,Trèves,DE,Web,P1021,Veste imperméable,Mode,1,139.00,5,132.05,Créée
O510385,3,2026-10-01 19:30:21,C100058,Trèves,DE,Web,P1003,Clavier mécanique,Informatique,2,89.00,5,169.10,Créée
O510386,1,2026-10-01 20:11:39,C100517,Labé,GN,Marketplace,P1024,Stylo plume,Bureau,2,35.00,0,70.00,Créée
O510387,1,2026-10-01 21:26:27,C100780,Conakry,GN,Magasin,P1012,Bouilloire inox,Maison,1,39.00,5,37.05,Expédiée
O510388,1,2026-10-01 12:14:13,C100095,Lille,FR,Web,P1022,Chaise ergonomique,Bureau,1,299.00,15,254.15,Payée
O510388,2,2026-10-01 12:14:13,C100095,Lille,FR,Web,P1004,Souris sans fil,Informatique,3,29.00,0,87.00,Payée
O510388,3,2026-10-01 12:14:13,C100095,Lille,FR,Web,P1024,Stylo plume,Bureau,1,35.00,5,33.25,Payée
O510389,1,2026-10-01 15:37:26,C100748,Genève,CH,Web,P1005,Station d'accueil USB-C,Informatique,1,149.00,0,149.00,Payée
O510390,1,2026-10-01 21:49:20,C100072,Paris,FR,Mobile,P1011,Machine à café à grains,Maison,1,499.00,5,474.05,Payée
O510391,1,2026-10-01 16:31:38,C100724,Metz,FR,Web,P1007,Casque à réduction de bruit,Audio,2,279.00,0,558.00,Payée
O510391,2,2026-10-01 16:31:38,C100724,Metz,FR,Web,P1002,Écran 27 pouces 4K,Informatique,3,389.00,0,1167.00,Payée
O510391,3,2026-10-01 16:31:38,C100724,Metz,FR,Web,P1008,Écouteurs sans fil,Audio,1,129.00,0,129.00,Payée
O510391,4,2026-10-01 16:31:38,C100724,Metz,FR,Web,P1001,Ordinateur portable 14 pouces,Informatique,2,749.00,0,1498.00,Payée
O510392,1,2026-10-01 16:52:27,C101024,Luxembourg,LU,Mobile,P1004,Souris sans fil,Informatique,1,29.00,0,29.00,Créée
O510392,2,2026-10-01 16:52:27,C101024,Luxembourg,LU,Mobile,P1005,Station d'accueil USB-C,Informatique,1,149.00,10,134.10,Créée
O510393,1,2026-10-01 12:26:11,C100788,Esch-sur-Alzette,LU,Web,P1004,Souris sans fil,Informatique,4,29.00,0,116.00,Créée
O510394,1,2026-10-01 13:08:30,C101247,Strasbourg,FR,Web,P1007,Casque à réduction de bruit,Audio,2,279.00,0,558.00,Créée
O510394,2,2026-10-01 13:08:30,C101247,Strasbourg,FR,Web,P1016,Tapis de yoga,Sport,2,25.00,0,50.00,Créée
O510395,1,2026-10-01 14:45:11,C100573,Metz,FR,Mobile,P1003,Clavier mécanique,Informatique,1,89.00,0,89.00,Payée
O510395,2,2026-10-01 14:45:11,C100573,Metz,FR,Mobile,P1004,Souris sans fil,Informatique,2,29.00,0,58.00,Payée
O510396,1,2026-10-01 06:39:38,C100628,Paris,FR,Web,P1013,Friteuse sans huile,Maison,1,129.00,0,129.00,Expédiée
O510397,1,2026-10-01 21:33:40,C100932,Strasbourg,FR,Web,P1021,Veste imperméable,Mode,1,139.00,0,139.00,Payée
O510398,1,2026-10-01 11:30:54,C100656,Labé,GN,Mobile,P1021,Veste imperméable,Mode,1,139.00,10,125.10,Expédiée
O510398,2,2026-10-01 11:30:54,C100656,Labé,GN,Mobile,P1019,Sac à dos urbain,Mode,2,65.00,0,130.00,Expédiée
O510399,1,2026-10-01 18:07:56,C100605,Lille,FR,Marketplace,P1003,Clavier mécanique,Informatique,1,89.00,0,89.00,Créée
O510399,2,2026-10-01 18:07:56,C100605,Lille,FR,Marketplace,P1012,Bouilloire inox,Maison,1,39.00,0,39.00,Créée
O510399,3,2026-10-01 18:07:56,C100605,Lille,FR,Marketplace,P1002,Écran 27 pouces 4K,Informatique,1,389.00,5,369.55,Créée
O510399,4,2026-10-01 18:07:56,C100605,Lille,FR,Marketplace,P1017,Vélo d'appartement,Sport,2,399.00,0,798.00,Créée
O510400,1,2026-10-01 17:46:50,C100234,Lyon,FR,Marketplace,P1021,Veste imperméable,Mode,2,139.00,0,278.00,Payée
O510400,2,2026-10-01 17:46:50,C100234,Lyon,FR,Marketplace,P1008,Écouteurs sans fil,Audio,2,129.00,0,258.00,Payée
O510401,1,2026-10-01 15:55:25,C100503,Bruxelles,BE,Mobile,P1022,Chaise ergonomique,Bureau,1,299.00,0,299.00,Créée
O510402,1,2026-10-01 13:08:30,C100331,Sarrebruck,DE,Marketplace,P1023,Bureau assis-debout,Bureau,2,449.00,5,853.10,Expédiée
O510402,2,2026-10-01 13:08:30,C100331,Sarrebruck,DE,Marketplace,P1024,Stylo plume,Bureau,1,35.00,0,35.00,Expédiée
O510403,1,2026-10-01 17:45:47,C100558,Genève,CH,Magasin,P1011,Machine à café à grains,Maison,1,499.00,0,499.00,Payée
O510403,2,2026-10-01 17:45:47,C100558,Genève,CH,Magasin,P1012,Bouilloire inox,Maison,1,39.00,0,39.00,Payée
O510404,1,2026-10-01 20:46:57,C100673,Liège,BE,Web,P1005,Station d'accueil USB-C,Informatique,2,149.00,0,298.00,Créée
O510405,1,2026-10-01 10:13:50,C100337,Thionville,FR,Web,P1024,Stylo plume,Bureau,1,35.00,0,35.00,Expédiée
O510405,2,2026-10-01 10:13:50,C100337,Thionville,FR,Web,P1012,Bouilloire inox,Maison,2,39.00,0,78.00,Expédiée
O510405,3,2026-10-01 10:13:50,C100337,Thionville,FR,Web,P1008,Écouteurs sans fil,Audio,1,129.00,0,129.00,Expédiée
O510406,1,2026-10-01 17:26:39,C100232,Genève,CH,Web,P1021,Veste imperméable,Mode,1,139.00,15,118.15,Payée
O510406,2,2026-10-01 17:26:39,C100232,Genève,CH,Web,P1019,Sac à dos urbain,Mode,2,65.00,5,123.50,Payée
O510407,1,2026-10-01 13:29:09,C101172,Esch-sur-Alzette,LU,Magasin,P1010,Aspirateur robot,Maison,1,349.00,0,349.00,Payée
O510408,1,2026-10-01 11:17:55,C100030,Sarrebruck,DE,Web,P1003,Clavier mécanique,Informatique,1,89.00,5,84.55,Payée
O510408,2,2026-10-01 11:17:55,C100030,Sarrebruck,DE,Web,P1014,Lampe de bureau LED,Maison,1,45.00,5,42.75,Payée
O510408,3,2026-10-01 11:17:55,C100030,Sarrebruck,DE,Web,P1021,Veste imperméable,Mode,1,139.00,0,139.00,Payée
O510409,1,2026-10-01 11:47:41,C100804,Liège,BE,Web,P1011,Machine à café à grains,Maison,1,499.00,0,499.00,Payée
O510409,2,2026-10-01 11:47:41,C100804,Liège,BE,Web,P1009,Enceinte Bluetooth,Audio,1,79.00,0,79.00,Payée
O510410,1,2026-10-01 21:56:03,C100444,Liège,BE,Web,P1011,Machine à café à grains,Maison,1,499.00,0,499.00,Payée
O510411,1,2026-10-01 10:05:41,C100433,Paris,FR,Web,P1002,Écran 27 pouces 4K,Informatique,1,389.00,0,389.00,Expédiée
O510412,1,2026-10-01 12:24:27,C100369,Labé,GN,Web,P1009,Enceinte Bluetooth,Audio,1,79.00,0,79.00,Expédiée
O510412,2,2026-10-01 12:24:27,C100369,Labé,GN,Web,P1007,Casque à réduction de bruit,Audio,2,279.00,0,558.00,Expédiée
O510413,1,2026-10-01 23:41:10,C100770,Nancy,FR,Mobile,P1023,Bureau assis-debout,Bureau,2,449.00,5,853.10,Expédiée
O510414,1,2026-10-01 08:08:22,C100877,Sarrebruck,DE,Web,P1001,Ordinateur portable 14 pouces,Informatique,1,749.00,0,749.00,Expédiée
O510414,2,2026-10-01 08:08:22,C100877,Sarrebruck,DE,Web,P1012,Bouilloire inox,Maison,1,39.00,0,39.00,Expédiée
O510415,1,2026-10-01 21:26:52,C100593,Strasbourg,FR,Marketplace,P1011,Machine à café à grains,Maison,1,499.00,0,499.00,Payée
O510416,1,2026-10-01 09:48:25,C100316,Lille,FR,Web,P1019,Sac à dos urbain,Mode,1,65.00,0,65.00,Créée
O510416,2,2026-10-01 09:48:25,C100316,Lille,FR,Web,P1005,Station d'accueil USB-C,Informatique,2,149.00,0,298.00,Créée
O510417,1,2026-10-01 08:52:46,C100216,Nancy,FR,Web,P1015,Montre connectée,Sport,2,229.00,0,458.00,Créée
O510417,2,2026-10-01 08:52:46,C100216,Nancy,FR,Web,P1023,Bureau assis-debout,Bureau,1,449.00,10,404.10,Créée
O510417,3,2026-10-01 08:52:46,C100216,Nancy,FR,Web,P1020,Baskets running,Mode,4,119.00,0,476.00,Créée
O510417,4,2026-10-01 08:52:46,C100216,Nancy,FR,Web,P1019,Sac à dos urbain,Mode,3,65.00,0,195.00,Créée
O510418,1,2026-10-01 21:12:50,C100072,Labé,GN,Web,P1004,Souris sans fil,Informatique,2,29.00,0,58.00,Payée
O510418,2,2026-10-01 21:12:50,C100072,Labé,GN,Web,P1022,Chaise ergonomique,Bureau,1,299.00,0,299.00,Payée
O510418,3,2026-10-01 21:12:50,C100072,Labé,GN,Web,P1003,Clavier mécanique,Informatique,1,89.00,5,84.55,Payée
O510419,1,2026-10-01 22:52:50,C100344,Luxembourg,LU,Mobile,P1001,Ordinateur portable 14 pouces,Informatique,1,749.00,0,749.00,Payée
O510420,1,2026-10-01 13:46:29,C100198,Conakry,GN,Web,P1021,Veste imperméable,Mode,2,139.00,0,278.00,Payée
O510421,1,2026-10-01 16:34:18,C100655,Nancy,FR,Mobile,P1003,Clavier mécanique,Informatique,1,89.00,5,84.55,Payée
O510422,1,2026-10-01 17:45:46,C101004,Paris,FR,Magasin,P1012,Bouilloire inox,Maison,1,39.00,0,39.00,Payée
O510423,1,2026-10-01 07:09:43,C100484,Lille,FR,Mobile,P1020,Baskets running,Mode,2,119.00,10,214.20,Payée
O510424,1,2026-10-01 15:42:20,C101276,Thionville,FR,Web,P1004,Souris sans fil,Informatique,1,29.00,15,24.65,Payée
O510425,1,2026-10-01 21:28:08,C100787,Lille,FR,Mobile,P1016,Tapis de yoga,Sport,1,25.00,5,23.75,Payée
O510426,1,2026-10-01 09:17:18,C101206,Trèves,DE,Web,P1018,Gourde isotherme,Sport,3,22.00,5,62.70,Expédiée
O510426,2,2026-10-01 09:17:18,C101206,Trèves,DE,Web,P1004,Souris sans fil,Informatique,2,29.00,15,49.30,Expédiée
O510426,3,2026-10-01 09:17:18,C101206,Trèves,DE,Web,P1015,Montre connectée,Sport,1,229.00,0,229.00,Expédiée
O510426,4,2026-10-01 09:17:18,C101206,Trèves,DE,Web,P1012,Bouilloire inox,Maison,2,39.00,0,78.00,Expédiée
O510427,1,2026-10-01 15:48:00,C100030,Luxembourg,LU,Web,P1012,Bouilloire inox,Maison,1,39.00,0,39.00,Payée
O510428,1,2026-10-01 21:37:39,C100767,Lille,FR,Mobile,P1009,Enceinte Bluetooth,Audio,1,79.00,10,71.10,Créée
O510429,1,2026-10-01 06:07:20,C101157,Sarrebruck,DE,Marketplace,P1020,Baskets running,Mode,3,119.00,0,357.00,Payée
O510429,2,2026-10-01 06:07:20,C101157,Sarrebruck,DE,Marketplace,P1004,Souris sans fil,Informatique,2,29.00,5,55.10,Payée
O510430,1,2026-10-01 07:05:59,C100735,Conakry,GN,Mobile,P1023,Bureau assis-debout,Bureau,1,449.00,0,449.00,Créée
O510430,2,2026-10-01 07:05:59,C100735,Conakry,GN,Mobile,P1009,Enceinte Bluetooth,Audio,1,79.00,10,71.10,Créée
O510430,3,2026-10-01 07:05:59,C100735,Conakry,GN,Mobile,P1007,Casque à réduction de bruit,Audio,1,279.00,5,265.05,Créée
O510430,4,2026-10-01 07:05:59,C100735,Conakry,GN,Mobile,P1020,Baskets running,Mode,4,119.00,0,476.00,Créée
O510431,1,2026-10-01 20:21:36,C101024,Esch-sur-Alzette,LU,Marketplace,P1015,Montre connectée,Sport,2,229.00,0,458.00,Payée
O510431,2,2026-10-01 20:21:36,C101024,Esch-sur-Alzette,LU,Marketplace,P1008,Écouteurs sans fil,Audio,2,129.00,10,232.20,Payée
O510432,1,2026-10-01 19:23:32,C100871,Lyon,FR,Web,P1017,Vélo d'appartement,Sport,3,399.00,0,1197.00,Payée
O510433,1,2026-10-01 06:16:06,C100034,Thionville,FR,Mobile,P1023,Bureau assis-debout,Bureau,1,449.00,5,426.55,Expédiée
O510433,2,2026-10-01 06:16:06,C100034,Thionville,FR,Mobile,P1005,Station d'accueil USB-C,Informatique,1,149.00,10,134.10,Expédiée
O510434,1,2026-10-01 15:04:37,C100851,Sarrebruck,DE,Web,P1017,Vélo d'appartement,Sport,3,399.00,10,1077.30,Payée
O510434,2,2026-10-01 15:04:37,C100851,Sarrebruck,DE,Web,P1002,Écran 27 pouces 4K,Informatique,1,389.00,10,350.10,Payée
O510435,1,2026-10-01 19:31:35,C100749,Metz,FR,Mobile,P1010,Aspirateur robot,Maison,1,349.00,0,349.00,Payée
O510436,1,2026-10-01 20:46:05,C100331,Metz,FR,Marketplace,P1014,Lampe de bureau LED,Maison,2,45.00,0,90.00,Payée
O510436,2,2026-10-01 20:46:05,C100331,Metz,FR,Marketplace,P1005,Station d'accueil USB-C,Informatique,1,149.00,5,141.55,Payée
O510437,1,2026-10-01 08:40:10,C100852,Luxembourg,LU,Web,P1011,Machine à café à grains,Maison,1,499.00,0,499.00,Payée
O510438,1,2026-10-01 17:24:38,C101031,Liège,BE,Marketplace,P1016,Tapis de yoga,Sport,1,25.00,0,25.00,Payée
O510438,2,2026-10-01 17:24:38,C101031,Liège,BE,Marketplace,P1003,Clavier mécanique,Informatique,1,89.00,0,89.00,Payée
O510439,1,2026-10-01 21:53:16,C101205,Metz,FR,Mobile,P1003,Clavier mécanique,Informatique,2,89.00,5,169.10,Payée
O510439,2,2026-10-01 21:53:16,C101205,Metz,FR,Mobile,P1019,Sac à dos urbain,Mode,1,65.00,0,65.00,Payée
O510439,3,2026-10-01 21:53:16,C101205,Metz,FR,Mobile,P1021,Veste imperméable,Mode,2,139.00,0,278.00,Payée
O510440,1,2026-10-01 18:58:37,C100442,Paris,FR,Web,P1020,Baskets running,Mode,2,119.00,0,238.00,Payée
O510440,2,2026-10-01 18:58:37,C100442,Paris,FR,Web,P1012,Bouilloire inox,Maison,1,39.00,0,39.00,Payée
O510441,1,2026-10-01 12:55:00,C100231,Labé,GN,Mobile,P1024,Stylo plume,Bureau,1,35.00,10,31.50,Expédiée
O510442,1,2026-10-01 15:56:52,C100789,Liège,BE,Web,P1013,Friteuse sans huile,Maison,1,129.00,10,116.10,Payée
O510443,1,2026-10-01 13:37:47,C100263,Dakar,SN,Marketplace,P1007,Casque à réduction de bruit,Audio,1,279.00,5,265.05,Payée
O510444,1,2026-10-01 21:42:59,C100563,Sarrebruck,DE,Magasin,P1006,Disque SSD externe 1 To,Informatique,2,109.00,0,218.00,Créée
O510445,1,2026-10-01 22:25:17,C100794,Lille,FR,Web,P1022,Chaise ergonomique,Bureau,1,299.00,0,299.00,Payée
O510445,2,2026-10-01 22:25:17,C100794,Lille,FR,Web,P1013,Friteuse sans huile,Maison,1,129.00,10,116.10,Payée
O510446,1,2026-10-01 08:32:25,C100685,Nancy,FR,Web,P1018,Gourde isotherme,Sport,2,22.00,0,44.00,Payée
O510447,1,2026-10-01 07:32:45,C100488,Liège,BE,Mobile,P1017,Vélo d'appartement,Sport,1,399.00,0,399.00,Payée
O510447,2,2026-10-01 07:32:45,C100488,Liège,BE,Mobile,P1021,Veste imperméable,Mode,4,139.00,0,556.00,Payée
O510448,1,2026-10-01 22:31:07,C101288,Nancy,FR,Marketplace,P1003,Clavier mécanique,Informatique,1,89.00,0,89.00,Payée
O510449,1,2026-10-01 19:03:22,C100218,Metz,FR,Mobile,P1020,Baskets running,Mode,1,119.00,0,119.00,Payée
O510450,1,2026-10-01 12:37:30,C101275,Dakar,SN,Mobile,P1013,Friteuse sans huile,Maison,1,129.00,0,129.00,Payée
O510451,1,2026-10-01 06:54:46,C101074,Labé,GN,Mobile,P1015,Montre connectée,Sport,1,229.00,0,229.00,Payée
O510452,1,2026-10-01 13:21:24,C100557,Conakry,GN,Web,P1001,Ordinateur portable 14 pouces,Informatique,1,749.00,0,749.00,Payée
O510453,1,2026-10-01 12:16:51,C100258,Paris,FR,Magasin,P1020,Baskets running,Mode,1,119.00,0,119.00,Payée
O510453,2,2026-10-01 12:16:51,C100258,Paris,FR,Magasin,P1007,Casque à réduction de bruit,Audio,1,279.00,0,279.00,Payée
O510453,3,2026-10-01 12:16:51,C100258,Paris,FR,Magasin,P1024,Stylo plume,Bureau,1,35.00,0,35.00,Payée
O510454,1,2026-10-01 14:02:15,C100549,Trèves,DE,Marketplace,P1014,Lampe de bureau LED,Maison,2,45.00,0,90.00,Payée
O510455,1,2026-10-01 22:30:55,C100565,Metz,FR,Web,P1022,Chaise ergonomique,Bureau,2,299.00,0,598.00,Expédiée
O510456,1,2026-10-01 13:28:33,C100030,Paris,FR,Web,P1001,Ordinateur portable 14 pouces,Informatique,2,749.00,5,1423.10,Expédiée
O510457,1,2026-10-01 11:52:49,C100982,Sarrebruck,DE,Mobile,P1002,Écran 27 pouces 4K,Informatique,2,389.00,5,739.10,Payée
O510457,2,2026-10-01 11:52:49,C100982,Sarrebruck,DE,Mobile,P1014,Lampe de bureau LED,Maison,1,45.00,0,45.00,Payée
O510458,1,2026-10-01 10:29:25,C100370,Nancy,FR,Web,P1022,Chaise ergonomique,Bureau,1,299.00,0,299.00,Payée
O510458,2,2026-10-01 10:29:25,C100370,Nancy,FR,Web,P1003,Clavier mécanique,Informatique,1,89.00,0,89.00,Payée
O510459,1,2026-10-01 10:58:40,C100205,Dakar,SN,Web,P1005,Station d'accueil USB-C,Informatique,1,149.00,0,149.00,Payée
O510459,2,2026-10-01 10:58:40,C100205,Dakar,SN,Web,P1015,Montre connectée,Sport,2,229.00,0,458.00,Payée
O510459,3,2026-10-01 10:58:40,C100205,Dakar,SN,Web,P1010,Aspirateur robot,Maison,2,349.00,0,698.00,Payée
O510459,4,2026-10-01 10:58:40,C100205,Dakar,SN,Web,P1008,Écouteurs sans fil,Audio,2,129.00,0,258.00,Payée
O510460,1,2026-10-01 07:12:19,C100358,Liège,BE,Web,P1022,Chaise ergonomique,Bureau,1,299.00,10,269.10,Payée
O510461,1,2026-10-01 12:59:35,C100988,Labé,GN,Magasin,P1014,Lampe de bureau LED,Maison,1,45.00,0,45.00,Créée
O510461,2,2026-10-01 12:59:35,C100988,Labé,GN,Magasin,P1024,Stylo plume,Bureau,1,35.00,10,31.50,Créée
O510462,1,2026-10-01 23:58:46,C100476,Lyon,FR,Web,P1004,Souris sans fil,Informatique,1,29.00,0,29.00,Expédiée
O510463,1,2026-10-01 19:56:04,C100132,Liège,BE,Web,P1024,Stylo plume,Bureau,3,35.00,0,105.00,Expédiée
O510463,2,2026-10-01 19:56:04,C100132,Liège,BE,Web,P1007,Casque à réduction de bruit,Audio,1,279.00,0,279.00,Expédiée
O510463,3,2026-10-01 19:56:04,C100132,Liège,BE,Web,P1015,Montre connectée,Sport,1,229.00,0,229.00,Expédiée
O510463,4,2026-10-01 19:56:04,C100132,Liège,BE,Web,P1010,Aspirateur robot,Maison,2,349.00,0,698.00,Expédiée
O510464,1,2026-10-01 15:51:24,C100370,Trèves,DE,Magasin,P1013,Friteuse sans huile,Maison,1,129.00,0,129.00,Créée
O510465,1,2026-10-01 10:53:45,C100790,Nancy,FR,Mobile,P1016,Tapis de yoga,Sport,1,25.00,5,23.75,Payée
O510466,1,2026-10-01 15:33:24,C100457,Sarrebruck,DE,Web,P1019,Sac à dos urbain,Mode,2,65.00,20,104.00,Créée
O510467,1,2026-10-01 17:29:10,C100104,Paris,FR,Mobile,P1015,Montre connectée,Sport,2,229.00,0,458.00,Payée
O510467,2,2026-10-01 17:29:10,C100104,Paris,FR,Mobile,P1023,Bureau assis-debout,Bureau,2,449.00,5,853.10,Payée
O510468,1,2026-10-01 06:36:40,C100613,Dakar,SN,Web,P1002,Écran 27 pouces 4K,Informatique,4,389.00,0,1556.00,Payée
O510468,2,2026-10-01 06:36:40,C100613,Dakar,SN,Web,P1020,Baskets running,Mode,1,119.00,5,113.05,Payée
O510468,3,2026-10-01 06:36:40,C100613,Dakar,SN,Web,P1014,Lampe de bureau LED,Maison,1,45.00,0,45.00,Payée
O510469,1,2026-10-01 16:46:53,C100677,Bruxelles,BE,Web,P1011,Machine à café à grains,Maison,1,499.00,0,499.00,Payée
O510470,1,2026-10-01 09:40:17,C100301,Metz,FR,Web,P1012,Bouilloire inox,Maison,1,39.00,20,31.20,Payée
O510470,2,2026-10-01 09:40:17,C100301,Metz,FR,Web,P1006,Disque SSD externe 1 To,Informatique,1,109.00,0,109.00,Payée
O510471,1,2026-10-01 09:51:28,C100802,Paris,FR,Web,P1010,Aspirateur robot,Maison,2,349.00,0,698.00,Créée
O510472,1,2026-10-01 06:16:56,C100921,Lille,FR,Magasin,P1004,Souris sans fil,Informatique,2,29.00,0,58.00,Payée
O510473,1,2026-10-01 09:01:44,C100513,Dakar,SN,Mobile,P1022,Chaise ergonomique,Bureau,1,299.00,0,299.00,Payée
O510473,2,2026-10-01 09:01:44,C100513,Dakar,SN,Mobile,P1001,Ordinateur portable 14 pouces,Informatique,2,749.00,15,1273.30,Payée
O510473,3,2026-10-01 09:01:44,C100513,Dakar,SN,Mobile,P1006,Disque SSD externe 1 To,Informatique,2,109.00,10,196.20,Payée
O510474,1,2026-10-01 09:24:51,C100204,Trèves,DE,Web,P1004,Souris sans fil,Informatique,2,29.00,0,58.00,Expédiée
O510474,2,2026-10-01 09:24:51,C100204,Trèves,DE,Web,P1015,Montre connectée,Sport,1,229.00,10,206.10,Expédiée
O510475,1,2026-10-01 23:58:28,C100708,Strasbourg,FR,Marketplace,P1005,Station d'accueil USB-C,Informatique,2,149.00,0,298.00,Payée
O510476,1,2026-10-01 07:57:30,C101098,Metz,FR,Marketplace,P1023,Bureau assis-debout,Bureau,1,449.00,0,449.00,Expédiée
O510477,1,2026-10-01 23:37:35,C101296,Paris,FR,Mobile,P1007,Casque à réduction de bruit,Audio,2,279.00,0,558.00,Payée
O510478,1,2026-10-01 22:52:06,C101008,Genève,CH,Marketplace,P1021,Veste imperméable,Mode,3,139.00,0,417.00,Payée
O510479,1,2026-10-01 08:43:33,C100714,Sarrebruck,DE,Web,P1018,Gourde isotherme,Sport,3,22.00,0,66.00,Payée
O510480,1,2026-10-01 12:05:01,C101107,Conakry,GN,Web,P1024,Stylo plume,Bureau,1,35.00,20,28.00,Créée
O510481,1,2026-10-01 23:26:52,C100901,Esch-sur-Alzette,LU,Web,P1012,Bouilloire inox,Maison,4,39.00,0,156.00,Payée
O510482,1,2026-10-01 17:46:51,C100936,Bruxelles,BE,Magasin,P1017,Vélo d'appartement,Sport,2,399.00,0,798.00,Payée
O510483,1,2026-10-01 06:39:27,C100751,Liège,BE,Web,P1012,Bouilloire inox,Maison,1,39.00,5,37.05,Payée
O510483,2,2026-10-01 06:39:27,C100751,Liège,BE,Web,P1008,Écouteurs sans fil,Audio,1,129.00,0,129.00,Payée
O510484,1,2026-10-01 09:57:20,C100626,Luxembourg,LU,Mobile,P1006,Disque SSD externe 1 To,Informatique,1,109.00,0,109.00,Créée
O510484,2,2026-10-01 09:57:20,C100626,Luxembourg,LU,Mobile,P1013,Friteuse sans huile,Maison,2,129.00,5,245.10,Créée
O510485,1,2026-10-01 18:58:18,C100813,Esch-sur-Alzette,LU,Marketplace,P1007,Casque à réduction de bruit,Audio,-1,279.00,10,-251.10,Payée
O510485,2,2026-10-01 18:58:18,C100813,Esch-sur-Alzette,LU,Marketplace,P1008,Écouteurs sans fil,Audio,3,129.00,0,387.00,Payée
O510485,3,2026-10-01 18:58:18,C100813,Esch-sur-Alzette,LU,Marketplace,P1017,Vélo d'appartement,Sport,3,399.00,10,1077.30,Payée
O510486,1,2026-10-01 19:43:03,C100686,Thionville,FR,Web,P1016,Tapis de yoga,Sport,1,25.00,5,23.75,Expédiée
O510487,1,2026-10-01 14:03:41,C100004,Sarrebruck,DE,Web,P1023,Bureau assis-debout,Bureau,1,449.00,0,449.00,Payée
O510487,2,2026-10-01 14:03:41,C100004,Sarrebruck,DE,Web,P1012,Bouilloire inox,Maison,2,39.00,0,78.00,Payée
O510488,1,2026-10-01 07:11:08,C100924,Esch-sur-Alzette,LU,Web,P1021,Veste imperméable,Mode,1,139.00,0,139.00,Payée
O510488,2,2026-10-01 07:11:08,C100924,Esch-sur-Alzette,LU,Web,P1004,Souris sans fil,Informatique,3,29.00,0,87.00,Payée
O510488,3,2026-10-01 07:11:08,C100924,Esch-sur-Alzette,LU,Web,P1024,Stylo plume,Bureau,1,35.00,0,35.00,Payée
O510488,4,2026-10-01 07:11:08,C100924,Esch-sur-Alzette,LU,Web,P1003,Clavier mécanique,Informatique,1,89.00,0,89.00,Payée
O510489,1,2026-10-01 08:05:13,C100574,Dakar,SN,Web,P1014,Lampe de bureau LED,Maison,1,45.00,0,45.00,Expédiée
O510489,2,2026-10-01 08:05:13,C100574,Dakar,SN,Web,P1008,Écouteurs sans fil,Audio,1,129.00,15,109.65,Expédiée
O510490,1,2026-10-01 13:17:49,C100924,Bruxelles,BE,Web,P1006,Disque SSD externe 1 To,Informatique,2,109.00,0,218.00,Expédiée
O510490,2,2026-10-01 13:17:49,C100924,Bruxelles,BE,Web,P1003,Clavier mécanique,Informatique,3,89.00,0,267.00,Expédiée
O510491,1,2026-10-01 19:08:23,C100324,Lyon,FR,Marketplace,P1002,Écran 27 pouces 4K,Informatique,1,389.00,0,389.00,Payée
O510491,2,2026-10-01 19:08:23,C100324,Lyon,FR,Marketplace,P1005,Station d'accueil USB-C,Informatique,1,149.00,0,149.00,Payée
O510491,3,2026-10-01 19:08:23,C100324,Lyon,FR,Marketplace,P1018,Gourde isotherme,Sport,2,22.00,0,44.00,Payée
O510492,1,2026-10-01 14:31:19,C101251,Conakry,GN,Web,P1003,Clavier mécanique,Informatique,2,89.00,0,178.00,Payée
O510492,2,2026-10-01 14:31:19,C101251,Conakry,GN,Web,P1020,Baskets running,Mode,4,119.00,0,476.00,Payée
O510492,3,2026-10-01 14:31:19,C101251,Conakry,GN,Web,P1007,Casque à réduction de bruit,Audio,1,279.00,0,279.00,Payée
O510493,1,2026-10-01 23:14:19,C100637,Nancy,FR,Marketplace,P1007,Casque à réduction de bruit,Audio,2,279.00,0,558.00,Payée
O510493,2,2026-10-01 23:14:19,C100637,Nancy,FR,Marketplace,P1015,Montre connectée,Sport,1,229.00,15,194.65,Payée
O510494,1,2026-10-01 12:01:19,C100813,Genève,CH,Mobile,P1007,Casque à réduction de bruit,Audio,2,279.00,0,558.00,Créée
O510495,1,2026-10-01 23:35:48,C100848,Paris,FR,Magasin,P1022,Chaise ergonomique,Bureau,2,299.00,0,598.00,Créée
O510496,1,2026-10-01 14:50:05,C101176,Strasbourg,FR,Web,P1020,Baskets running,Mode,1,119.00,0,119.00,Payée
O510497,1,2026-10-01 16:58:07,C100584,Nancy,FR,Magasin,P1009,Enceinte Bluetooth,Audio,2,79.00,0,158.00,Payée
O510497,2,2026-10-01 16:58:07,C100584,Nancy,FR,Magasin,P1001,Ordinateur portable 14 pouces,Informatique,1,749.00,0,749.00,Payée
O510498,1,2026-10-01 12:12:49,C100645,Nancy,FR,Mobile,P1009,Enceinte Bluetooth,Audio,1,79.00,5,75.05,Payée
O510499,1,2026-10-01 22:27:00,C100535,Esch-sur-Alzette,LU,Web,P1012,Bouilloire inox,Maison,1,39.00,0,39.00,Payée
O510500,1,2026-10-01 15:33:56,C101037,Bruxelles,BE,Web,P1021,Veste imperméable,Mode,1,139.00,0,139.00,Payée
O510501,1,2026-10-01 19:51:48,C100663,Conakry,GN,Marketplace,P1010,Aspirateur robot,Maison,1,349.00,0,349.00,Créée
O510501,2,2026-10-01 19:51:48,C100663,Conakry,GN,Marketplace,P1005,Station d'accueil USB-C,Informatique,1,149.00,0,149.00,Créée
O510501,3,2026-10-01 19:51:48,C100663,Conakry,GN,Marketplace,P1016,Tapis de yoga,Sport,1,25.00,0,25.00,Créée
O510502,1,2026-10-01 11:14:27,C100330,Metz,FR,Web,P1004,Souris sans fil,Informatique,2,29.00,0,58.00,Expédiée
O510503,1,2026-10-01 09:10:05,C100544,Bruxelles,BE,Web,P1003,Clavier mécanique,Informatique,2,89.00,5,169.10,Créée
O510504,1,2026-10-01 12:27:50,C100250,Lille,FR,Mobile,P1021,Veste imperméable,Mode,1,139.00,20,111.20,Payée
O510504,2,2026-10-01 12:27:50,C100250,Lille,FR,Mobile,P1002,Écran 27 pouces 4K,Informatique,1,389.00,0,389.00,Payée
O510505,1,2026-10-01 10:46:14,C100867,Labé,GN,Mobile,P1012,Bouilloire inox,Maison,1,39.00,20,31.20,Expédiée
O510505,2,2026-10-01 10:46:14,C100867,Labé,GN,Mobile,P1001,Ordinateur portable 14 pouces,Informatique,3,749.00,0,2247.00,Expédiée
O510506,1,2026-10-01 07:15:32,C100256,Luxembourg,LU,Web,P1008,Écouteurs sans fil,Audio,4,129.00,5,490.20,Payée
O510507,1,2026-10-01 13:55:31,C100474,Strasbourg,FR,Magasin,P1004,Souris sans fil,Informatique,1,29.00,5,27.55,Payée
O510508,1,2026-10-01 06:32:46,C100857,Metz,FR,Mobile,P1019,Sac à dos urbain,Mode,1,65.00,0,65.00,Créée
O510509,1,2026-10-01 23:27:08,C101092,Nancy,FR,Web,P1014,Lampe de bureau LED,Maison,1,45.00,0,45.00,Payée
O510510,1,2026-10-01 11:10:17,C101133,Lyon,FR,Mobile,P1019,Sac à dos urbain,Mode,1,65.00,0,65.00,Créée
O510511,1,2026-10-01 11:07:50,C100985,Lyon,FR,Web,P1007,Casque à réduction de bruit,Audio,1,279.00,0,279.00,Payée
O510512,1,2026-10-01 08:34:38,C100710,Lyon,FR,Web,P1011,Machine à café à grains,Maison,1,499.00,0,499.00,Expédiée
O510513,1,2026-10-01 20:41:19,C100960,Lille,FR,Mobile,P1007,Casque à réduction de bruit,Audio,2,279.00,0,558.00,Payée
O510513,2,2026-10-01 20:41:19,C100960,Lille,FR,Mobile,P1011,Machine à café à grains,Maison,1,499.00,0,499.00,Payée
O510513,3,2026-10-01 20:41:19,C100960,Lille,FR,Mobile,P1009,Enceinte Bluetooth,Audio,2,79.00,5,150.10,Payée
O510514,1,2026-10-01 07:47:40,C100199,Genève,CH,Mobile,P1006,Disque SSD externe 1 To,Informatique,2,109.00,0,218.00,Payée
O510515,1,2026-10-01 14:47:44,C100136,Esch-sur-Alzette,LU,Marketplace,P1004,Souris sans fil,Informatique,1,29.00,0,29.00,Payée
O510516,1,2026-10-01 09:31:15,C100688,Trèves,DE,Mobile,P1012,Bouilloire inox,Maison,1,39.00,0,39.00,Payée
O510517,1,2026-10-01 16:55:32,C100381,Conakry,GN,Magasin,P1004,Souris sans fil,Informatique,1,29.00,20,23.20,Créée
O510518,1,2026-10-01 18:48:18,C100123,Strasbourg,FR,Web,P1010,Aspirateur robot,Maison,1,349.00,0,349.00,Créée
O510518,2,2026-10-01 18:48:18,C100123,Strasbourg,FR,Web,P1023,Bureau assis-debout,Bureau,1,449.00,0,449.00,Créée
O510519,1,2026-10-01 07:43:00,C100478,Bruxelles,BE,Mobile,P1021,Veste imperméable,Mode,1,139.00,0,139.00,Expédiée
O510520,1,2026-10-01 09:23:14,,Luxembourg,LU,Web,P1009,Enceinte Bluetooth,Audio,1,79.00,0,79.00,Créée
O510521,1,2026-10-01 22:46:53,C100568,Sarrebruck,DE,Web,P1012,Bouilloire inox,Maison,1,39.00,0,39.00,Payée
O510522,1,2026-10-01 17:43:40,C100819,Thionville,FR,Web,P1013,Friteuse sans huile,Maison,1,129.00,0,129.00,Payée
O510522,2,2026-10-01 17:43:40,C100819,Thionville,FR,Web,P1001,Ordinateur portable 14 pouces,Informatique,2,749.00,0,1498.00,Payée
O510523,1,2026-10-01 17:03:04,C101106,Lyon,FR,Magasin,P1017,Vélo d'appartement,Sport,1,399.00,0,399.00,Expédiée
O510523,2,2026-10-01 17:03:04,C101106,Lyon,FR,Magasin,P1013,Friteuse sans huile,Maison,1,129.00,0,129.00,Expédiée
O510523,3,2026-10-01 17:03:04,C101106,Lyon,FR,Magasin,P1014,Lampe de bureau LED,Maison,1,45.00,0,45.00,Expédiée
O510524,1,2026-10-01 18:26:03,C100866,Bruxelles,BE,Web,P1003,Clavier mécanique,Informatique,3,89.00,0,267.00,Expédiée
O510524,2,2026-10-01 18:26:03,C100866,Bruxelles,BE,Web,P1004,Souris sans fil,Informatique,1,29.00,0,29.00,Expédiée
O510524,3,2026-10-01 18:26:03,C100866,Bruxelles,BE,Web,P1021,Veste imperméable,Mode,1,139.00,0,139.00,Expédiée
O510524,4,2026-10-01 18:26:03,C100866,Bruxelles,BE,Web,P1022,Chaise ergonomique,Bureau,1,299.00,5,284.05,Expédiée
O510525,1,2026-10-01 17:59:57,C100725,Nancy,FR,Magasin,P1020,Baskets running,Mode,1,119.00,0,119.00,Expédiée
O510525,2,2026-10-01 17:59:57,C100725,Nancy,FR,Magasin,P1023,Bureau assis-debout,Bureau,1,449.00,0,449.00,Expédiée
O510526,1,2026-10-01 16:36:50,C100854,Strasbourg,FR,Web,P1020,Baskets running,Mode,2,119.00,0,238.00,Payée
O510526,2,2026-10-01 16:36:50,C100854,Strasbourg,FR,Web,P1014,Lampe de bureau LED,Maison,2,45.00,15,76.50,Payée
O510526,3,2026-10-01 16:36:50,C100854,Strasbourg,FR,Web,P1011,Machine à café à grains,Maison,-1,499.00,0,-499.00,Payée
O510527,1,2026-10-01 12:26:21,C100440,Liège,BE,Mobile,P1013,Friteuse sans huile,Maison,1,129.00,0,129.00,Payée
O510527,2,2026-10-01 12:26:21,C100440,Liège,BE,Mobile,P1005,Station d'accueil USB-C,Informatique,1,149.00,5,141.55,Payée
O510528,1,2026-10-01 15:36:00,C100888,Strasbourg,FR,Web,P1002,Écran 27 pouces 4K,Informatique,1,389.00,0,389.00,Payée
O510529,1,2026-10-01 08:10:13,C100984,Bruxelles,BE,Magasin,P1008,Écouteurs sans fil,Audio,2,129.00,0,258.00,Expédiée
O510530,1,2026-10-01 13:29:55,C100615,Esch-sur-Alzette,LU,Marketplace,P1015,Montre connectée,Sport,1,229.00,0,229.00,Payée
O510530,2,2026-10-01 13:29:55,C100615,Esch-sur-Alzette,LU,Marketplace,P1001,Ordinateur portable 14 pouces,Informatique,1,749.00,0,749.00,Payée
O510530,3,2026-10-01 13:29:55,C100615,Esch-sur-Alzette,LU,Marketplace,P1005,Station d'accueil USB-C,Informatique,1,149.00,0,149.00,Payée
O510530,4,2026-10-01 13:29:55,C100615,Esch-sur-Alzette,LU,Marketplace,P1018,Gourde isotherme,Sport,1,22.00,0,22.00,Payée
O510531,1,2026-10-01 19:00:20,C100797,Esch-sur-Alzette,LU,Web,P1010,Aspirateur robot,Maison,2,349.00,0,698.00,Payée
O510532,1,2026-10-01 17:11:09,C100907,Genève,CH,Web,P1009,Enceinte Bluetooth,Audio,1,79.00,10,71.10,Payée
O510533,1,2026-10-01 12:58:26,C101280,Labé,GN,Marketplace,P1012,Bouilloire inox,Maison,1,39.00,0,39.00,Expédiée
O510533,2,2026-10-01 12:58:26,C101280,Labé,GN,Marketplace,P1018,Gourde isotherme,Sport,1,22.00,0,22.00,Expédiée
O510534,1,2026-10-01 13:06:07,C100425,Esch-sur-Alzette,LU,Mobile,P1023,Bureau assis-debout,Bureau,1,449.00,5,426.55,Expédiée
O510534,2,2026-10-01 13:06:07,C100425,Esch-sur-Alzette,LU,Mobile,P1006,Disque SSD externe 1 To,Informatique,1,109.00,5,103.55,Expédiée
O510535,1,2026-10-01 21:00:33,C100219,Bruxelles,BE,Web,P1003,Clavier mécanique,Informatique,1,89.00,0,89.00,Payée
O510536,1,2026-10-01 15:18:01,C100059,Bruxelles,BE,Web,P1021,Veste imperméable,Mode,2,139.00,0,278.00,Payée
O510537,1,2026-10-01 20:59:37,C100056,Labé,GN,Web,P1019,Sac à dos urbain,Mode,2,65.00,10,117.00,Payée
O510538,1,2026-10-01 12:53:38,C100358,Genève,CH,Web,P1009,Enceinte Bluetooth,Audio,2,79.00,15,134.30,Payée
O510538,2,2026-10-01 12:53:38,C100358,Genève,CH,Web,P1002,Écran 27 pouces 4K,Informatique,4,389.00,0,1556.00,Payée
O510538,3,2026-10-01 12:53:38,C100358,Genève,CH,Web,P1003,Clavier mécanique,Informatique,1,89.00,5,84.55,Payée
O510539,1,2026-10-01 18:32:03,C100168,Paris,FR,Web,P1006,Disque SSD externe 1 To,Informatique,1,109.00,15,92.65,Payée
O510540,1,2026-10-01 19:19:14,C101220,Sarrebruck,DE,Marketplace,P1007,Casque à réduction de bruit,Audio,2,279.00,0,558.00,Payée
O510541,1,2026-10-01 12:36:13,C100528,Bruxelles,BE,Web,P1001,Ordinateur portable 14 pouces,Informatique,2,749.00,0,1498.00,Payée
O510541,2,2026-10-01 12:36:13,C100528,Bruxelles,BE,Web,P1011,Machine à café à grains,Maison,1,499.00,0,499.00,Payée
O510541,3,2026-10-01 12:36:13,C100528,Bruxelles,BE,Web,P1018,Gourde isotherme,Sport,1,22.00,0,22.00,Payée
O510541,4,2026-10-01 12:36:13,C100528,Bruxelles,BE,Web,P1015,Montre connectée,Sport,1,229.00,0,229.00,Payée
O510542,1,2026-10-01 22:13:00,C101101,Bruxelles,BE,Web,P1006,Disque SSD externe 1 To,Informatique,1,109.00,0,109.00,Créée
O510542,2,2026-10-01 22:13:00,C101101,Bruxelles,BE,Web,P1012,Bouilloire inox,Maison,2,0.00,0,0.00,Créée
O510543,1,2026-10-01 07:39:44,C100335,Trèves,DE,Mobile,P1019,Sac à dos urbain,Mode,2,65.00,5,123.50,Expédiée
O510544,1,2026-10-01 22:36:05,C100180,Genève,CH,Mobile,P1007,Casque à réduction de bruit,Audio,4,279.00,0,1116.00,Expédiée
O510544,2,2026-10-01 22:36:05,C100180,Genève,CH,Mobile,P1012,Bouilloire inox,Maison,2,39.00,0,78.00,Expédiée
O510545,1,2026-10-01 23:12:44,C100914,Metz,FR,Web,P1001,Ordinateur portable 14 pouces,Informatique,1,0.00,0,0.00,Expédiée
O510546,1,2026-10-01 07:48:37,C100969,Esch-sur-Alzette,LU,Magasin,P1024,Stylo plume,Bureau,1,35.00,5,33.25,Créée
O510547,1,2026-10-01 20:01:46,C100099,Nancy,FR,Mobile,P1013,Friteuse sans huile,Maison,1,129.00,15,109.65,Payée
O510548,1,2026-10-01 18:17:39,C101161,Lyon,FR,Marketplace,P1014,Lampe de bureau LED,Maison,1,45.00,0,45.00,Payée
O510549,1,2026-10-01 19:24:33,C100462,Thionville,FR,Web,P1005,Station d'accueil USB-C,Informatique,2,149.00,0,298.00,Payée
O510549,2,2026-10-01 19:24:33,C100462,Thionville,FR,Web,P1023,Bureau assis-debout,Bureau,1,449.00,5,426.55,Payée
O510550,1,2026-10-01 16:42:32,C100624,Paris,FR,Web,P1006,Disque SSD externe 1 To,Informatique,-1,109.00,0,-109.00,Payée
O510551,1,2026-10-01 10:39:27,C101251,Liège,BE,Web,P1024,Stylo plume,Bureau,1,35.00,0,35.00,Payée
O510552,1,2026-10-01 16:02:54,C101105,Bruxelles,BE,Magasin,P1009,Enceinte Bluetooth,Audio,2,79.00,5,150.10,Payée
O510553,1,2026-10-01 12:12:21,C100387,Trèves,DE,Web,P1020,Baskets running,Mode,3,119.00,0,357.00,Expédiée
O510554,1,2026-10-01 16:16:34,C100672,Lyon,FR,Web,P1016,Tapis de yoga,Sport,2,25.00,0,50.00,Créée
O510554,2,2026-10-01 16:16:34,C100672,Lyon,FR,Web,P1014,Lampe de bureau LED,Maison,2,45.00,0,90.00,Créée
O510555,1,2026-10-01 15:01:04,C100278,Sarrebruck,DE,Mobile,P1007,Casque à réduction de bruit,Audio,1,279.00,0,279.00,Créée
O510555,2,2026-10-01 15:01:04,C100278,Sarrebruck,DE,Mobile,P1020,Baskets running,Mode,1,119.00,0,119.00,Créée
O510556,1,2026-10-01 20:00:44,C100213,Dakar,SN,Mobile,P1009,Enceinte Bluetooth,Audio,1,79.00,5,75.05,Créée
O510557,1,2026-10-01 21:58:29,C100276,Trèves,DE,Web,P1017,Vélo d'appartement,Sport,3,399.00,0,1197.00,Expédiée
O510557,2,2026-10-01 21:58:29,C100276,Trèves,DE,Web,P1022,Chaise ergonomique,Bureau,3,299.00,0,897.00,Expédiée
O510557,3,2026-10-01 21:58:29,C100276,Trèves,DE,Web,P1009,Enceinte Bluetooth,Audio,1,79.00,0,79.00,Expédiée
O510557,4,2026-10-01 21:58:29,C100276,Trèves,DE,Web,P1020,Baskets running,Mode,3,119.00,0,357.00,Expédiée
O510558,1,2026-10-01 21:19:33,C101074,Esch-sur-Alzette,LU,Marketplace,P1002,Écran 27 pouces 4K,Informatique,1,389.00,0,389.00,Payée
O510559,1,2026-10-01 20:21:47,C101237,Sarrebruck,DE,Web,P1015,Montre connectée,Sport,3,229.00,0,687.00,Payée
O510559,2,2026-10-01 20:21:47,C101237,Sarrebruck,DE,Web,P1024,Stylo plume,Bureau,1,35.00,0,35.00,Payée
O510560,1,2026-10-01 11:54:29,C100947,Labé,GN,Web,P1010,Aspirateur robot,Maison,-2,349.00,0,-698.00,Créée
O510561,1,2026-10-01 22:14:29,C100366,Bruxelles,BE,Mobile,P1021,Veste imperméable,Mode,1,139.00,10,125.10,Payée
O510562,1,2026-10-01 09:53:31,C100800,Bruxelles,BE,Magasin,P1022,Chaise ergonomique,Bureau,1,299.00,0,299.00,Expédiée
O510562,2,2026-10-01 09:53:31,C100800,Bruxelles,BE,Magasin,P1002,Écran 27 pouces 4K,Informatique,1,389.00,0,389.00,Expédiée
O510562,3,2026-10-01 09:53:31,C100800,Bruxelles,BE,Magasin,P1008,Écouteurs sans fil,Audio,1,129.00,10,116.10,Expédiée
O510563,1,2026-10-01 14:10:23,C100185,Luxembourg,LU,Mobile,P1014,Lampe de bureau LED,Maison,2,45.00,0,90.00,Créée
O510563,2,2026-10-01 14:10:23,C100185,Luxembourg,LU,Mobile,P1019,Sac à dos urbain,Mode,1,65.00,0,65.00,Créée
O510563,3,2026-10-01 14:10:23,C100185,Luxembourg,LU,Mobile,P1017,Vélo d'appartement,Sport,3,399.00,0,1197.00,Créée
O510564,1,2026-10-01 18:43:24,C100616,Luxembourg,LU,Web,P1005,Station d'accueil USB-C,Informatique,1,149.00,5,141.55,Payée
O510564,2,2026-10-01 18:43:24,C100616,Luxembourg,LU,Web,P1004,Souris sans fil,Informatique,2,29.00,0,58.00,Payée
O510564,3,2026-10-01 18:43:24,C100616,Luxembourg,LU,Web,P1010,Aspirateur robot,Maison,1,349.00,0,349.00,Payée
O510564,4,2026-10-01 18:43:24,C100616,Luxembourg,LU,Web,P1003,Clavier mécanique,Informatique,1,89.00,0,89.00,Payée
O510565,1,2026-10-01 11:25:23,C101178,Labé,GN,Magasin,P1023,Bureau assis-debout,Bureau,1,449.00,0,449.00,Créée
O510565,2,2026-10-01 11:25:23,C101178,Labé,GN,Magasin,P1014,Lampe de bureau LED,Maison,1,45.00,0,45.00,Créée
O510566,1,2026-10-01 08:44:34,C100922,Metz,FR,Magasin,P1019,Sac à dos urbain,Mode,1,65.00,0,65.00,Payée
O510567,1,2026-10-01 07:58:35,C100609,Bruxelles,BE,Web,P1003,Clavier mécanique,Informatique,3,89.00,0,267.00,Créée
O510567,2,2026-10-01 07:58:35,C100609,Bruxelles,BE,Web,P1014,Lampe de bureau LED,Maison,1,45.00,0,45.00,Créée
O510568,1,2026-10-01 15:42:44,C100859,Nancy,FR,Web,P1014,Lampe de bureau LED,Maison,1,45.00,0,45.00,Payée
O510568,2,2026-10-01 15:42:44,C100859,Nancy,FR,Web,P1009,Enceinte Bluetooth,Audio,1,79.00,0,79.00,Payée
O510569,1,2026-10-01 20:29:17,C100658,Lille,FR,Magasin,P1009,Enceinte Bluetooth,Audio,1,79.00,0,79.00,Payée
O510569,2,2026-10-01 20:29:17,C100658,Lille,FR,Magasin,P1017,Vélo d'appartement,Sport,2,399.00,5,758.10,Payée
O510570,1,2026-10-01 06:00:39,C100392,Paris,FR,Web,P1023,Bureau assis-debout,Bureau,1,449.00,0,449.00,Payée
O510570,2,2026-10-01 06:00:39,C100392,Paris,FR,Web,P1012,Bouilloire inox,Maison,1,39.00,0,39.00,Payée
O510571,1,2026-10-01 13:25:07,C100094,Strasbourg,FR,Web,P1024,Stylo plume,Bureau,1,35.00,0,35.00,Payée
O510572,1,2026-10-01 21:17:17,C100364,Strasbourg,FR,Web,P1022,Chaise ergonomique,Bureau,3,299.00,0,897.00,Payée
O510573,1,2026-10-01 14:07:50,C100907,Paris,FR,Web,P1001,Ordinateur portable 14 pouces,Informatique,1,749.00,0,749.00,Expédiée
O510573,2,2026-10-01 14:07:50,C100907,Paris,FR,Web,P1014,Lampe de bureau LED,Maison,1,45.00,20,36.00,Expédiée
O510573,3,2026-10-01 14:07:50,C100907,Paris,FR,Web,P1006,Disque SSD externe 1 To,Informatique,1,109.00,0,109.00,Expédiée
O510573,4,2026-10-01 14:07:50,C100907,Paris,FR,Web,P1024,Stylo plume,Bureau,1,35.00,0,35.00,Expédiée
O510574,1,2026-10-01 06:58:35,C100887,Bruxelles,BE,Magasin,P1013,Friteuse sans huile,Maison,4,129.00,10,464.40,Payée
O510574,2,2026-10-01 06:58:35,C100887,Bruxelles,BE,Magasin,P1014,Lampe de bureau LED,Maison,2,45.00,10,81.00,Payée
O510575,1,2026-10-01 11:31:04,C100956,Lyon,FR,Marketplace,P1003,Clavier mécanique,Informatique,1,89.00,0,89.00,Payée
O510576,1,2026-10-01 17:56:38,C100030,Conakry,GN,Web,P1015,Montre connectée,Sport,1,229.00,0,229.00,Payée
O510577,1,2026-10-01 22:06:55,C100957,Dakar,SN,Marketplace,P1012,Bouilloire inox,Maison,2,39.00,0,78.00,Payée
O510578,1,2026-10-01 14:55:35,C100591,Bruxelles,BE,Web,P1010,Aspirateur robot,Maison,1,349.00,5,331.55,Créée
O510579,1,2026-10-01 19:14:25,C100144,Dakar,SN,Marketplace,P1017,Vélo d'appartement,Sport,2,399.00,10,718.20,Payée
O510580,1,2026-10-01 17:06:16,C100331,Nancy,FR,Mobile,P1005,Station d'accueil USB-C,Informatique,1,149.00,0,149.00,Payée
O510580,2,2026-10-01 17:06:16,C100331,Nancy,FR,Mobile,P1008,Écouteurs sans fil,Audio,1,129.00,0,129.00,Payée
O510581,1,2026-10-01 09:37:49,C100598,Bruxelles,BE,Mobile,P1017,Vélo d'appartement,Sport,1,399.00,0,399.00,Payée
O510582,1,2026-10-01 13:44:05,C100842,Lyon,FR,Mobile,P1012,Bouilloire inox,Maison,3,39.00,0,117.00,Payée
O510582,2,2026-10-01 13:44:05,C100842,Lyon,FR,Mobile,P1010,Aspirateur robot,Maison,1,349.00,0,349.00,Payée
O510583,1,2026-10-01 21:44:31,C100281,Sarrebruck,DE,Web,P1015,Montre connectée,Sport,2,229.00,0,458.00,Expédiée
O510584,1,2026-10-01 15:38:49,C100187,Metz,FR,Magasin,P1008,Écouteurs sans fil,Audio,1,129.00,0,129.00,Payée
O510584,2,2026-10-01 15:38:49,C100187,Metz,FR,Magasin,P1017,Vélo d'appartement,Sport,1,399.00,0,399.00,Payée
O510584,3,2026-10-01 15:38:49,C100187,Metz,FR,Magasin,P1014,Lampe de bureau LED,Maison,1,45.00,5,42.75,Payée
O510585,1,2026-10-01 11:42:06,C100411,Genève,CH,Marketplace,P1018,Gourde isotherme,Sport,1,22.00,0,22.00,Expédiée
O510586,1,2026-10-01 08:57:13,C100708,Labé,GN,Magasin,P1018,Gourde isotherme,Sport,1,22.00,0,22.00,Payée
O510586,2,2026-10-01 08:57:13,C100708,Labé,GN,Magasin,P1022,Chaise ergonomique,Bureau,1,299.00,0,299.00,Payée
O510587,1,2026-10-01 15:17:30,C100827,Dakar,SN,Mobile,P1009,Enceinte Bluetooth,Audio,3,79.00,0,237.00,Créée
O510588,1,2026-10-01 21:27:54,C100582,Thionville,FR,Web,P1021,Veste imperméable,Mode,1,139.00,0,139.00,Expédiée
O510589,1,2026-10-01 14:39:16,C100043,Trèves,DE,Web,P1018,Gourde isotherme,Sport,2,22.00,0,44.00,Payée
O510589,2,2026-10-01 14:39:16,C100043,Trèves,DE,Web,P1024,Stylo plume,Bureau,1,35.00,0,35.00,Payée
O510589,3,2026-10-01 14:39:16,C100043,Trèves,DE,Web,P1005,Station d'accueil USB-C,Informatique,1,149.00,0,149.00,Payée
O510590,1,2026-10-01 23:45:33,C100993,Dakar,SN,Web,P1012,Bouilloire inox,Maison,3,39.00,5,111.15,Payée
O510591,1,2026-10-01 21:34:49,C100677,Paris,FR,Magasin,P1002,Écran 27 pouces 4K,Informatique,1,389.00,0,389.00,Expédiée
O510592,1,2026-10-01 16:47:44,,Trèves,DE,Marketplace,P1008,Écouteurs sans fil,Audio,1,129.00,0,129.00,Expédiée
O510593,1,2026-10-01 09:51:19,C100408,Liège,BE,Mobile,P1022,Chaise ergonomique,Bureau,1,299.00,10,269.10,Payée
O510593,2,2026-10-01 09:51:19,C100408,Liège,BE,Mobile,P1016,Tapis de yoga,Sport,1,25.00,0,25.00,Payée
O510594,1,2026-10-01 16:52:46,C100787,Dakar,SN,Marketplace,P1007,Casque à réduction de bruit,Audio,1,279.00,5,265.05,Payée
O510594,2,2026-10-01 16:52:46,C100787,Dakar,SN,Marketplace,P1019,Sac à dos urbain,Mode,1,65.00,0,65.00,Payée
O510594,3,2026-10-01 16:52:46,C100787,Dakar,SN,Marketplace,P1018,Gourde isotherme,Sport,1,22.00,0,22.00,Payée
O510595,1,2026-10-01 21:51:50,C100761,Sarrebruck,DE,Magasin,P1004,Souris sans fil,Informatique,1,29.00,0,29.00,Payée
O510595,2,2026-10-01 21:51:50,C100761,Sarrebruck,DE,Magasin,P1018,Gourde isotherme,Sport,1,22.00,5,20.90,Payée
O510595,3,2026-10-01 21:51:50,C100761,Sarrebruck,DE,Magasin,P1012,Bouilloire inox,Maison,1,39.00,0,39.00,Payée
O510596,1,2026-10-01 18:52:15,C100144,Trèves,DE,Magasin,P1019,Sac à dos urbain,Mode,1,65.00,0,65.00,Créée
O510597,1,2026-10-01 06:04:15,C100792,Paris,FR,Web,P1021,Veste imperméable,Mode,1,139.00,0,139.00,Payée
O510598,1,2026-10-01 19:10:02,C100235,Sarrebruck,DE,Marketplace,P1020,Baskets running,Mode,1,119.00,15,101.15,Payée
O510598,2,2026-10-01 19:10:02,C100235,Sarrebruck,DE,Marketplace,P1001,Ordinateur portable 14 pouces,Informatique,1,749.00,0,749.00,Payée
O510598,3,2026-10-01 19:10:02,C100235,Sarrebruck,DE,Marketplace,P1023,Bureau assis-debout,Bureau,1,449.00,10,404.10,Payée
O510599,1,2026-10-01 06:15:38,C101252,Sarrebruck,DE,Web,P1016,Tapis de yoga,Sport,1,25.00,0,25.00,Payée
O510599,2,2026-10-01 06:15:38,C101252,Sarrebruck,DE,Web,P1006,Disque SSD externe 1 To,Informatique,4,109.00,0,436.00,Payée
O510599,3,2026-10-01 06:15:38,C101252,Sarrebruck,DE,Web,P1015,Montre connectée,Sport,1,229.00,0,229.00,Payée
O510599,4,2026-10-01 06:15:38,C101252,Sarrebruck,DE,Web,P1001,Ordinateur portable 14 pouces,Informatique,1,749.00,0,749.00,Payée
O510600,1,2026-10-01 09:51:14,C100687,Labé,GN,Magasin,P1017,Vélo d'appartement,Sport,3,399.00,10,1077.30,Payée
O510600,2,2026-10-01 09:51:14,C100687,Labé,GN,Magasin,P1020,Baskets running,Mode,1,119.00,0,119.00,Payée
O510600,3,2026-10-01 09:51:14,C100687,Labé,GN,Magasin,P1003,Clavier mécanique,Informatique,1,89.00,5,84.55,Payée
O510601,1,2026-10-01 12:10:53,C100153,Esch-sur-Alzette,LU,Magasin,P1010,Aspirateur robot,Maison,2,349.00,5,663.10,Payée
O510601,2,2026-10-01 12:10:53,C100153,Esch-sur-Alzette,LU,Magasin,P1014,Lampe de bureau LED,Maison,1,45.00,0,45.00,Payée
O510602,1,2026-10-01 19:50:51,C100419,Conakry,GN,Web,P1004,Souris sans fil,Informatique,1,29.00,0,29.00,Payée
O510602,2,2026-10-01 19:50:51,C100419,Conakry,GN,Web,P1008,Écouteurs sans fil,Audio,2,129.00,0,258.00,Payée
O510603,1,2026-10-01 16:15:24,C100604,Esch-sur-Alzette,LU,Magasin,P1017,Vélo d'appartement,Sport,2,399.00,0,798.00,Payée
O510604,1,2026-10-01 14:22:47,C100776,Metz,FR,Web,P1006,Disque SSD externe 1 To,Informatique,2,109.00,0,218.00,Payée
O510605,1,2026-10-01 12:30:46,C100839,Dakar,SN,Mobile,P1008,Écouteurs sans fil,Audio,2,129.00,0,258.00,Payée
O510605,2,2026-10-01 12:30:46,C100839,Dakar,SN,Mobile,P1022,Chaise ergonomique,Bureau,1,299.00,0,299.00,Payée
O510606,1,2026-10-01 21:39:17,C101079,Sarrebruck,DE,Web,P1020,Baskets running,Mode,1,119.00,10,107.10,Expédiée
O510607,1,2026-10-01 14:50:55,C100641,Labé,GN,Marketplace,P1016,Tapis de yoga,Sport,1,25.00,15,21.25,Payée
O510607,2,2026-10-01 14:50:55,C100641,Labé,GN,Marketplace,P1022,Chaise ergonomique,Bureau,1,299.00,0,299.00,Payée
O510607,3,2026-10-01 14:50:55,C100641,Labé,GN,Marketplace,P1009,Enceinte Bluetooth,Audio,2,79.00,0,158.00,Payée
O510607,4,2026-10-01 14:50:55,C100641,Labé,GN,Marketplace,P1021,Veste imperméable,Mode,2,139.00,0,278.00,Payée
O510608,1,2026-10-01 12:15:50,C101164,Strasbourg,FR,Mobile,P1002,Écran 27 pouces 4K,Informatique,1,389.00,0,389.00,Payée
O510609,1,2026-10-01 12:15:10,C100336,Strasbourg,FR,Mobile,P1020,Baskets running,Mode,1,119.00,0,119.00,Payée
O510610,1,2026-10-01 11:36:45,C100078,Nancy,FR,Mobile,P1010,Aspirateur robot,Maison,1,349.00,0,349.00,Créée
O510610,2,2026-10-01 11:36:45,C100078,Nancy,FR,Mobile,P1021,Veste imperméable,Mode,3,139.00,15,354.45,Créée
O510611,1,2026-10-01 08:23:03,C100903,Lille,FR,Mobile,P1005,Station d'accueil USB-C,Informatique,1,149.00,0,149.00,Payée
O510611,2,2026-10-01 08:23:03,C100903,Lille,FR,Mobile,P1015,Montre connectée,Sport,3,229.00,10,618.30,Payée
O510612,1,2026-10-01 23:51:57,C100556,Liège,BE,Marketplace,P1004,Souris sans fil,Informatique,2,29.00,0,58.00,Expédiée
O510613,1,2026-10-01 18:28:21,C101223,Paris,FR,Magasin,P1005,Station d'accueil USB-C,Informatique,2,149.00,0,298.00,Payée
O510614,1,2026-10-01 19:00:59,C100892,Luxembourg,LU,Mobile,P1001,Ordinateur portable 14 pouces,Informatique,1,749.00,0,749.00,Payée
O510615,1,2026-10-01 20:25:49,C100532,Metz,FR,Web,P1014,Lampe de bureau LED,Maison,1,45.00,0,45.00,Payée
O510615,2,2026-10-01 20:25:49,C100532,Metz,FR,Web,P1002,Écran 27 pouces 4K,Informatique,1,389.00,0,389.00,Payée
O510616,1,2026-10-01 13:18:57,C100088,Liège,BE,Web,P1007,Casque à réduction de bruit,Audio,2,279.00,0,558.00,Payée
O510617,1,2026-10-01 16:05:21,C100772,Bruxelles,BE,Mobile,P1024,Stylo plume,Bureau,1,35.00,0,35.00,Payée
O510617,2,2026-10-01 16:05:21,C100772,Bruxelles,BE,Mobile,P1021,Veste imperméable,Mode,1,139.00,0,139.00,Payée
O510617,3,2026-10-01 16:05:21,C100772,Bruxelles,BE,Mobile,P1013,Friteuse sans huile,Maison,1,129.00,0,129.00,Payée
O510618,1,2026-10-01 17:35:59,C100229,Luxembourg,LU,Magasin,P1016,Tapis de yoga,Sport,1,25.00,0,25.00,Créée
O510618,2,2026-10-01 17:35:59,C100229,Luxembourg,LU,Magasin,P1020,Baskets running,Mode,1,119.00,0,119.00,Créée
O510618,3,2026-10-01 17:35:59,C100229,Luxembourg,LU,Magasin,P1015,Montre connectée,Sport,1,229.00,10,206.10,Créée
O510618,4,2026-10-01 17:35:59,C100229,Luxembourg,LU,Magasin,P1017,Vélo d'appartement,Sport,1,399.00,0,399.00,Créée
O510619,1,2026-10-01 09:56:22,C100156,Strasbourg,FR,Marketplace,P1013,Friteuse sans huile,Maison,1,129.00,0,129.00,Expédiée
O510620,1,2026-10-01 12:18:08,C100396,Lille,FR,Mobile,P1016,Tapis de yoga,Sport,1,25.00,0,25.00,Payée
O510621,1,2026-10-01 20:01:08,C100728,Trèves,DE,Web,P1010,Aspirateur robot,Maison,1,349.00,0,349.00,Payée
O510621,2,2026-10-01 20:01:08,C100728,Trèves,DE,Web,P1007,Casque à réduction de bruit,Audio,1,279.00,0,279.00,Payée
O510622,1,2026-10-01 18:41:12,C101208,Thionville,FR,Mobile,P1019,Sac à dos urbain,Mode,1,65.00,0,65.00,Payée
O510622,2,2026-10-01 18:41:12,C101208,Thionville,FR,Mobile,P1018,Gourde isotherme,Sport,2,22.00,0,44.00,Payée
O510622,3,2026-10-01 18:41:12,C101208,Thionville,FR,Mobile,P1020,Baskets running,Mode,2,119.00,15,202.30,Payée
O510623,1,2026-10-01 21:43:03,C100819,Trèves,DE,Mobile,P1015,Montre connectée,Sport,1,229.00,0,229.00,Payée
O510623,2,2026-10-01 21:43:03,C100819,Trèves,DE,Mobile,P1014,Lampe de bureau LED,Maison,1,45.00,0,45.00,Payée
O510623,3,2026-10-01 21:43:03,C100819,Trèves,DE,Mobile,P1018,Gourde isotherme,Sport,1,22.00,0,22.00,Payée
O510624,1,2026-10-01 10:20:48,C101113,Lyon,FR,Marketplace,P1002,Écran 27 pouces 4K,Informatique,1,389.00,0,389.00,Expédiée
O510625,1,2026-10-01 06:53:55,C100751,Labé,GN,Web,P1013,Friteuse sans huile,Maison,3,129.00,0,387.00,Payée
O510625,2,2026-10-01 06:53:55,C100751,Labé,GN,Web,P1001,Ordinateur portable 14 pouces,Informatique,2,749.00,0,1498.00,Payée
O510626,1,2026-10-01 23:55:47,C100800,Trèves,DE,Web,P1005,Station d'accueil USB-C,Informatique,1,149.00,0,149.00,Créée
O510627,1,2026-10-01 13:33:58,C100095,Liège,BE,Mobile,P1015,Montre connectée,Sport,2,229.00,0,458.00,Expédiée
O510628,1,2026-10-01 12:54:29,C100744,Conakry,GN,Mobile,P1010,Aspirateur robot,Maison,2,349.00,0,698.00,Payée
O510629,1,2026-10-01 14:18:53,C100611,Nancy,FR,Web,P1013,Friteuse sans huile,Maison,1,129.00,0,129.00,Payée
O510629,2,2026-10-01 14:18:53,C100611,Nancy,FR,Web,P1024,Stylo plume,Bureau,1,35.00,0,35.00,Payée
O510630,1,2026-10-01 13:32:42,C100739,Paris,FR,Web,P1012,Bouilloire inox,Maison,2,39.00,0,78.00,Payée
O510630,2,2026-10-01 13:32:42,C100739,Paris,FR,Web,P1015,Montre connectée,Sport,2,229.00,5,435.10,Payée
O510631,1,2026-10-01 08:16:14,C100450,Strasbourg,FR,Web,P1018,Gourde isotherme,Sport,1,22.00,0,22.00,Payée
O510632,1,2026-10-01 22:30:59,C100104,Dakar,SN,Web,P1008,Écouteurs sans fil,Audio,1,129.00,0,129.00,Payée
O510632,2,2026-10-01 22:30:59,C100104,Dakar,SN,Web,P1023,Bureau assis-debout,Bureau,1,449.00,5,426.55,Payée
O510632,3,2026-10-01 22:30:59,C100104,Dakar,SN,Web,P1020,Baskets running,Mode,2,119.00,5,226.10,Payée
O510633,1,2026-10-01 12:51:07,C100804,Paris,FR,Web,P1009,Enceinte Bluetooth,Audio,1,79.00,0,79.00,Payée
O510634,1,2026-10-01 22:27:28,C100969,Luxembourg,LU,Magasin,P1022,Chaise ergonomique,Bureau,1,299.00,0,299.00,Payée
O510635,1,2026-10-01 13:08:12,C100544,Liège,BE,Marketplace,P1010,Aspirateur robot,Maison,1,349.00,5,331.55,Payée
O510636,1,2026-10-01 06:39:13,C100165,Lyon,FR,Web,P1006,Disque SSD externe 1 To,Informatique,1,109.00,0,109.00,Payée
O510636,2,2026-10-01 06:39:13,C100165,Lyon,FR,Web,P1020,Baskets running,Mode,1,119.00,0,119.00,Payée
O510637,1,2026-10-01 17:35:48,C100425,Genève,CH,Mobile,P1019,Sac à dos urbain,Mode,1,65.00,0,65.00,Payée
O510637,2,2026-10-01 17:35:48,C100425,Genève,CH,Mobile,P1012,Bouilloire inox,Maison,1,39.00,0,39.00,Payée
O510638,1,2026-10-01 09:25:40,C100491,Esch-sur-Alzette,LU,Marketplace,P1010,Aspirateur robot,Maison,1,349.00,0,349.00,Payée
O510638,2,2026-10-01 09:25:40,C100491,Esch-sur-Alzette,LU,Marketplace,P1006,Disque SSD externe 1 To,Informatique,1,109.00,0,109.00,Payée
O510639,1,2026-10-01 09:20:50,C101027,Lille,FR,Mobile,P1015,Montre connectée,Sport,2,229.00,0,458.00,Payée
O510640,1,2026-10-01 20:05:03,C100650,Trèves,DE,Web,P1007,Casque à réduction de bruit,Audio,1,279.00,0,279.00,Créée
O510641,1,2026-10-01 13:30:36,C100824,Esch-sur-Alzette,LU,Mobile,P1008,Écouteurs sans fil,Audio,1,129.00,0,129.00,Payée
O510642,1,2026-10-01 07:55:35,C100927,Bruxelles,BE,Magasin,P1004,Souris sans fil,Informatique,1,29.00,0,29.00,Payée
O510642,2,2026-10-01 07:55:35,C100927,Bruxelles,BE,Magasin,P1005,Station d'accueil USB-C,Informatique,1,149.00,5,141.55,Payée
O510643,1,2026-10-01 06:40:06,C100490,Labé,GN,Mobile,P1012,Bouilloire inox,Maison,3,39.00,0,117.00,Payée
O510644,1,2026-10-01 21:21:47,C100793,Bruxelles,BE,Mobile,P1007,Casque à réduction de bruit,Audio,3,279.00,0,837.00,Payée
O510645,1,2026-10-01 09:30:06,C100081,Conakry,GN,Web,P1013,Friteuse sans huile,Maison,1,129.00,0,129.00,Expédiée
O510645,2,2026-10-01 09:30:06,C100081,Conakry,GN,Web,P1017,Vélo d'appartement,Sport,3,399.00,10,1077.30,Expédiée
O510645,3,2026-10-01 09:30:06,C100081,Conakry,GN,Web,P1002,Écran 27 pouces 4K,Informatique,1,389.00,0,389.00,Expédiée
O510646,1,2026-10-01 14:24:40,C100439,Esch-sur-Alzette,LU,Marketplace,P1016,Tapis de yoga,Sport,1,25.00,0,25.00,Payée
O510646,2,2026-10-01 14:24:40,C100439,Esch-sur-Alzette,LU,Marketplace,P1008,Écouteurs sans fil,Audio,1,129.00,0,129.00,Payée
O510646,3,2026-10-01 14:24:40,C100439,Esch-sur-Alzette,LU,Marketplace,P1013,Friteuse sans huile,Maison,1,129.00,0,129.00,Payée
O510646,4,2026-10-01 14:24:40,C100439,Esch-sur-Alzette,LU,Marketplace,P1002,Écran 27 pouces 4K,Informatique,1,389.00,0,389.00,Payée
O510647,1,2026-10-01 22:49:59,C100164,Dakar,SN,Mobile,P1020,Baskets running,Mode,1,119.00,0,119.00,Payée
O510647,2,2026-10-01 22:49:59,C100164,Dakar,SN,Mobile,P1011,Machine à café à grains,Maison,1,499.00,5,474.05,Payée
O510648,1,2026-10-01 10:16:55,C100742,Lille,FR,Mobile,P1024,Stylo plume,Bureau,2,35.00,0,70.00,Payée
O510649,1,2026-10-01 08:09:01,C100037,Paris,FR,Marketplace,P1019,Sac à dos urbain,Mode,1,65.00,0,65.00,Payée
O510650,1,2026-10-01 13:43:09,C100717,Liège,BE,Magasin,P1006,Disque SSD externe 1 To,Informatique,1,109.00,5,103.55,Payée
O510650,2,2026-10-01 13:43:09,C100717,Liège,BE,Magasin,P1004,Souris sans fil,Informatique,2,29.00,0,58.00,Payée
O510650,3,2026-10-01 13:43:09,C100717,Liège,BE,Magasin,P1020,Baskets running,Mode,1,119.00,5,113.05,Payée
O510651,1,2026-10-01 17:42:23,C100482,Nancy,FR,Mobile,P1017,Vélo d'appartement,Sport,1,399.00,0,399.00,Expédiée
O510651,2,2026-10-01 17:42:23,C100482,Nancy,FR,Mobile,P1010,Aspirateur robot,Maison,2,349.00,0,698.00,Expédiée
O510652,1,2026-10-01 10:43:30,C101087,Sarrebruck,DE,Marketplace,P1012,Bouilloire inox,Maison,1,39.00,0,39.00,Expédiée
O510652,2,2026-10-01 10:43:30,C101087,Sarrebruck,DE,Marketplace,P1008,Écouteurs sans fil,Audio,1,129.00,0,129.00,Expédiée
O510653,1,2026-10-01 17:45:39,,Genève,CH,Web,P1015,Montre connectée,Sport,3,229.00,10,618.30,Créée
O510654,1,2026-10-01 17:20:07,,Lille,FR,Marketplace,P1022,Chaise ergonomique,Bureau,1,299.00,0,299.00,Payée
O510655,1,2026-10-01 18:15:06,C100780,Genève,CH,Web,P1014,Lampe de bureau LED,Maison,1,45.00,0,45.00,Payée
O510655,2,2026-10-01 18:15:06,C100780,Genève,CH,Web,P1022,Chaise ergonomique,Bureau,1,299.00,0,299.00,Payée
O510655,3,2026-10-01 18:15:06,C100780,Genève,CH,Web,P1002,Écran 27 pouces 4K,Informatique,1,389.00,0,389.00,Payée
O510656,1,2026-10-01 22:08:24,C100115,Nancy,FR,Marketplace,P1015,Montre connectée,Sport,4,229.00,0,916.00,Payée
O510657,1,2026-10-01 10:40:13,C100928,Conakry,GN,Marketplace,P1004,Souris sans fil,Informatique,2,29.00,0,58.00,Payée
O510657,2,2026-10-01 10:40:13,C100928,Conakry,GN,Marketplace,P1012,Bouilloire inox,Maison,1,39.00,0,39.00,Payée
O510657,3,2026-10-01 10:40:13,C100928,Conakry,GN,Marketplace,P1024,Stylo plume,Bureau,1,35.00,0,35.00,Payée
O510658,1,2026-10-01 23:23:29,C101285,Trèves,DE,Mobile,P1004,Souris sans fil,Informatique,1,29.00,0,29.00,Payée
O510659,1,2026-10-01 14:18:51,C100975,Thionville,FR,Web,P1016,Tapis de yoga,Sport,1,25.00,5,23.75,Payée
O510659,2,2026-10-01 14:18:51,C100975,Thionville,FR,Web,P1002,Écran 27 pouces 4K,Informatique,2,389.00,20,622.40,Payée
O510660,1,2026-10-01 09:58:32,C100215,Dakar,SN,Web,P1008,Écouteurs sans fil,Audio,1,129.00,0,129.00,Payée
O510661,1,2026-10-01 07:47:12,C100209,Bruxelles,BE,Web,P1015,Montre connectée,Sport,1,229.00,0,229.00,Créée
O510661,2,2026-10-01 07:47:12,C100209,Bruxelles,BE,Web,P1003,Clavier mécanique,Informatique,1,89.00,10,80.10,Créée
O510662,1,2026-10-01 18:29:03,C101111,Dakar,SN,Web,P1015,Montre connectée,Sport,1,229.00,5,217.55,Payée
O510662,2,2026-10-01 18:29:03,C101111,Dakar,SN,Web,P1004,Souris sans fil,Informatique,4,29.00,5,110.20,Payée
O510663,1,2026-10-01 14:54:31,C101001,Esch-sur-Alzette,LU,Web,P1006,Disque SSD externe 1 To,Informatique,1,109.00,0,109.00,Expédiée
O510664,1,2026-10-01 22:09:48,C100809,Lille,FR,Web,P1009,Enceinte Bluetooth,Audio,1,79.00,5,75.05,Payée
O510664,2,2026-10-01 22:09:48,C100809,Lille,FR,Web,P1005,Station d'accueil USB-C,Informatique,1,149.00,0,149.00,Payée
O510665,1,2026-10-01 23:02:47,C101017,Lyon,FR,Marketplace,P1003,Clavier mécanique,Informatique,1,89.00,15,75.65,Créée
O510666,1,2026-10-01 21:18:40,C100955,Labé,GN,Marketplace,P1010,Aspirateur robot,Maison,2,349.00,0,698.00,Créée
O510666,2,2026-10-01 21:18:40,C100955,Labé,GN,Marketplace,P1016,Tapis de yoga,Sport,1,25.00,0,25.00,Créée
O510667,1,2026-10-01 14:47:38,C100831,Nancy,FR,Magasin,P1024,Stylo plume,Bureau,1,35.00,0,35.00,Créée
O510668,1,2026-10-01 16:19:54,C100578,Thionville,FR,Marketplace,P1005,Station d'accueil USB-C,Informatique,2,149.00,0,298.00,Expédiée
O510668,2,2026-10-01 16:19:54,C100578,Thionville,FR,Marketplace,P1018,Gourde isotherme,Sport,3,22.00,0,66.00,Expédiée
O510669,1,2026-10-01 15:31:40,C101237,Dakar,SN,Marketplace,P1014,Lampe de bureau LED,Maison,1,45.00,0,45.00,Expédiée
O510670,1,2026-10-01 21:25:03,C101245,Bruxelles,BE,Magasin,P1023,Bureau assis-debout,Bureau,1,449.00,0,449.00,Payée
O510670,2,2026-10-01 21:25:03,C101245,Bruxelles,BE,Magasin,P1009,Enceinte Bluetooth,Audio,1,79.00,0,79.00,Payée
O510671,1,2026-10-01 08:19:25,C100952,Trèves,DE,Web,P1010,Aspirateur robot,Maison,1,349.00,10,314.10,Payée
O510672,1,2026-10-01 22:54:22,C100786,Trèves,DE,Web,P1018,Gourde isotherme,Sport,1,22.00,0,22.00,Créée
O510672,2,2026-10-01 22:54:22,C100786,Trèves,DE,Web,P1024,Stylo plume,Bureau,1,35.00,10,31.50,Créée
O510672,3,2026-10-01 22:54:22,C100786,Trèves,DE,Web,P1017,Vélo d'appartement,Sport,4,399.00,0,1596.00,Créée
O510673,1,2026-10-01 12:24:28,C101265,Paris,FR,Magasin,P1004,Souris sans fil,Informatique,1,29.00,20,23.20,Créée
O510673,2,2026-10-01 12:24:28,C101265,Paris,FR,Magasin,P1018,Gourde isotherme,Sport,1,22.00,0,22.00,Créée
O510674,1,2026-10-01 12:38:44,C100138,Bruxelles,BE,Mobile,P1015,Montre connectée,Sport,1,229.00,0,229.00,Payée
O510675,1,2026-10-01 13:56:16,C100724,Liège,BE,Marketplace,P1023,Bureau assis-debout,Bureau,1,449.00,0,449.00,Payée
O510675,2,2026-10-01 13:56:16,C100724,Liège,BE,Marketplace,P1008,Écouteurs sans fil,Audio,1,129.00,5,122.55,Payée
O510676,1,2026-10-01 20:02:19,C101196,Thionville,FR,Marketplace,P1015,Montre connectée,Sport,1,229.00,0,229.00,Payée
O510676,2,2026-10-01 20:02:19,C101196,Thionville,FR,Marketplace,P1022,Chaise ergonomique,Bureau,1,299.00,0,299.00,Payée
O510677,1,2026-10-01 16:56:54,C101266,Esch-sur-Alzette,LU,Mobile,P1008,Écouteurs sans fil,Audio,1,129.00,20,103.20,Expédiée
O510678,1,2026-10-01 06:46:59,C100514,Bruxelles,BE,Web,P1002,Écran 27 pouces 4K,Informatique,1,389.00,0,389.00,Payée
O510679,1,2026-10-01 23:23:19,C101006,Liège,BE,Mobile,P1008,Écouteurs sans fil,Audio,1,129.00,0,129.00,Payée
O510679,2,2026-10-01 23:23:19,C101006,Liège,BE,Mobile,P1002,Écran 27 pouces 4K,Informatique,1,389.00,0,389.00,Payée
O510680,1,2026-10-01 17:19:46,C100626,Trèves,DE,Mobile,P1011,Machine à café à grains,Maison,2,499.00,10,898.20,Expédiée
O510680,2,2026-10-01 17:19:46,C100626,Trèves,DE,Mobile,P1002,Écran 27 pouces 4K,Informatique,1,389.00,0,389.00,Expédiée
O510681,1,2026-10-01 16:29:05,C101014,Lille,FR,Web,P1020,Baskets running,Mode,1,119.00,0,119.00,Expédiée
O510681,2,2026-10-01 16:29:05,C101014,Lille,FR,Web,P1005,Station d'accueil USB-C,Informatique,1,149.00,5,141.55,Expédiée
O510682,1,2026-10-01 07:23:05,C100138,Strasbourg,FR,Marketplace,P1019,Sac à dos urbain,Mode,1,65.00,5,61.75,Créée
O510682,2,2026-10-01 07:23:05,C100138,Strasbourg,FR,Marketplace,P1012,Bouilloire inox,Maison,1,39.00,0,39.00,Créée
O510683,1,2026-10-01 08:08:51,C100506,Conakry,GN,Magasin,P1011,Machine à café à grains,Maison,1,499.00,0,499.00,Créée
O510684,1,2026-10-01 11:11:45,C100668,Lyon,FR,Mobile,P1001,Ordinateur portable 14 pouces,Informatique,1,749.00,0,749.00,Expédiée
O510684,2,2026-10-01 11:11:45,C100668,Lyon,FR,Mobile,P1015,Montre connectée,Sport,1,229.00,0,229.00,Expédiée
O510685,1,2026-10-01 09:31:00,C100211,Conakry,GN,Mobile,P1020,Baskets running,Mode,1,119.00,0,119.00,Payée
O510686,1,2026-10-01 20:09:23,C101293,Lyon,FR,Marketplace,P1008,Écouteurs sans fil,Audio,3,129.00,5,367.65,Payée
O510686,2,2026-10-01 20:09:23,C101293,Lyon,FR,Marketplace,P1017,Vélo d'appartement,Sport,2,399.00,10,718.20,Payée
O510686,3,2026-10-01 20:09:23,C101293,Lyon,FR,Marketplace,P1020,Baskets running,Mode,1,119.00,0,119.00,Payée
O510687,1,2026-10-01 11:34:22,C100053,Bruxelles,BE,Marketplace,P1011,Machine à café à grains,Maison,1,499.00,0,499.00,Créée
O510688,1,2026-10-01 06:12:01,C101103,Labé,GN,Mobile,P1013,Friteuse sans huile,Maison,1,129.00,0,129.00,Expédiée
O510688,2,2026-10-01 06:12:01,C101103,Labé,GN,Mobile,P1011,Machine à café à grains,Maison,1,499.00,0,499.00,Expédiée
O510689,1,2026-10-01 16:03:56,C100826,Lille,FR,Web,P1007,Casque à réduction de bruit,Audio,1,279.00,5,265.05,Payée
O510689,2,2026-10-01 16:03:56,C100826,Lille,FR,Web,P1010,Aspirateur robot,Maison,2,349.00,0,698.00,Payée
O510690,1,2026-10-01 09:00:35,C100839,Strasbourg,FR,Mobile,P1014,Lampe de bureau LED,Maison,2,45.00,0,90.00,Payée
O510691,1,2026-10-01 16:01:43,C100412,Thionville,FR,Web,P1003,Clavier mécanique,Informatique,1,89.00,0,89.00,Expédiée
O510692,1,2026-10-01 19:42:15,C101011,Metz,FR,Web,P1020,Baskets running,Mode,1,119.00,0,119.00,Créée
O510693,1,2026-10-01 10:47:18,C101221,Genève,CH,Web,P1019,Sac à dos urbain,Mode,1,65.00,0,65.00,Payée
O510693,2,2026-10-01 10:47:18,C101221,Genève,CH,Web,P1012,Bouilloire inox,Maison,1,39.00,0,39.00,Payée
O510694,1,2026-10-01 12:32:43,C100102,Genève,CH,Web,P1018,Gourde isotherme,Sport,1,22.00,0,22.00,Expédiée
O510694,2,2026-10-01 12:32:43,C100102,Genève,CH,Web,P1006,Disque SSD externe 1 To,Informatique,3,109.00,0,327.00,Expédiée
O510694,3,2026-10-01 12:32:43,C100102,Genève,CH,Web,P1003,Clavier mécanique,Informatique,2,89.00,0,178.00,Expédiée
O510694,4,2026-10-01 12:32:43,C100102,Genève,CH,Web,P1020,Baskets running,Mode,1,119.00,0,119.00,Expédiée
O510695,1,2026-10-01 06:18:36,C100253,Labé,GN,Marketplace,P1021,Veste imperméable,Mode,2,139.00,0,278.00,Payée
O510696,1,2026-10-01 13:55:24,C100428,Lille,FR,Mobile,P1001,Ordinateur portable 14 pouces,Informatique,1,749.00,5,711.55,Payée
O510696,2,2026-10-01 13:55:24,C100428,Lille,FR,Mobile,P1002,Écran 27 pouces 4K,Informatique,1,389.00,0,389.00,Payée
O510696,3,2026-10-01 13:55:24,C100428,Lille,FR,Mobile,P1003,Clavier mécanique,Informatique,1,89.00,0,89.00,Payée
O510696,4,2026-10-01 13:55:24,C100428,Lille,FR,Mobile,P1017,Vélo d'appartement,Sport,2,399.00,0,798.00,Payée
O510697,1,2026-10-01 06:53:48,C100193,Genève,CH,Web,P1020,Baskets running,Mode,3,119.00,10,321.30,Payée
O510697,2,2026-10-01 06:53:48,C100193,Genève,CH,Web,P1007,Casque à réduction de bruit,Audio,1,279.00,15,237.15,Payée
O510697,3,2026-10-01 06:53:48,C100193,Genève,CH,Web,P1023,Bureau assis-debout,Bureau,2,449.00,0,898.00,Payée
O510697,4,2026-10-01 06:53:48,C100193,Genève,CH,Web,P1018,Gourde isotherme,Sport,1,22.00,0,22.00,Payée
O510698,1,2026-10-01 16:58:17,C101121,Metz,FR,Web,P1005,Station d'accueil USB-C,Informatique,1,149.00,0,149.00,Créée
O510699,1,2026-10-01 06:32:18,C100623,Lille,FR,Web,P1023,Bureau assis-debout,Bureau,1,449.00,0,449.00,Créée
O510699,2,2026-10-01 06:32:18,C100623,Lille,FR,Web,P1016,Tapis de yoga,Sport,1,25.00,5,23.75,Créée
O510700,1,2026-10-01 12:45:43,C100532,Paris,FR,Web,P1004,Souris sans fil,Informatique,-1,29.00,0,-29.00,Payée
O510700,2,2026-10-01 12:45:43,C100532,Paris,FR,Web,P1014,Lampe de bureau LED,Maison,1,45.00,0,45.00,Payée
O510701,1,2026-10-01 16:05:21,C100573,Metz,FR,Mobile,P1014,Lampe de bureau LED,Maison,1,45.00,0,45.00,Expédiée
O510701,2,2026-10-01 16:05:21,C100573,Metz,FR,Mobile,P1017,Vélo d'appartement,Sport,1,399.00,0,399.00,Expédiée
O510702,1,2026-10-01 14:56:00,C100613,Genève,CH,Web,P1003,Clavier mécanique,Informatique,1,89.00,10,80.10,Créée
O510703,1,2026-10-01 20:22:43,C101249,Liège,BE,Marketplace,P1013,Friteuse sans huile,Maison,2,129.00,0,258.00,Expédiée
O510703,2,2026-10-01 20:22:43,C101249,Liège,BE,Marketplace,P1023,Bureau assis-debout,Bureau,1,449.00,5,426.55,Expédiée
O510704,1,2026-10-01 16:23:01,C101020,Dakar,SN,Web,P1016,Tapis de yoga,Sport,1,25.00,0,25.00,Payée
O510705,1,2026-10-01 15:59:27,C100124,Trèves,DE,Mobile,P1016,Tapis de yoga,Sport,1,25.00,0,25.00,Créée
O510705,2,2026-10-01 15:59:27,C100124,Trèves,DE,Mobile,P1022,Chaise ergonomique,Bureau,1,299.00,20,239.20,Créée
O510705,3,2026-10-01 15:59:27,C100124,Trèves,DE,Mobile,P1017,Vélo d'appartement,Sport,1,399.00,10,359.10,Créée
O510706,1,2026-10-01 09:59:41,C100774,Nancy,FR,Mobile,P1002,Écran 27 pouces 4K,Informatique,1,389.00,0,389.00,Payée
O510706,2,2026-10-01 09:59:41,C100774,Nancy,FR,Mobile,P1011,Machine à café à grains,Maison,2,499.00,0,998.00,Payée
O510706,3,2026-10-01 09:59:41,C100774,Nancy,FR,Mobile,P1016,Tapis de yoga,Sport,4,25.00,15,85.00,Payée
O510706,4,2026-10-01 09:59:41,C100774,Nancy,FR,Mobile,P1005,Station d'accueil USB-C,Informatique,1,149.00,0,149.00,Payée
O510707,1,2026-10-01 17:50:29,C100378,Dakar,SN,Web,P1015,Montre connectée,Sport,1,229.00,0,229.00,Expédiée
O510708,1,2026-10-01 16:57:52,C101024,Liège,BE,Magasin,P1019,Sac à dos urbain,Mode,1,65.00,15,55.25,Créée
O510708,2,2026-10-01 16:57:52,C101024,Liège,BE,Magasin,P1024,Stylo plume,Bureau,1,35.00,0,35.00,Créée
O510709,1,2026-10-01 09:17:06,C100491,Paris,FR,Web,P1011,Machine à café à grains,Maison,3,499.00,0,1497.00,Créée
O510709,2,2026-10-01 09:17:06,C100491,Paris,FR,Web,P1003,Clavier mécanique,Informatique,1,89.00,0,89.00,Créée
O510709,3,2026-10-01 09:17:06,C100491,Paris,FR,Web,P1013,Friteuse sans huile,Maison,2,129.00,0,258.00,Créée
O510710,1,2026-10-01 20:37:36,C101239,Nancy,FR,Marketplace,P1007,Casque à réduction de bruit,Audio,2,279.00,0,558.00,Payée
O510711,1,2026-10-01 08:10:15,C100532,Luxembourg,LU,Magasin,P1017,Vélo d'appartement,Sport,1,399.00,0,399.00,Créée
O510712,1,2026-10-01 18:19:13,C100921,Esch-sur-Alzette,LU,Mobile,P1024,Stylo plume,Bureau,4,35.00,0,140.00,Payée
O510712,2,2026-10-01 18:19:13,C100921,Esch-sur-Alzette,LU,Mobile,P1006,Disque SSD externe 1 To,Informatique,2,109.00,5,207.10,Payée
O510713,1,2026-10-01 13:17:50,C100397,Dakar,SN,Mobile,P1012,Bouilloire inox,Maison,1,39.00,0,39.00,Payée
O510714,1,2026-10-01 20:47:44,C101008,Lille,FR,Mobile,P1008,Écouteurs sans fil,Audio,1,129.00,0,129.00,Payée
O510715,1,2026-10-01 17:27:01,C100779,Liège,BE,Mobile,P1006,Disque SSD externe 1 To,Informatique,2,109.00,0,218.00,Payée
O510715,2,2026-10-01 17:27:01,C100779,Liège,BE,Mobile,P1023,Bureau assis-debout,Bureau,1,449.00,0,449.00,Payée
O510716,1,2026-10-01 11:28:25,C100653,Nancy,FR,Marketplace,P1012,Bouilloire inox,Maison,1,39.00,0,39.00,Payée
O510716,2,2026-10-01 11:28:25,C100653,Nancy,FR,Marketplace,P1010,Aspirateur robot,Maison,1,349.00,0,349.00,Payée
O510717,1,2026-10-01 15:30:22,C100191,Strasbourg,FR,Mobile,P1023,Bureau assis-debout,Bureau,1,449.00,5,426.55,Payée
O510718,1,2026-10-01 12:17:27,C101279,Paris,FR,Web,P1002,Écran 27 pouces 4K,Informatique,2,389.00,0,778.00,Créée
O510719,1,2026-10-01 09:40:16,C100848,Strasbourg,FR,Web,P1024,Stylo plume,Bureau,1,35.00,10,31.50,Payée
O510719,2,2026-10-01 09:40:16,C100848,Strasbourg,FR,Web,P1005,Station d'accueil USB-C,Informatique,2,149.00,0,298.00,Payée
O510719,3,2026-10-01 09:40:16,C100848,Strasbourg,FR,Web,P1008,Écouteurs sans fil,Audio,1,129.00,0,129.00,Payée
O510719,4,2026-10-01 09:40:16,C100848,Strasbourg,FR,Web,P1003,Clavier mécanique,Informatique,1,89.00,0,89.00,Payée
O510720,1,2026-10-01 20:00:26,C101031,Nancy,FR,Web,P1013,Friteuse sans huile,Maison,3,129.00,0,387.00,Créée
O510721,1,2026-10-01 23:17:33,C100621,Nancy,FR,Web,P1022,Chaise ergonomique,Bureau,1,299.00,15,254.15,Payée
O510721,2,2026-10-01 23:17:33,C100621,Nancy,FR,Web,P1009,Enceinte Bluetooth,Audio,1,79.00,0,79.00,Payée
O510722,1,2026-10-01 16:18:41,C100674,Thionville,FR,Web,P1012,Bouilloire inox,Maison,1,39.00,5,37.05,Payée
O510723,1,2026-10-01 18:15:46,C101112,Lille,FR,Marketplace,P1007,Casque à réduction de bruit,Audio,2,279.00,0,558.00,Payée
O510723,2,2026-10-01 18:15:46,C101112,Lille,FR,Marketplace,P1002,Écran 27 pouces 4K,Informatique,2,389.00,0,778.00,Payée
O510723,3,2026-10-01 18:15:46,C101112,Lille,FR,Marketplace,P1023,Bureau assis-debout,Bureau,1,449.00,5,426.55,Payée
O510724,1,2026-10-01 08:54:18,C100841,Sarrebruck,DE,Mobile,P1024,Stylo plume,Bureau,1,35.00,15,29.75,Expédiée
O510724,2,2026-10-01 08:54:18,C100841,Sarrebruck,DE,Mobile,P1007,Casque à réduction de bruit,Audio,2,279.00,10,502.20,Expédiée
O510724,3,2026-10-01 08:54:18,C100841,Sarrebruck,DE,Mobile,P1017,Vélo d'appartement,Sport,1,399.00,0,399.00,Expédiée
O510724,4,2026-10-01 08:54:18,C100841,Sarrebruck,DE,Mobile,P1013,Friteuse sans huile,Maison,2,129.00,0,258.00,Expédiée
O510725,1,2026-10-01 06:07:45,C100471,Labé,GN,Marketplace,P1006,Disque SSD externe 1 To,Informatique,2,109.00,0,218.00,Expédiée
O510726,1,2026-10-01 07:54:45,C100589,Sarrebruck,DE,Web,P1012,Bouilloire inox,Maison,3,39.00,10,105.30,Payée
O510726,2,2026-10-01 07:54:45,C100589,Sarrebruck,DE,Web,P1023,Bureau assis-debout,Bureau,2,449.00,0,898.00,Payée
O510727,1,2026-10-01 06:29:59,C100874,Genève,CH,Web,P1013,Friteuse sans huile,Maison,2,129.00,5,245.10,Payée
O510728,1,2026-10-01 18:31:01,C100775,Metz,FR,Marketplace,P1011,Machine à café à grains,Maison,1,0.00,5,0.00,Payée
O510729,1,2026-10-01 09:37:15,C100652,Strasbourg,FR,Marketplace,P1006,Disque SSD externe 1 To,Informatique,2,109.00,10,196.20,Payée
O510729,2,2026-10-01 09:37:15,C100652,Strasbourg,FR,Marketplace,P1004,Souris sans fil,Informatique,1,29.00,0,29.00,Payée
O510730,1,2026-10-01 18:33:09,C101234,Trèves,DE,Web,P1017,Vélo d'appartement,Sport,1,399.00,0,399.00,Payée
O510731,1,2026-10-01 07:55:02,C100755,Liège,BE,Marketplace,P1004,Souris sans fil,Informatique,2,29.00,0,58.00,Payée
O510732,1,2026-10-01 17:00:41,C100159,Conakry,GN,Web,P1011,Machine à café à grains,Maison,2,499.00,20,798.40,Payée
O510732,2,2026-10-01 17:00:41,C100159,Conakry,GN,Web,P1003,Clavier mécanique,Informatique,1,89.00,5,84.55,Payée
O510732,3,2026-10-01 17:00:41,C100159,Conakry,GN,Web,P1009,Enceinte Bluetooth,Audio,1,79.00,0,79.00,Payée
O510732,4,2026-10-01 17:00:41,C100159,Conakry,GN,Web,P1002,Écran 27 pouces 4K,Informatique,1,389.00,10,350.10,Payée
O510733,1,2026-10-01 06:32:38,C100377,Esch-sur-Alzette,LU,Magasin,P1022,Chaise ergonomique,Bureau,1,299.00,0,299.00,Expédiée
O510733,2,2026-10-01 06:32:38,C100377,Esch-sur-Alzette,LU,Magasin,P1023,Bureau assis-debout,Bureau,1,449.00,0,449.00,Expédiée
O510733,3,2026-10-01 06:32:38,C100377,Esch-sur-Alzette,LU,Magasin,P1002,Écran 27 pouces 4K,Informatique,1,389.00,0,389.00,Expédiée
O510734,1,2026-10-01 06:25:33,C100713,Strasbourg,FR,Magasin,P1017,Vélo d'appartement,Sport,2,399.00,20,638.40,Payée
O510734,2,2026-10-01 06:25:33,C100713,Strasbourg,FR,Magasin,P1012,Bouilloire inox,Maison,1,39.00,5,37.05,Payée
O510735,1,2026-10-01 17:15:00,C100867,Luxembourg,LU,Web,P1013,Friteuse sans huile,Maison,1,129.00,5,122.55,Payée
O510736,1,2026-10-01 06:16:13,C101069,Bruxelles,BE,Mobile,P1003,Clavier mécanique,Informatique,2,89.00,0,178.00,Payée
O510736,2,2026-10-01 06:16:13,C101069,Bruxelles,BE,Mobile,P1009,Enceinte Bluetooth,Audio,3,79.00,0,237.00,Payée
O510737,1,2026-10-01 08:53:47,C100215,Thionville,FR,Mobile,P1014,Lampe de bureau LED,Maison,2,45.00,0,90.00,Payée
O510737,2,2026-10-01 08:53:47,C100215,Thionville,FR,Mobile,P1024,Stylo plume,Bureau,1,35.00,0,35.00,Payée
O510737,3,2026-10-01 08:53:47,C100215,Thionville,FR,Mobile,P1009,Enceinte Bluetooth,Audio,1,79.00,10,71.10,Payée
O510738,1,2026-10-01 22:50:18,C100689,Conakry,GN,Mobile,P1019,Sac à dos urbain,Mode,1,65.00,5,61.75,Payée
O510739,1,2026-10-01 19:07:15,C100076,Thionville,FR,Mobile,P1018,Gourde isotherme,Sport,1,22.00,0,22.00,Expédiée
O510740,1,2026-10-01 22:20:53,C101269,Labé,GN,Web,P1011,Machine à café à grains,Maison,1,499.00,0,499.00,Expédiée
O510740,2,2026-10-01 22:20:53,C101269,Labé,GN,Web,P1015,Montre connectée,Sport,1,229.00,0,229.00,Expédiée
O510741,1,2026-10-01 14:19:41,C100872,Esch-sur-Alzette,LU,Web,P1012,Bouilloire inox,Maison,1,39.00,10,35.10,Payée
O510741,2,2026-10-01 14:19:41,C100872,Esch-sur-Alzette,LU,Web,P1004,Souris sans fil,Informatique,4,29.00,0,116.00,Payée
O510741,3,2026-10-01 14:19:41,C100872,Esch-sur-Alzette,LU,Web,P1009,Enceinte Bluetooth,Audio,1,79.00,0,79.00,Payée
O510741,4,2026-10-01 14:19:41,C100872,Esch-sur-Alzette,LU,Web,P1006,Disque SSD externe 1 To,Informatique,2,109.00,0,218.00,Payée
O510742,1,2026-10-01 14:03:41,C100751,Lille,FR,Web,P1022,Chaise ergonomique,Bureau,1,299.00,15,254.15,Payée
O510743,1,2026-10-01 15:16:40,C100649,Liège,BE,Web,P1017,Vélo d'appartement,Sport,1,399.00,0,399.00,Payée
O510744,1,2026-10-01 11:50:28,C100475,Lyon,FR,Mobile,P1010,Aspirateur robot,Maison,1,349.00,20,279.20,Expédiée
O510745,1,2026-10-01 17:37:18,C100377,Nancy,FR,Web,P1015,Montre connectée,Sport,1,229.00,0,229.00,Payée
O510746,1,2026-10-01 17:42:43,C100893,Lyon,FR,Mobile,P1017,Vélo d'appartement,Sport,1,399.00,5,379.05,Payée
O510746,2,2026-10-01 17:42:43,C100893,Lyon,FR,Mobile,P1001,Ordinateur portable 14 pouces,Informatique,3,749.00,0,2247.00,Payée
O510747,1,2026-10-01 15:30:07,C100831,Paris,FR,Web,P1004,Souris sans fil,Informatique,1,29.00,15,24.65,Payée
O510748,1,2026-10-01 07:06:32,C100515,Esch-sur-Alzette,LU,Mobile,P1009,Enceinte Bluetooth,Audio,2,79.00,0,158.00,Créée
O510748,2,2026-10-01 07:06:32,C100515,Esch-sur-Alzette,LU,Mobile,P1017,Vélo d'appartement,Sport,1,399.00,20,319.20,Créée
O510748,3,2026-10-01 07:06:32,C100515,Esch-sur-Alzette,LU,Mobile,P1015,Montre connectée,Sport,2,229.00,0,458.00,Créée
O510749,1,2026-10-01 20:20:39,C100704,Thionville,FR,Web,P1001,Ordinateur portable 14 pouces,Informatique,1,749.00,10,674.10,Payée
O510749,2,2026-10-01 20:20:39,C100704,Thionville,FR,Web,P1008,Écouteurs sans fil,Audio,1,129.00,0,129.00,Payée
O510750,1,2026-10-01 13:16:39,C100965,Dakar,SN,Marketplace,P1017,Vélo d'appartement,Sport,1,399.00,0,399.00,Créée
O510750,2,2026-10-01 13:16:39,C100965,Dakar,SN,Marketplace,P1022,Chaise ergonomique,Bureau,1,299.00,0,299.00,Créée
O510751,1,2026-10-01 23:52:32,C100466,Dakar,SN,Mobile,P1012,Bouilloire inox,Maison,2,39.00,10,70.20,Expédiée
O510751,2,2026-10-01 23:52:32,C100466,Dakar,SN,Mobile,P1005,Station d'accueil USB-C,Informatique,3,149.00,0,447.00,Expédiée
O510751,3,2026-10-01 23:52:32,C100466,Dakar,SN,Mobile,P1013,Friteuse sans huile,Maison,1,129.00,0,129.00,Expédiée
O510752,1,2026-10-01 20:23:08,C100075,Lyon,FR,Magasin,P1018,Gourde isotherme,Sport,1,22.00,10,19.80,Payée
O510753,1,2026-10-01 18:52:29,C100811,Sarrebruck,DE,Marketplace,P1015,Montre connectée,Sport,1,229.00,0,229.00,Payée
O510753,2,2026-10-01 18:52:29,C100811,Sarrebruck,DE,Marketplace,P1019,Sac à dos urbain,Mode,1,65.00,0,65.00,Payée
O510754,1,2026-10-01 18:35:12,C100570,Dakar,SN,Mobile,P1021,Veste imperméable,Mode,3,139.00,0,417.00,Créée
O510755,1,2026-10-01 11:00:04,C100711,Lille,FR,Mobile,P1017,Vélo d'appartement,Sport,1,399.00,0,399.00,Payée
O510756,1,2026-10-01 15:59:01,C100359,Metz,FR,Mobile,P1012,Bouilloire inox,Maison,1,39.00,20,31.20,Expédiée
O510757,1,2026-10-01 23:01:51,C100861,Labé,GN,Web,P1011,Machine à café à grains,Maison,1,499.00,0,499.00,Créée
O510757,2,2026-10-01 23:01:51,C100861,Labé,GN,Web,P1003,Clavier mécanique,Informatique,2,89.00,5,169.10,Créée
O510758,1,2026-10-01 12:37:40,C101073,Luxembourg,LU,Web,P1009,Enceinte Bluetooth,Audio,1,79.00,5,75.05,Payée
O510758,2,2026-10-01 12:37:40,C101073,Luxembourg,LU,Web,P1023,Bureau assis-debout,Bureau,1,449.00,5,426.55,Payée
O510759,1,2026-10-01 20:58:40,C100061,Conakry,GN,Web,P1003,Clavier mécanique,Informatique,2,89.00,0,178.00,Expédiée
O510760,1,2026-10-01 09:31:59,C100235,Thionville,FR,Web,P1019,Sac à dos urbain,Mode,1,65.00,0,65.00,Payée
O510760,2,2026-10-01 09:31:59,C100235,Thionville,FR,Web,P1002,Écran 27 pouces 4K,Informatique,2,389.00,0,778.00,Payée
O510761,1,2026-10-01 20:50:26,C100319,Nancy,FR,Mobile,P1019,Sac à dos urbain,Mode,1,65.00,0,65.00,Payée
O510762,1,2026-10-01 16:56:03,C100015,Conakry,GN,Mobile,P1023,Bureau assis-debout,Bureau,1,449.00,0,449.00,Expédiée
O510763,1,2026-10-01 20:49:31,C100407,Genève,CH,Mobile,P1007,Casque à réduction de bruit,Audio,1,279.00,10,251.10,Expédiée
O510763,2,2026-10-01 20:49:31,C100407,Genève,CH,Mobile,P1018,Gourde isotherme,Sport,2,22.00,10,39.60,Expédiée
O510763,3,2026-10-01 20:49:31,C100407,Genève,CH,Mobile,P1009,Enceinte Bluetooth,Audio,2,79.00,0,158.00,Expédiée
O510764,1,2026-10-01 19:43:37,C100517,Paris,FR,Web,P1021,Veste imperméable,Mode,1,139.00,0,139.00,Payée
O510765,1,2026-10-01 21:33:51,C101166,Lyon,FR,Web,P1024,Stylo plume,Bureau,1,35.00,0,35.00,Créée
O510765,2,2026-10-01 21:33:51,C101166,Lyon,FR,Web,P1010,Aspirateur robot,Maison,1,349.00,0,349.00,Créée
O510765,3,2026-10-01 21:33:51,C101166,Lyon,FR,Web,P1017,Vélo d'appartement,Sport,1,399.00,0,399.00,Créée
O510766,1,2026-10-01 22:17:27,C100460,Conakry,GN,Web,P1017,Vélo d'appartement,Sport,2,399.00,0,798.00,Expédiée
O510767,1,2026-10-01 07:07:44,C101184,Conakry,GN,Web,P1005,Station d'accueil USB-C,Informatique,1,149.00,10,134.10,Payée
O510767,2,2026-10-01 07:07:44,C101184,Conakry,GN,Web,P1003,Clavier mécanique,Informatique,1,89.00,0,89.00,Payée
O510767,3,2026-10-01 07:07:44,C101184,Conakry,GN,Web,P1012,Bouilloire inox,Maison,1,39.00,5,37.05,Payée
O510768,1,2026-10-01 14:53:28,C101131,Bruxelles,BE,Mobile,P1009,Enceinte Bluetooth,Audio,1,79.00,0,79.00,Payée
O510769,1,2026-10-01 09:39:12,C100599,Lyon,FR,Magasin,P1024,Stylo plume,Bureau,2,35.00,0,70.00,Payée
O510769,2,2026-10-01 09:39:12,C100599,Lyon,FR,Magasin,P1001,Ordinateur portable 14 pouces,Informatique,1,749.00,0,749.00,Payée
O510770,1,2026-10-01 06:22:44,C100216,Genève,CH,Mobile,P1014,Lampe de bureau LED,Maison,1,45.00,0,45.00,Créée
O510770,2,2026-10-01 06:22:44,C100216,Genève,CH,Mobile,P1003,Clavier mécanique,Informatique,1,89.00,0,89.00,Créée
O510771,1,2026-10-01 15:46:59,C100083,Thionville,FR,Web,P1023,Bureau assis-debout,Bureau,1,449.00,0,449.00,Créée
O510771,2,2026-10-01 15:46:59,C100083,Thionville,FR,Web,P1020,Baskets running,Mode,1,119.00,0,119.00,Créée
O510772,1,2026-10-01 10:33:59,C100840,Esch-sur-Alzette,LU,Mobile,P1009,Enceinte Bluetooth,Audio,1,79.00,0,79.00,Payée
O510772,2,2026-10-01 10:33:59,C100840,Esch-sur-Alzette,LU,Mobile,P1008,Écouteurs sans fil,Audio,2,129.00,0,258.00,Payée
O510773,1,2026-10-01 16:11:34,C101021,Lyon,FR,Web,P1006,Disque SSD externe 1 To,Informatique,1,109.00,0,109.00,Expédiée
O510773,2,2026-10-01 16:11:34,C101021,Lyon,FR,Web,P1007,Casque à réduction de bruit,Audio,1,279.00,10,251.10,Expédiée
O510773,3,2026-10-01 16:11:34,C101021,Lyon,FR,Web,P1017,Vélo d'appartement,Sport,1,399.00,0,399.00,Expédiée
O510774,1,2026-10-01 09:25:55,C101262,Nancy,FR,Marketplace,P1021,Veste imperméable,Mode,3,139.00,0,417.00,Créée
O510774,2,2026-10-01 09:25:55,C101262,Nancy,FR,Marketplace,P1011,Machine à café à grains,Maison,1,499.00,0,499.00,Créée
O510774,3,2026-10-01 09:25:55,C101262,Nancy,FR,Marketplace,P1019,Sac à dos urbain,Mode,3,65.00,0,195.00,Créée
O510774,4,2026-10-01 09:25:55,C101262,Nancy,FR,Marketplace,P1008,Écouteurs sans fil,Audio,1,129.00,0,129.00,Créée
O510775,1,2026-10-01 12:03:07,C100162,Luxembourg,LU,Web,P1014,Lampe de bureau LED,Maison,2,45.00,0,90.00,Expédiée
O510776,1,2026-10-01 13:40:24,C100461,Labé,GN,Magasin,P1016,Tapis de yoga,Sport,1,25.00,0,25.00,Expédiée
O510777,1,2026-10-01 18:47:33,C101044,Nancy,FR,Marketplace,P1011,Machine à café à grains,Maison,2,499.00,5,948.10,Créée
O510777,2,2026-10-01 18:47:33,C101044,Nancy,FR,Marketplace,P1012,Bouilloire inox,Maison,1,39.00,0,39.00,Créée
O510778,1,2026-10-01 07:25:31,C100853,Lille,FR,Mobile,P1009,Enceinte Bluetooth,Audio,1,79.00,0,79.00,Payée
O510779,1,2026-10-01 12:25:05,C100921,Nancy,FR,Web,P1009,Enceinte Bluetooth,Audio,1,79.00,0,79.00,Payée
O510779,2,2026-10-01 12:25:05,C100921,Nancy,FR,Web,P1024,Stylo plume,Bureau,1,35.00,0,35.00,Payée
O510780,1,2026-10-01 09:31:39,C101272,Conakry,GN,Web,P1019,Sac à dos urbain,Mode,1,65.00,0,65.00,Payée
O510781,1,2026-10-01 19:43:30,C100571,Paris,FR,Marketplace,P1009,Enceinte Bluetooth,Audio,1,79.00,15,67.15,Créée
O510782,1,2026-10-01 06:57:14,C100639,Lyon,FR,Web,P1015,Montre connectée,Sport,1,229.00,0,229.00,Payée
O510782,2,2026-10-01 06:57:14,C100639,Lyon,FR,Web,P1008,Écouteurs sans fil,Audio,1,129.00,0,129.00,Payée
O510782,3,2026-10-01 06:57:14,C100639,Lyon,FR,Web,P1002,Écran 27 pouces 4K,Informatique,1,389.00,0,389.00,Payée
O510783,1,2026-10-01 09:12:24,C100146,Paris,FR,Mobile,P1020,Baskets running,Mode,3,119.00,0,357.00,Créée
O510783,2,2026-10-01 09:12:24,C100146,Paris,FR,Mobile,P1018,Gourde isotherme,Sport,2,22.00,0,44.00,Créée
O510783,3,2026-10-01 09:12:24,C100146,Paris,FR,Mobile,P1006,Disque SSD externe 1 To,Informatique,1,109.00,0,109.00,Créée
O510783,4,2026-10-01 09:12:24,C100146,Paris,FR,Mobile,P1012,Bouilloire inox,Maison,1,39.00,15,33.15,Créée
O510784,1,2026-10-01 06:27:47,C101300,Labé,GN,Web,P1020,Baskets running,Mode,2,119.00,0,238.00,Expédiée
O510785,1,2026-10-01 16:13:24,C101200,Strasbourg,FR,Mobile,P1001,Ordinateur portable 14 pouces,Informatique,3,749.00,0,2247.00,Payée
O510785,2,2026-10-01 16:13:24,C101200,Strasbourg,FR,Mobile,P1013,Friteuse sans huile,Maison,2,129.00,0,258.00,Payée
O510785,3,2026-10-01 16:13:24,C101200,Strasbourg,FR,Mobile,P1018,Gourde isotherme,Sport,1,22.00,0,22.00,Payée
O510785,4,2026-10-01 16:13:24,C101200,Strasbourg,FR,Mobile,P1011,Machine à café à grains,Maison,3,499.00,0,1497.00,Payée
O510786,1,2026-10-01 19:25:55,C100111,Bruxelles,BE,Web,P1007,Casque à réduction de bruit,Audio,1,279.00,0,279.00,Expédiée
O510787,1,2026-10-01 18:25:43,C100660,Genève,CH,Mobile,P1009,Enceinte Bluetooth,Audio,1,79.00,0,79.00,Payée
O510787,2,2026-10-01 18:25:43,C100660,Genève,CH,Mobile,P1018,Gourde isotherme,Sport,1,22.00,10,19.80,Payée
O510788,1,2026-10-01 19:20:50,C100391,Thionville,FR,Mobile,P1007,Casque à réduction de bruit,Audio,1,279.00,20,223.20,Payée
O510788,2,2026-10-01 19:20:50,C100391,Thionville,FR,Mobile,P1020,Baskets running,Mode,2,119.00,5,226.10,Payée
O510789,1,2026-10-01 20:42:13,C100752,Conakry,GN,Mobile,P1014,Lampe de bureau LED,Maison,1,45.00,0,45.00,Expédiée
O510790,1,2026-10-01 22:51:39,C100615,Luxembourg,LU,Web,P1006,Disque SSD externe 1 To,Informatique,1,109.00,0,109.00,Payée
O510790,2,2026-10-01 22:51:39,C100615,Luxembourg,LU,Web,P1003,Clavier mécanique,Informatique,1,89.00,0,89.00,Payée
O510790,3,2026-10-01 22:51:39,C100615,Luxembourg,LU,Web,P1013,Friteuse sans huile,Maison,2,129.00,5,245.10,Payée
O510790,4,2026-10-01 22:51:39,C100615,Luxembourg,LU,Web,P1015,Montre connectée,Sport,2,229.00,10,412.20,Payée
O510791,1,2026-10-01 22:37:04,C100036,Luxembourg,LU,Mobile,P1007,Casque à réduction de bruit,Audio,1,279.00,5,265.05,Expédiée
O510792,1,2026-10-01 06:48:33,C100143,Labé,GN,Web,P1003,Clavier mécanique,Informatique,1,89.00,5,84.55,Créée
O510793,1,2026-10-01 09:26:17,C101243,Liège,BE,Web,P1008,Écouteurs sans fil,Audio,1,129.00,0,129.00,Payée
O510794,1,2026-10-01 16:39:33,C101120,Thionville,FR,Magasin,P1001,Ordinateur portable 14 pouces,Informatique,1,749.00,0,749.00,Créée
O510794,2,2026-10-01 16:39:33,C101120,Thionville,FR,Magasin,P1017,Vélo d'appartement,Sport,2,399.00,20,638.40,Créée
O510795,1,2026-10-01 11:08:26,C101153,Liège,BE,Web,P1020,Baskets running,Mode,1,119.00,0,119.00,Payée
O510796,1,2026-10-01 23:00:43,C100212,Labé,GN,Web,P1018,Gourde isotherme,Sport,1,22.00,0,22.00,Payée
O510796,2,2026-10-01 23:00:43,C100212,Labé,GN,Web,P1023,Bureau assis-debout,Bureau,1,449.00,0,449.00,Payée
O510796,3,2026-10-01 23:00:43,C100212,Labé,GN,Web,P1001,Ordinateur portable 14 pouces,Informatique,1,749.00,0,749.00,Payée
O510796,4,2026-10-01 23:00:43,C100212,Labé,GN,Web,P1002,Écran 27 pouces 4K,Informatique,1,389.00,0,389.00,Payée
O510797,1,2026-10-01 23:13:03,C101072,Lille,FR,Web,P1019,Sac à dos urbain,Mode,1,65.00,0,65.00,Payée
O510798,1,2026-10-01 21:55:47,C100302,Metz,FR,Mobile,P1006,Disque SSD externe 1 To,Informatique,1,109.00,0,109.00,Expédiée
O510799,1,2026-10-01 14:01:04,C100036,Paris,FR,Web,P1007,Casque à réduction de bruit,Audio,2,279.00,0,558.00,Payée
O510799,2,2026-10-01 14:01:04,C100036,Paris,FR,Web,P1024,Stylo plume,Bureau,1,35.00,20,28.00,Payée
O510799,3,2026-10-01 14:01:04,C100036,Paris,FR,Web,P1016,Tapis de yoga,Sport,2,25.00,0,50.00,Payée
O510800,1,2026-10-01 20:59:30,C100961,Liège,BE,Marketplace,P1006,Disque SSD externe 1 To,Informatique,4,109.00,0,436.00,Expédiée
O510801,1,2026-10-01 19:12:44,C100236,Genève,CH,Mobile,P1013,Friteuse sans huile,Maison,1,129.00,5,122.55,Payée
O510801,2,2026-10-01 19:12:44,C100236,Genève,CH,Mobile,P1014,Lampe de bureau LED,Maison,1,45.00,10,40.50,Payée
O510802,1,2026-10-01 06:57:02,C100188,Nancy,FR,Marketplace,P1013,Friteuse sans huile,Maison,1,129.00,20,103.20,Payée
O510802,2,2026-10-01 06:57:02,C100188,Nancy,FR,Marketplace,P1004,Souris sans fil,Informatique,1,29.00,0,29.00,Payée
O510802,3,2026-10-01 06:57:02,C100188,Nancy,FR,Marketplace,P1016,Tapis de yoga,Sport,1,25.00,0,25.00,Payée
O510803,1,2026-10-01 12:43:52,C100212,Strasbourg,FR,Marketplace,P1009,Enceinte Bluetooth,Audio,1,79.00,0,79.00,Payée
O510804,1,2026-10-01 10:32:35,C101298,Conakry,GN,Web,P1011,Machine à café à grains,Maison,2,499.00,10,898.20,Payée
O510805,1,2026-10-01 09:52:07,C100309,Lyon,FR,Web,P1016,Tapis de yoga,Sport,1,25.00,15,21.25,Expédiée
O510805,2,2026-10-01 09:52:07,C100309,Lyon,FR,Web,P1008,Écouteurs sans fil,Audio,2,129.00,0,258.00,Expédiée
O510806,1,2026-10-01 18:07:09,C101005,Liège,BE,Web,P1021,Veste imperméable,Mode,1,139.00,5,132.05,Payée
O510807,1,2026-10-01 09:58:13,C100752,Bruxelles,BE,Mobile,P1014,Lampe de bureau LED,Maison,2,45.00,5,85.50,Expédiée
O510808,1,2026-10-01 10:20:26,C101165,Trèves,DE,Mobile,P1015,Montre connectée,Sport,1,229.00,0,229.00,Payée
O510808,2,2026-10-01 10:20:26,C101165,Trèves,DE,Mobile,P1005,Station d'accueil USB-C,Informatique,1,149.00,0,149.00,Payée
O510809,1,2026-10-01 15:02:20,C101264,Luxembourg,LU,Mobile,P1015,Montre connectée,Sport,2,229.00,10,412.20,Payée
O510809,2,2026-10-01 15:02:20,C101264,Luxembourg,LU,Mobile,P1007,Casque à réduction de bruit,Audio,2,279.00,0,558.00,Payée
O510810,1,2026-10-01 06:46:14,C101118,Trèves,DE,Mobile,P1023,Bureau assis-debout,Bureau,4,449.00,0,1796.00,Créée
O510811,1,2026-10-01 22:58:11,C101051,Dakar,SN,Marketplace,P1004,Souris sans fil,Informatique,1,29.00,0,29.00,Payée
O510812,1,2026-10-01 20:07:52,C100187,Strasbourg,FR,Web,P1022,Chaise ergonomique,Bureau,1,299.00,5,284.05,Payée
O510813,1,2026-10-01 23:45:35,C100125,Liège,BE,Magasin,P1020,Baskets running,Mode,4,119.00,20,380.80,Payée
O510814,1,2026-10-01 15:39:40,C100499,Luxembourg,LU,Mobile,P1021,Veste imperméable,Mode,1,139.00,0,139.00,Créée
O510814,2,2026-10-01 15:39:40,C100499,Luxembourg,LU,Mobile,P1014,Lampe de bureau LED,Maison,1,45.00,0,45.00,Créée
O510815,1,2026-10-01 22:57:18,C100445,Luxembourg,LU,Marketplace,P1006,Disque SSD externe 1 To,Informatique,2,109.00,0,218.00,Payée
O510816,1,2026-10-01 23:05:10,C100586,Luxembourg,LU,Magasin,P1012,Bouilloire inox,Maison,3,39.00,5,111.15,Expédiée
O510816,2,2026-10-01 23:05:10,C100586,Luxembourg,LU,Magasin,P1024,Stylo plume,Bureau,3,35.00,0,105.00,Expédiée
O510816,3,2026-10-01 23:05:10,C100586,Luxembourg,LU,Magasin,P1018,Gourde isotherme,Sport,1,22.00,15,18.70,Expédiée
O510817,1,2026-10-01 08:28:27,C100865,Labé,GN,Marketplace,P1018,Gourde isotherme,Sport,1,22.00,5,20.90,Payée
O510817,2,2026-10-01 08:28:27,C100865,Labé,GN,Marketplace,P1004,Souris sans fil,Informatique,3,29.00,0,87.00,Payée
O510817,3,2026-10-01 08:28:27,C100865,Labé,GN,Marketplace,P1016,Tapis de yoga,Sport,1,25.00,0,25.00,Payée
O510818,1,2026-10-01 15:18:35,C100636,Thionville,FR,Web,P1005,Station d'accueil USB-C,Informatique,2,149.00,20,238.40,Payée
O510819,1,2026-10-01 14:51:54,C100458,Trèves,DE,Web,P1017,Vélo d'appartement,Sport,1,399.00,0,399.00,Payée
O510820,1,2026-10-01 13:19:46,C100887,Metz,FR,Web,P1014,Lampe de bureau LED,Maison,1,45.00,0,45.00,Payée
O510820,2,2026-10-01 13:19:46,C100887,Metz,FR,Web,P1007,Casque à réduction de bruit,Audio,2,279.00,10,502.20,Payée
